date,open,high,low,close,volume
1999-01-22,0.04001787680135656,0.04466269383562192,0.03549197136299086,0.03751710429787636,2714688000
1999-01-25,0.04049440482048307,0.041923155768497075,0.03751707820137898,0.04144751653075218,510480000
1999-01-26,0.0419231733303897,0.04275737387692488,0.037636002073033845,0.03823146969079971,343200000
1999-01-27,0.03835036689921316,0.03930347873668211,0.036206326981164064,0.03811254724860191,244368000
1999-01-28,0.03811254055358996,0.03835036016242479,0.03775489622673646,0.03799271583557129,227520000
1999-01-29,0.03799274247220465,0.03811256727423224,0.03620634600520134,0.03620634600520134,244032000
1999-02-01,0.03620633150031984,0.03715944004925263,0.03620633150031984,0.03692162036895752,154704000
1999-02-02,0.03620633971767667,0.037159448482926134,0.03299118851210268,0.03406320884823799,264096000
1999-02-03,0.03358664609872982,0.03525413018464597,0.03334790981820771,0.034777574241161346,75120000
1999-02-04,0.035254134086927486,0.03763599745043953,0.03477757809069286,0.036682888865470886,181920000
1999-02-05,0.03727835221787573,0.03811255264439106,0.0363261568631116,0.037754908204078674,136848000
1999-02-08,0.03799274092667124,0.03811256572382438,0.03644507750868797,0.03644507750868797,154080000
1999-02-09,0.03715944072368001,0.03739726381579197,0.03453884451223954,0.035015400499105453,86976000
1999-02-10,0.035015405431624465,0.03596851413211743,0.034063206533901644,0.03465867415070534,148224000
1999-02-11,0.03477758105930119,0.03906475215604285,0.03477758105930119,0.03763600066304207,132240000
1999-02-12,0.03811255887533466,0.04001786651399949,0.03811255887533466,0.03978004679083824,109728000
1999-02-16,0.04049442542106324,0.0421619134536344,0.03596851742092093,0.04001786932349205,211008000
1999-02-17,0.039064758910311206,0.03954131502962077,0.03715945105097072,0.037873826920986176,67728000
1999-02-18,0.03906475269432469,0.03954130873780462,0.037397268258521826,0.03846928849816322,70704000
1999-02-19,0.03811255887533466,0.0404944225781136,0.03763600281122055,0.03978004679083824,75360000
1999-02-22,0.04049442542106324,0.040970981518634424,0.037873825193349704,0.04001786932349205,205248000
1999-02-23,0.0409709518081066,0.04275734671143237,0.03858908966533968,0.041923146694898605,138096000
1999-02-24,0.04811655735958333,0.05002277771764861,0.044186118318799074,0.045258138328790665,612768000
1999-02-25,0.04716436863520004,0.048593123550684965,0.043114103995332144,0.04382939636707306,149136000
1999-02-26,0.04430595366357834,0.04573470521201974,0.04144753394892066,0.04180426523089409,172608000
1999-03-01,0.04287628024437918,0.04382939223841961,0.040017860879920444,0.042042993009090424,92160000
1999-03-02,0.04192316619198891,0.04216190248760879,0.040970970862362066,0.04168534651398659,55248000
1999-03-03,0.04192316244260291,0.04192316244260291,0.038589104160663176,0.038826923817396164,61392000
1999-03-04,0.040732222720177,0.0409709589463628,0.03763598471856932,0.03799271583557129,57360000
1999-03-05,0.038350380997247906,0.04025568875508654,0.038350380997247906,0.040136780589818954,78768000
1999-03-08,0.03906474353863404,0.04192316251182771,0.038350367949719896,0.04073223099112511,75888000
1999-03-09,0.04061332842553038,0.04263846055470036,0.04061332842553038,0.042042993009090424,143184000
1999-03-10,0.04263846401841288,0.04263846401841288,0.04073223987548093,0.04132770746946335,235344000
1999-03-11,0.040613327633196535,0.04132770330595867,0.03954130411148071,0.03954130411148071,54288000
1999-03-12,0.03978003567939928,0.03978003567939928,0.03811254822966162,0.038826923817396164,90768000
1999-03-15,0.03978005121814129,0.040970983202075005,0.03954131485061837,0.04049442708492279,108816000
1999-03-16,0.0407322408477337,0.04120879689484178,0.03882693327706029,0.0391845777630806,79152000
1999-03-17,0.039541315920596544,0.040255691806708876,0.0384692954862196,0.039422407746315,51360000
1999-03-18,0.03954130646166395,0.04049441849375924,0.038589111047267824,0.03989895433187485,46320000
1999-03-19,0.039780049583634444,0.04120880125849203,0.039780049583634444,0.04001786932349205,105312000
1999-03-22,0.04085114245598337,0.04097096719813538,0.038826923817396164,0.038826923817396164,36672000
1999-03-23,0.0390647614053621,0.0390647614053621,0.0357307015930456,0.03644507750868797,163968000
1999-03-24,0.03620634600520134,0.036445078991262904,0.03477759070829357,0.03620634600520134,60864000
1999-03-25,0.036087421320842576,0.03811255344667415,0.035968509772448885,0.036682888865470886,40320000
1999-03-26,0.037159442999124895,0.040017862477711594,0.037159442999124895,0.03989895433187485,88272000
1999-03-29,0.041089896112680435,0.04204300497038099,0.04037551681523893,0.041089896112680435,65952000
1999-03-30,0.04120879601328334,0.04156644049165274,0.037397267743216625,0.03763600066304207,69504000
1999-03-31,0.03882693648909398,0.040732244217387664,0.037040540331725255,0.04025568813085556,153600000
1999-04-01,0.04025567795646167,0.040494414248305854,0.038350370709723566,0.03906474635004997,30432000
1999-04-05,0.03858911940889942,0.03954131502962077,0.03763600717028028,0.037873826920986176,98640000
1999-04-06,0.03823146354958369,0.038350371685981016,0.03620633150031984,0.03692162036895752,69696000
1999-04-07,0.03715944935592091,0.040255689063349656,0.0369216296160633,0.04001786932349205,89280000
1999-04-08,0.040255675059336644,0.04192316251182771,0.03978003574508528,0.04073223099112511,130128000
1999-04-09,0.040970981518634424,0.040970981518634424,0.039780049583634444,0.04001786932349205,48624000
1999-04-12,0.0395413013588348,0.0395413013588348,0.037635994158224446,0.03835036978125572,33312000
1999-04-13,0.039064748184740525,0.039064748184740525,0.03620633227908564,0.03680179640650749,36144000
1999-04-14,0.036682888537826766,0.037517088974451406,0.03573068976402283,0.03573068976402283,48288000
1999-04-15,0.036682888865470886,0.036682888865470886,0.035730690083162105,0.036682888865470886,35856000
1999-04-16,0.03644507518095525,0.03846929461939943,0.03644507518095525,0.037873826920986176,38928000
1999-04-19,0.03835038704980203,0.03835038704980203,0.03573070304655994,0.03620634600520134,31296000
1999-04-20,0.03620634156827619,0.037636006492974876,0.035134317769845734,0.03549196571111679,67680000
1999-04-21,0.03549195938887882,0.03620633511878537,0.03525413627731517,0.03608742356300354,37488000
1999-04-22,0.03620633810749467,0.03620633810749467,0.03418211889896369,0.03453885018825531,227184000
1999-04-23,0.03441993371542226,0.03453884526406666,0.032633537892772124,0.0328722707927227,126048000
1999-04-26,0.03287227825475415,0.03334792114980244,0.030489501135165676,0.031204793602228165,123504000
1999-04-27,0.03191916675644608,0.03477758312224194,0.031442610691264306,0.03453885018825531,226944000
1999-04-28,0.03477758782834996,0.03477758782834996,0.033229011265154575,0.0343010351061821,120096000
1999-04-29,0.03441994328036925,0.034538854862057954,0.03358665922063683,0.0343010351061821,48144000
1999-04-30,0.0346586661134302,0.03620632886155583,0.03441992983290809,0.034777574241161346,99312000
1999-05-03,0.035134308637660906,0.035134308637660906,0.034063201735516135,0.035015400499105453,33840000
1999-05-04,0.03501538884519735,0.03501538884519735,0.03239570671578846,0.033110082149505615,96048000
1999-05-05,0.03334792123807198,0.03382447734475136,0.031442613429227946,0.03382447734475136,144576000
1999-05-06,0.0335866508977566,0.03430102660627726,0.0321569828630247,0.03316954895853996,35616000
1999-05-07,0.03215698409240243,0.033586652181791264,0.03215698409240243,0.03334791585803032,25008000
1999-05-10,0.033110096151994985,0.0340632048040867,0.033110096151994985,0.03334791585803032,19680000
1999-05-11,0.034777580503007555,0.036206335380655215,0.03406320476793414,0.03513431176543236,171744000
1999-05-12,0.035491970060498375,0.03632617080722893,0.035015413891365185,0.03620634600520134,168480000
1999-05-13,0.03620634600520134,0.037159454935965876,0.036087434413665534,0.03620634600520134,69936000
1999-05-14,0.03620634300694204,0.03620634300694204,0.03382447897651269,0.0343010351061821,28464000
1999-05-17,0.03382447187948574,0.035968512296676636,0.03370556032274698,0.035968512296676636,35760000
1999-05-18,0.036326160728585244,0.03811255669995543,0.035254137096214555,0.03763600066304207,151536000
1999-05-19,0.03930348788670258,0.040732239358013476,0.03537304811775995,0.035968512296676636,451728000
1999-05-20,0.036206320107171924,0.036206320107171924,0.031800239381051476,0.033110082149505615,178176000
1999-05-21,0.032633540188390264,0.032633540188390264,0.03144260842034678,0.03239572048187256,303504000
1999-05-24,0.032633548535233245,0.03334792445523328,0.031800261027809335,0.03227590397000313,162624000
1999-05-25,0.03239571616395929,0.03287226872370329,0.03215697987153445,0.032514624297618866,130080000
1999-05-26,0.03239572048187256,0.034063204873178085,0.03239572048187256,0.03239572048187256,104736000
1999-05-27,0.03263353373909722,0.03263353373909722,0.03215697780251503,0.03215697780251503,82320000
1999-05-28,0.032633535838778836,0.032633535838778836,0.03215697987153445,0.032514624297618866,88656000
1999-06-01,0.032395719589271024,0.03263353928923607,0.031919163571638716,0.03263353928923607,98544000
1999-06-02,0.032633536595951744,0.032633536595951744,0.03144260495901108,0.03144260495901108,130128000
1999-06-03,0.03227590397000313,0.032514636947809365,0.031919172615233214,0.03227590397000313,41568000
1999-06-04,0.032514624297618866,0.032633535838778836,0.032275891412694414,0.032514624297618866,78912000
1999-06-07,0.03269299196334402,0.0333479135797997,0.032633537892772124,0.0328722707927227,125136000
1999-06-08,0.0329911975134483,0.034301041348734185,0.0328722859101185,0.03370557352900505,153312000
1999-06-09,0.03382447897651269,0.035015410991727364,0.03382447897651269,0.0343010351061821,95184000
1999-06-10,0.03430103818763965,0.03453885796488021,0.03406321500289724,0.034419946372509,36096000
1999-06-11,0.034419949544561804,0.0345388611478916,0.03251464129704895,0.03370557352900505,61008000
1999-06-14,0.03376501447417869,0.03382447195643375,0.032156984157627376,0.03239572048187256,51648000
1999-06-15,0.03239572048187256,0.032633540188390264,0.03191916445110967,0.03239572048187256,49296000
1999-06-16,0.03287227303845881,0.03430102791762287,0.03239572041616338,0.03334791585803032,64416000
1999-06-17,0.03311009621915315,0.03358665224991604,0.03239572048187256,0.03239572048187256,74928000
1999-06-18,0.032633545300611015,0.032633545300611015,0.031204793602228165,0.031204793602228165,158736000
1999-06-21,0.03215698189553274,0.0328722707927227,0.03129351101949362,0.0328722707927227,83472000
1999-06-22,0.03287228151303949,0.03287228151303949,0.03156152464250138,0.03227590397000313,193056000
1999-06-23,0.03191916220574454,0.0328722707927227,0.031561514349648954,0.0328722707927227,210912000
1999-06-24,0.03311008967567942,0.03311008967567942,0.031919158142997096,0.03215697780251503,115200000
1999-06-25,0.031919163571638716,0.03299118375313548,0.031919163571638716,0.03263353928923607,73536000
1999-06-28,0.033705546076743205,0.033705546076743205,0.03239570671578846,0.033110082149505615,109152000
1999-06-29,0.03358666258996887,0.033943390555817944,0.0331101064124925,0.03346775099635124,92688000
1999-06-30,0.034538856317201584,0.03644507750868797,0.033824480401559213,0.03644507750868797,269232000
1999-07-01,0.0364450710414813,0.0364450710414813,0.0326335425453219,0.03453885018825531,88992000
1999-07-02,0.03501540312281231,0.03704053536057472,0.03430102739780674,0.03704053536057472,224880000
1999-07-06,0.03739727350592706,0.03739727350592706,0.03668289764934535,0.037159450352191925,198096000
1999-07-07,0.03739727659772739,0.03739727659772739,0.03644507750868797,0.03644507750868797,63120000
1999-07-08,0.036682893677980555,0.03787382210847651,0.03549196183998356,0.03727835789322853,186048000
1999-07-09,0.037159452884003796,0.040732249028220806,0.037159452884003796,0.04043497517704964,211728000
1999-07-12,0.042876272116391785,0.04406720357434804,0.04120878475175527,0.042280808091163635,401040000
1999-07-13,0.04275736752138805,0.04299519061203527,0.04049441576469494,0.04239972308278084,138864000
1999-07-14,0.042399718443616174,0.04335283030719309,0.040494411333999426,0.04073223099112511,137952000
1999-07-15,0.04108987401307709,0.042399713506058215,0.04097096249461174,0.04097096249461174,137040000
1999-07-16,0.04168535366773594,0.042161909723141364,0.04097097789351524,0.04180426523089409,103872000
1999-07-19,0.04192316251182771,0.04204298725417758,0.040494411333999426,0.04073223099112511,43632000
1999-07-20,0.040732245160920846,0.040732245160920846,0.038589117648634465,0.04001786932349205,178752000
1999-07-21,0.03954129940513071,0.03954129940513071,0.03763599229866006,0.038826923817396164,112080000
1999-07-22,0.03858911157576284,0.03858911157576284,0.03668289089296647,0.03704053536057472,213264000
1999-07-23,0.036921623805608685,0.03811255555318856,0.036921623805608685,0.03704053536057472,80256000
1999-07-26,0.037992737785641204,0.037992737785641204,0.037159450352191925,0.037159450352191925,60528000
1999-07-27,0.03715944632923457,0.03739726945722249,0.036682893677980555,0.03727835789322853,98592000
1999-07-28,0.03715945105097072,0.03835038304029574,0.037040542879368504,0.037873826920986176,244224000
1999-07-29,0.03715944601826683,0.03835037784629755,0.036921626299770145,0.03823146969079971,388800000
1999-07-30,0.03823146165076414,0.03930348169035133,0.03811255011277226,0.03835036978125572,452304000
1999-08-02,0.03835036846458236,0.0388269244027687,0.038112548804263895,0.03870801627635956,313344000
1999-08-03,0.038708020176484566,0.038708020176484566,0.037397263763766286,0.037754908204078674,255216000
1999-08-04,0.037992727888359265,0.03811255264439106,0.03763599665818811,0.037754908204078674,89952000
1999-08-05,0.03775490569621633,0.03835036978125572,0.03715943820367664,0.03835036978125572,240576000
1999-08-06,0.03823146165076414,0.0384692813192476,0.03811255011277226,0.03835036978125572,183984000
1999-08-09,0.0384692813192476,0.03882692573580353,0.03811255011277226,0.03835036978125572,31056000
1999-08-10,0.03858910700156774,0.04073223392254696,0.038350370709723566,0.03906474635004997,212064000
1999-08-11,0.03978003923711535,0.04216190248760879,0.03930348326349315,0.04168534651398659,197712000
1999-08-12,0.04192316940097354,0.04478158884388524,0.04168534970476745,0.04370956867933273,239616000
1999-08-13,0.043352857572866235,0.044186145218168285,0.0428763013413599,0.04323394596576691,84672000
1999-08-16,0.043590681427685525,0.043590681427685525,0.04013679590490672,0.04156646132469177,223440000
1999-08-17,0.04168534651398659,0.04239972216561111,0.040613326431491244,0.04168534651398659,193536000
1999-08-18,0.041208797596472266,0.04311410519958588,0.04037551025941409,0.04263846576213837,279888000
1999-08-19,0.04561579005763522,0.05407213697270132,0.044067213857677666,0.05168936029076576,1966992000
1999-08-20,0.0518091827708923,0.052165910601554934,0.04930749464544058,0.051213715225458145,353088000
1999-08-23,0.05049842429624649,0.05049842429624649,0.04644907341225023,0.04811656102538109,507984000
1999-08-24,0.04740219729626641,0.04835530608400922,0.045020333426012145,0.047878753393888474,398064000
1999-08-25,0.04799765894425991,0.0484742150159102,0.04573470677102621,0.04764001443982124,350352000
1999-08-26,0.047640013657873834,0.04835530265501067,0.046211262084180145,0.04692563787102699,275376000
1999-08-27,0.047878749809267866,0.051451541939657564,0.047640013469402685,0.04954623430967331,552384000
1999-08-30,0.050379509496273546,0.051332621390066904,0.04728327076779438,0.049366943538188934,158640000
1999-08-31,0.04954622210747399,0.05383339237354496,0.04859311362581992,0.05359557271003723,786864000
1999-09-01,0.053595575519757,0.053595575519757,0.05026060035044432,0.05109388753771782,565344000
1999-09-02,0.049426413364664974,0.05073717008727527,0.04835530621077675,0.05049843713641167,341088000
1999-09-03,0.051451551688867614,0.05216592760825059,0.05049844279188461,0.0508560873568058,258864000
1999-09-07,0.05168936823535788,0.05168936823535788,0.05037952474437323,0.050618261098861694,124416000
1999-09-08,0.05073717008727527,0.05109390140178563,0.05049843713641167,0.05049843713641167,170064000
1999-09-09,0.05097497723079155,0.05133262164337029,0.04883093376795969,0.04978404566645622,209472000
1999-09-10,0.050618261920772706,0.05121372618614667,0.05026061398840387,0.05049843713641167,167424000
1999-09-13,0.05073716587446271,0.05073716587446271,0.04835530219573529,0.048830945044755936,174432000
1999-09-14,0.048830939582170066,0.048830939582170066,0.04716436508022092,0.047402188181877136,250368000
1999-09-15,0.046806733577130645,0.04835531016694346,0.04644908902300263,0.04775984585285187,212736000
1999-09-16,0.047164357463235586,0.047640000182231634,0.04597251273940049,0.04656798020005226,158112000
1999-09-17,0.046270710760990784,0.046687812697243335,0.04478158866448047,0.046449076384305954,171648000
1999-09-20,0.045615796060272586,0.04621126371031467,0.04478159546852112,0.04478159546852112,229104000
1999-09-21,0.04382940328709464,0.04406722303672393,0.03989896279670667,0.04049442708492279,737328000
1999-09-22,0.04049440482048307,0.04168533614962463,0.03811254216219996,0.04144751653075218,375984000
1999-09-23,0.04156642288205113,0.04168533439021827,0.03763598471856932,0.03799271583557129,379584000
1999-09-24,0.03811255896072067,0.03906475447329053,0.03191916675644608,0.03453885018825531,684912000
1999-09-27,0.036801797006363976,0.03739726455099229,0.03453884519124562,0.036682888865470886,432000000
1999-09-28,0.03674235074894012,0.04049442542106324,0.03668289666585105,0.04001786932349205,413184000
1999-09-29,0.04085114738200717,0.04239972348636288,0.03620633227908564,0.03680179640650749,594048000
1999-09-30,0.03811255344667415,0.039303485128430175,0.03620633286923627,0.036682888865470886,342528000
1999-10-01,0.03608743294563947,0.03739727659772739,0.034538856317201584,0.03644507750868797,347760000
1999-10-04,0.037636006462539916,0.03775491803940748,0.03668289764934535,0.037159450352191925,177600000
1999-10-05,0.03715943642901729,0.04097096726578789,0.03715943642901729,0.04073223099112511,478080000
1999-10-06,0.04085114521689768,0.04764000359928802,0.04049441400393854,0.0456157848238945,1508736000
1999-10-07,0.04752110123442103,0.04752110123442103,0.04239972942564009,0.04263846576213837,487296000
1999-10-08,0.04263846803256578,0.046092352140870436,0.040970980059384966,0.04478159546852112,398928000
1999-10-11,0.04513924902833281,0.045258160621614175,0.04239974018284864,0.04359067231416702,544464000
1999-10-12,0.043829400157288846,0.044305956240410754,0.04287628799104504,0.04299519956111908,322992000
1999-10-13,0.04251864100511479,0.04251864100511479,0.04097097789351524,0.04180426523089409,280368000
1999-10-14,0.041923157629765936,0.041923157629765936,0.04049440661831946,0.04097096249461174,192336000
1999-10-15,0.03894583541382127,0.04097096726578789,0.03882692388150836,0.04073223099112511,210720000
1999-10-18,0.04085115518612619,0.04085115518612619,0.03835037983723934,0.03858911618590355,215184000
1999-10-19,0.039780043323342715,0.039780043323342715,0.03632615963556915,0.03704053536057472,308928000
1999-10-20,0.037635994158224446,0.03882692573580353,0.03704053007318506,0.03835036978125572,348720000
1999-10-21,0.03823147283198032,0.040136780589818954,0.037159449071367645,0.040136780589818954,382128000
1999-10-22,0.04001787226505808,0.04228082813522143,0.04001787226505808,0.041089896112680435,286752000
1999-10-25,0.04085114546341771,0.04144752618047644,0.03906474635004997,0.03906474635004997,213840000
1999-10-26,0.04073224067546288,0.04430595270477955,0.04049442096179412,0.04287628456950188,481248000
1999-10-27,0.04311408901178146,0.04335282525864278,0.04025567037145814,0.04097096249461174,214128000
1999-10-28,0.04120878988863226,0.04192316552895867,0.03882692667580886,0.03906474635004997,222768000
1999-10-29,0.03954130811192418,0.04287628374574405,0.039303488402824514,0.042161908000707626,330528000
1999-11-01,0.04144753613998282,0.046449083441701934,0.04144753613998282,0.04478159546852112,782544000
1999-11-02,0.0456157952038146,0.047878750784549444,0.04525815069937592,0.04764001443982124,837504000
1999-11-03,0.049546223747658,0.05359557448427142,0.04918857932674532,0.05228481814265251,2011680000
1999-11-04,0.05288121102583308,0.057049470853923215,0.05288121102583308,0.05561980605125427,1260336000
1999-11-05,0.057168374370984584,0.057644926966437825,0.05121371587824591,0.05383339896798134,616368000
1999-11-08,0.0521659089503758,0.05693055215069627,0.05049842473040913,0.05538197606801987,470016000
1999-11-09,0.05526307163563434,0.05550089134832299,0.05240465199461429,0.05454777926206589,272352000
1999-11-10,0.05472706711920074,0.054786521201584615,0.05300012502402408,0.054072145372629166,144048000
1999-11-11,0.05407213385615519,0.060741164461586256,0.05288120218892991,0.057882748544216156,562704000
1999-11-12,0.060384412491303316,0.060979872941970825,0.05693052720499458,0.060979872941970825,501504000
1999-11-15,0.06139611247025647,0.06324288315636492,0.05883588582569258,0.05978899821639061,362208000
1999-11-16,0.06121772981896898,0.06669674590819934,0.06097990670193156,0.06550581753253937,723792000
1999-11-17,0.06669675395951852,0.07146048166721683,0.06574364177083897,0.06800659745931625,786384000
1999-11-18,0.06943534027342385,0.07003172107496339,0.0676489443145031,0.06824440509080887,235968000
1999-11-19,0.07646295004822855,0.08456165425572117,0.07622421367865434,0.08170323073863983,2165184000
1999-11-22,0.083787799000319,0.08384725307324777,0.07670074947418408,0.08158430457115173,540192000
1999-11-23,0.07324686379772886,0.07658183920027348,0.07241357995967997,0.07574855536222458,553248000
1999-11-24,0.07539090985677335,0.07622419368318785,0.06776876036250198,0.07336577773094177,406848000
1999-11-26,0.07265141863352427,0.07336580136417004,0.07050737767614254,0.07289015501737595,71760000
1999-11-29,0.07265141195010046,0.07360452416191482,0.06860206679170021,0.07026955485343933,298608000
1999-11-30,0.0705073351541782,0.07169826990883359,0.0659814327955246,0.0659814327955246,314688000
1999-12-01,0.06598144209005458,0.07026952883778295,0.06598144209005458,0.06931641697883606,223536000
1999-12-02,0.06955517632437298,0.07539093168977927,0.06955517632437298,0.07443781942129135,309888000
1999-12-03,0.07515220280685836,0.0764629597574511,0.07169831796537372,0.07265142351388931,342768000
1999-12-06,0.07289012607307108,0.0750332529689732,0.07289012607307108,0.0746765285730362,178608000
1999-12-07,0.07527199957763131,0.07539091454091394,0.0693164309961637,0.07217484712600708,186384000
1999-12-08,0.07193703637370046,0.07610530334621325,0.0716983068259059,0.07539092749357224,201696000
1999-12-09,0.07527198781252813,0.07717729840788336,0.0705073483240289,0.07312794774770737,214944000
1999-12-10,0.07443779802819998,0.07479544247682837,0.0709839145237209,0.07229375094175339,98304000
1999-12-13,0.07146046830382206,0.07396123985538874,0.07050735629337827,0.07205593585968018,183840000
1999-12-14,0.07217486376948791,0.0739612601113048,0.07015064426126548,0.07086502015590668,273888000
1999-12-15,0.07038846653143543,0.07074611107941615,0.06693458206748011,0.0686020702123642,205968000
1999-12-16,0.06895970524510864,0.07003172553071452,0.06788768495950276,0.06812550127506256,132576000
1999-12-17,0.07003172582884284,0.07277032083061676,0.06967408132868833,0.07169830054044724,262080000
1999-12-20,0.07181810157322838,0.07905332838412503,0.06931641720110429,0.07765384763479233,402432000
1999-12-21,0.07765387796767373,0.0811077623409095,0.07479546129015556,0.08098885416984558,388368000
1999-12-22,0.08122665872324021,0.08384725164342052,0.07813041959773796,0.08289414644241333,251184000
1999-12-23,0.08301308225399724,0.08861100802160451,0.08265635088861008,0.08837319165468216,280224000
1999-12-27,0.09027846446359504,0.09039737942012943,0.08408507312202913,0.0850381851196289,202416000
1999-12-28,0.08503818246634579,0.08813442143544004,0.08456162988991546,0.08479944616556168,179184000
1999-12-29,0.08462108396186054,0.08861097401504689,0.08456162989294684,0.0876578688621521,132144000
1999-12-30,0.08765790250293307,0.08896865941248269,0.08622914380540601,0.08837319165468216,139776000
1999-12-31,0.0881938903330575,0.08956410103882179,0.08789661312351525,0.08944427967071533,127344000
2000-01-03,0.09004064607344534,0.09075502174609472,0.08408507115431497,0.08920644223690033,300912000
2000-01-04,0.08765787167368944,0.08789660116713809,0.08241758550995994,0.08682458102703094,300480000
2000-01-05,0.08432380275188146,0.08575255401745911,0.08277522332909433,0.08396615833044052,188352000
2000-01-06,0.08396617406675705,0.08396617406675705,0.07527200345149798,0.07848715782165527,120480000
2000-01-07,0.07813042091643252,0.08063119252480833,0.07693948577766226,0.0797979086637497,71184000
2000-01-10,0.08003570712269412,0.08575254480610084,0.07860695601058991,0.0824175700545311,239856000
2000-01-11,0.0819410309391552,0.08289414291460118,0.07908260822296143,0.07908260822296143,148128000
2000-01-12,0.07908260867396673,0.07920243683856464,0.0759863696625766,0.07705838978290558,123552000
2000-01-13,0.07693949835038123,0.08098885022194394,0.07598638616253744,0.08027356117963791,132192000
2000-01-14,0.08146540616575594,0.08706241762208031,0.0812266698202962,0.08372744172811508,604560000
2000-01-18,0.0847994726200743,0.08765789620525198,0.0809888567951217,0.08730116486549377,261648000
2000-01-19,0.0876579035899087,0.0876579035899087,0.08575259210941968,0.0864669680595398,164688000
2000-01-20,0.08718222774785409,0.09194595462892516,0.08551474001594107,0.0862291157245636,179568000
2000-01-21,0.08599042090189161,0.08634806550552371,0.08313199688950554,0.0852760449051857,544272000
2000-01-24,0.08801551587330338,0.08801551587330338,0.08098883389944746,0.08146539330482483,256944000
2000-01-25,0.08182212048782264,0.08265632437040317,0.0781304205719548,0.08075010031461716,237120000
2000-01-26,0.0807500912363021,0.08289413815667043,0.07598636486778843,0.0774151161313057,232464000
2000-01-27,0.07801058950207158,0.07801058950207158,0.07050735496369451,0.07336577773094177,458208000
2000-01-28,0.07241359833379087,0.07289015105009829,0.0683642462082745,0.07122266292572021,194448000
2000-01-31,0.07157939733699005,0.07312797735523605,0.06669676095202311,0.07062720507383347,182400000
2000-02-01,0.07074609142640988,0.07289013169785526,0.06812549175018,0.07229375094175339,92976000
2000-02-02,0.07265141262710616,0.07574857244292924,0.07229376809362573,0.07431890070438385,149040000
2000-02-03,0.0767007446573433,0.07824932416184269,0.07503325701445387,0.07550981640815735,108240000
2000-02-04,0.07789168735660221,0.07789168735660221,0.07574856013507873,0.07729621976613998,123696000
2000-02-07,0.07765390912873789,0.07765390912873789,0.07241362638052463,0.0725325345993042,217488000
2000-02-08,0.07431887548234466,0.07860696240232244,0.07241357171294895,0.0759863629937172,468816000
2000-02-09,0.07884478956469336,0.08015463273189743,0.07777276948284788,0.07789167761802673,589056000
2000-02-10,0.08265633302214986,0.09528094052603765,0.08265633302214986,0.09385127574205399,970080000
2000-02-11,0.09849607000216323,0.09861589816310913,0.08837315625007718,0.09528092294931412,423792000
2000-02-14,0.09551877067623131,0.11052524298429489,0.0945656584785306,0.11052524298429489,650112000
2000-02-15,0.1107639474650391,0.11088285559731494,0.10171213404554875,0.10623803734779358,450480000
2000-02-16,0.10742899315940678,0.11481332045207053,0.10623805792577666,0.11112069338560104,1019568000
2000-02-17,0.11100177674728585,0.11576641689794885,0.10933428899458386,0.11505112797021866,535776000
2000-02-18,0.11338362481389624,0.13005849326056687,0.11255034106335163,0.12839101254940033,960864000
2000-02-22,0.1243416791773182,0.12600824691029136,0.12005358480765473,0.12481731176376343,542496000
2000-02-23,0.12338851305149952,0.1268423953912202,0.12183994084822108,0.12553255259990692,511392000
2000-02-24,0.12624696980889583,0.12708025354182395,0.11910046049496721,0.12434165924787521,244320000
2000-02-25,0.12446062730212247,0.12446062730212247,0.1114783723466808,0.11659973859786987,278736000
2000-02-28,0.11600422979532712,0.11719516490308851,0.11386019631028962,0.11576641350984573,517872000
2000-02-29,0.11505108697255506,0.12338851595007805,0.11505108697255506,0.12195885181427002,306048000
2000-03-01,0.12195886583610357,0.12195886583610357,0.11648076450036933,0.11838607490062714,383568000
2000-03-02,0.11933922500823964,0.11933922500823964,0.1100495997799646,0.11040632426738739,191040000
2000-03-03,0.11052523963879633,0.11338365612001705,0.10957304068027492,0.11219272762537003,273696000
2000-03-06,0.11290801589271866,0.12148327890861096,0.11052523889414637,0.11147835105657578,432096000
2000-03-07,0.14292092553445665,0.16626482481776858,0.1367275345892792,0.15876159071922302,1952208000
2000-03-08,0.15867200287048047,0.16150114217918043,0.14720904574882604,0.1600714772939682,668736000
2000-03-09,0.1619767458405063,0.20580612897551456,0.16150109967098178,0.19112712144851685,952944000
2000-03-10,0.20104243052232088,0.2763135120877363,0.19961276581405651,0.2248619794845581,2161200000
2000-03-13,0.20390085129713242,0.28584188052579096,0.2019946272274925,0.2844131290912628,2415168000
2000-03-14,0.2828645789797395,0.2828645789797395,0.20580617494449513,0.20985552668571472,1567776000
2000-03-15,0.2248921595405327,0.2306986498482593,0.19437248385719533,0.20128025114536285,995616000
2000-03-16,0.20771143844099588,0.21485794815360962,0.1765075669582206,0.1794547140598297,750384000
2000-03-17,0.17531665984383807,0.20390084734195368,0.1752864693877775,0.1903231292963028,557616000
2000-03-20,0.19782648476137,0.2041387882210977,0.18412985021242378,0.19020433723926544,365280000
2000-03-21,0.1905609122654489,0.19222839287863597,0.16578826395384755,0.18079473078250885,536640000
2000-03-22,0.18222444938772012,0.18770255261013033,0.17912728985565116,0.18210554122924805,230592000
2000-03-23,0.18043806897714293,0.19532563396932054,0.18008043124686,0.18532070517539978,309408000
2000-03-24,0.18412978753634493,0.19246722157061458,0.1715051712841812,0.17757965624332428,231600000
2000-03-27,0.17722202398128117,0.18293887181842408,0.16435960362049143,0.16590726375579834,388944000
2000-03-28,0.1601903997529494,0.16197680292609112,0.1505431220356496,0.1535213738679886,393312000
2000-03-29,0.1541168154412759,0.1576896214972898,0.1372041322782548,0.1433975249528885,469440000
2000-03-30,0.1391093708470402,0.15578424423399184,0.13434564508932517,0.14256325364112854,361920000
2000-03-31,0.15230021059320367,0.16745577912323173,0.14959089308393836,0.16099438071250916,962976000
2000-04-03,0.1595354613243703,0.16007147490453064,0.14423080565924454,0.1483999788761139,329952000
2000-04-04,0.15625994629227621,0.15888053273801717,0.10861992520884556,0.14292095601558685,513792000
2000-04-05,0.1443506054201558,0.1857972230014556,0.13696627866833685,0.17472119629383087,639600000
2000-04-06,0.18281996250152588,0.19210958972816558,0.1741257894256765,0.18281996250152588,404592000
2000-04-07,0.19199062552793977,0.20008932846024052,0.18389192259563902,0.1954445093870163,318576000
2000-04-10,0.19877947031123547,0.21033205624354775,0.17448245011083438,0.17817507684230804,395280000
2000-04-11,0.16575810921381806,0.1810334992403582,0.15244931058189218,0.1675746887922287,457584000
2000-04-12,0.16781334628447733,0.1715050444213284,0.1495908180967427,0.15018628537654877,313440000
2000-04-13,0.15137725405077665,0.1567364476293325,0.14125343478124064,0.14375419914722443,313296000
2000-04-14,0.13458351771893629,0.14494608260405825,0.12481732002675956,0.1311003565788269,421920000
2000-04-17,0.12005357049648696,0.14292092374819942,0.12005357049648696,0.13779954612255096,294096000
2000-04-18,0.1516745740176456,0.17102857979189492,0.14720903036995922,0.16221550107002258,477504000
2000-04-19,0.16733683873272584,0.16959978683228702,0.15244927982351775,0.15447349846363068,278352000
2000-04-20,0.15864274296395883,0.16162008164573274,0.15149624417726057,0.1536402851343155,153936000
2000-04-24,0.1448262881499129,0.15125841088038644,0.13839506499986745,0.14601722359657288,205968000
2000-04-25,0.15256823738657874,0.16674142530020697,0.1522105996865352,0.16197678446769714,249696000
2000-04-26,0.17329145549925107,0.1772218832314174,0.16007138060095719,0.16030921041965485,254112000
2000-04-27,0.14959093524891556,0.17507797158251923,0.14875673793003122,0.17341049015522003,280992000
2000-04-28,0.17614995359914348,0.1829388130038266,0.16983765363693237,0.16983765363693237,179040000
2000-05-01,0.17626886857905694,0.18008040379626525,0.1711474899744807,0.1753166764974594,119424000
2000-05-02,0.1753165782208069,0.18555931605821657,0.16364416280201957,0.1685277223587036,234000000
2000-05-03,0.16745577378899842,0.17293478954702135,0.15244930434162474,0.16578829288482666,329184000
2000-05-04,0.1654306516054305,0.17484011092948099,0.16400190011280244,0.16781343519687653,241200000
2000-05-05,0.16709810181939527,0.17960380496655984,0.1648351536361932,0.17555445432662964,170592000
2000-05-08,0.17102852915138692,0.1772219192957528,0.1688844892875701,0.16912323236465454,185136000
2000-05-09,0.17198167193805589,0.1734104232413049,0.16197674634484235,0.16674138605594635,176832000
2000-05-10,0.16507390864333693,0.1651928167810163,0.14887559170495662,0.15030525624752045,274080000
2000-05-11,0.1524493395913573,0.15947601652426568,0.15042420694725397,0.15673650801181793,245904000
2000-05-12,0.16102454597343735,0.1695997929733227,0.1519727259874344,0.1519727259874344,187824000
2000-05-15,0.1512583472063256,0.16507389315409052,0.14387402170130484,0.162453293800354,282096000
2000-05-16,0.16959985003833983,0.18424868494739127,0.1676936256024898,0.1791273057460785,366432000
2000-05-17,0.18865563661744678,0.21843075952754626,0.18853672847240688,0.21056987345218658,1290624000
2000-05-18,0.2117607954824025,0.21521467888605325,0.19496792422501927,0.19627776741981506,509904000
2000-05-19,0.19056103406382047,0.201042511034593,0.18913228199361987,0.1946103870868683,521184000
2000-05-22,0.192467160663179,0.20723581314086914,0.17543555982648645,0.20723581314086914,517152000
2000-05-23,0.20199463820010446,0.2247430735537139,0.19866057572502685,0.2055683434009552,778560000
2000-05-24,0.20532957595788326,0.20866455102719003,0.17579318611705644,0.2029477059841156,739632000
2000-05-25,0.20592507459681286,0.21819294987330348,0.19758854205775428,0.20008932054042816,569184000
2000-05-26,0.2011018991470337,0.20663945614747978,0.1886556476670968,0.2011018991470337,183456000
2000-05-30,0.2065205132896079,0.2146192153029022,0.2055683213304965,0.2093789428472519,303648000
2000-05-31,0.208664643058168,0.22105143007301375,0.208664643058168,0.2174777239561081,469536000
2000-06-01,0.22390978891028507,0.22593400801921668,0.21795421331524067,0.2235521376132965,418992000
2000-06-02,0.22819699040755964,0.2534462216106411,0.22819699040755964,0.25070762634277344,592176000
2000-06-05,0.25034983842129493,0.2686912636833428,0.2403449290056951,0.2560959458351135,491904000
2000-06-06,0.257019893905971,0.2665473484404145,0.24201249628724364,0.24332326650619507,375888000
2000-06-07,0.24153690935481087,0.24356112888289205,0.22891137979666265,0.2324850857257843,332352000
2000-06-08,0.2384397252447826,0.23867844114117576,0.22486199194967615,0.23427145183086395,460704000
2000-06-09,0.23867846061702375,0.2515409059627841,0.23510475496176733,0.24094049632549286,467280000
2000-06-12,0.24201252556151362,0.24403767179196062,0.22915010736705171,0.23450928926467896,380016000
2000-06-13,0.22795917379506245,0.24201252746863236,0.22676823841731347,0.24189361929893494,447840000
2000-06-14,0.24641949257047,0.24772930858203582,0.2384698752022656,0.24165575206279755,275088000
2000-06-15,0.24094047472717714,0.24796807765960693,0.2279591496373405,0.24796807765960693,338592000
2000-06-16,0.24707443641337287,0.285841902555511,0.24701495507569432,0.28536534309387207,987840000
2000-06-19,0.28465083862846796,0.3263361699315394,0.27750433087543985,0.3032301068305969,1052160000
2000-06-20,0.3084714300106863,0.3120442082916737,0.2953702707068206,0.29918086528778076,610272000
2000-06-21,0.2945361144385547,0.33538818637455414,0.2945361144385547,0.3295515179634094,614880000
2000-06-22,0.3281226902681284,0.3349115493240441,0.3084714156474608,0.31156763434410095,614352000
2000-06-23,0.30323016960157434,0.30704169026019584,0.2820303118368323,0.28215011954307556,607392000
2000-06-26,0.2877472221521495,0.3179989080064281,0.2832213246518852,0.3162125051021576,618288000
2000-06-27,0.31347309264996465,0.31871429461338757,0.26321246093022554,0.27154991030693054,604608000
2000-06-28,0.277266581283623,0.28774715259809897,0.2534461370106409,0.2610691785812378,586608000
2000-06-29,0.256543292055695,0.256543292055695,0.21914511623352154,0.22343319654464722,1184880000
2000-06-30,0.23391381513941206,0.24630060031774806,0.2224801489656741,0.24225126206874847,1209192000
2000-07-03,0.24391866526875913,0.25154080666090567,0.23057876609749478,0.2329615354537964,232680000
2000-07-05,0.2320084686291165,0.23248502805882207,0.20104242361063057,0.20795020461082458,777936000
2000-07-06,0.20818805555049777,0.22819698526633866,0.20318559822644833,0.22057484090328217,603936000
2000-07-07,0.22867349378411483,0.2324850149059015,0.21723981636890863,0.22176572680473328,346560000
2000-07-10,0.2179542729969711,0.23867849484185194,0.2158111451489478,0.23319947719573975,351264000
2000-07-11,0.23010328137639435,0.26392775666838547,0.22748266683562277,0.2520175278186798,755304000
2000-07-12,0.2624980143420575,0.27226421318007643,0.25416149404638266,0.2591630518436432,388152000
2000-07-13,0.26464208490855223,0.28488883241290913,0.2641655253653134,0.2834600806236267,458736000
2000-07-14,0.28917684119964243,0.29465495746286713,0.27440821506974966,0.28131598234176636,280200000
2000-07-17,0.285604056179301,0.28584187246494785,0.2772666108389984,0.27821972966194153,105552000
2000-07-18,0.2629745246904453,0.28584188058961574,0.2629745246904453,0.2727407217025757,183672000
2000-07-19,0.2629745821822013,0.2648798934586066,0.24987342043097263,0.2553524374961853,189504000
2000-07-20,0.25511374478659987,0.2686914687534356,0.25439936877165675,0.2622602581977844,142992000
2000-07-21,0.26297452465582044,0.27059666767447227,0.25916300335639547,0.26559513807296753,251928000
2000-07-24,0.2658330146178785,0.2677383259093414,0.23248507843504906,0.24296565353870392,281112000
2000-07-25,0.2467771062456162,0.2486824170008216,0.23343720495872716,0.23391376435756683,335304000
2000-07-26,0.23391384110529556,0.23391384110529556,0.21009430031945453,0.21652550995349884,380064000
2000-07-27,0.2096176441698557,0.21247605971339895,0.1981839683656822,0.20104238390922546,331560000
2000-07-28,0.20199458581138635,0.2208125729956561,0.19056091020866606,0.20580610632896423,512664000
2000-07-31,0.21723976831229397,0.2291500024955262,0.2058060934263839,0.22867344319820404,371232000
2000-08-01,0.22867352894872844,0.23057884001253576,0.22248013670098432,0.22414761781692505,350616000
2000-08-02,0.22105130222091596,0.23236515578252792,0.21747759817097645,0.22867344319820404,345432000
2000-08-03,0.20580609139361708,0.24391864958352782,0.20580609139361708,0.23867835104465485,368664000
2000-08-04,0.24439533213761172,0.24772936792755598,0.2391541313753762,0.24296565353870392,194784000
2000-08-07,0.24463310851637698,0.2641654765140341,0.24367998960615653,0.26202142238616943,246936000
2000-08-08,0.2563045918941498,0.27059668693925615,0.25535239981665503,0.2563045918941498,128112000
2000-08-09,0.25963950963278404,0.2613069765986835,0.24510960228710196,0.24868237972259521,136248000
2000-08-10,0.24296557850803943,0.2572576713614535,0.23820186559027864,0.2515408396720886,156432000
2000-08-11,0.2520174524194802,0.2539227635259866,0.23391380748655402,0.24558621644973755,131928000
2000-08-14,0.24868245344247364,0.25106432394555545,0.24010719078721418,0.24796807765960693,108576000
2000-08-15,0.24915893522912627,0.2763134390344803,0.24844455966898543,0.27137136459350586,443328000
2000-08-16,0.2860796887505947,0.2860796887505947,0.2698822843216389,0.27821972966194153,266232000
2000-08-17,0.27440828434341646,0.28488883241290913,0.27345516525693875,0.2834600806236267,129816000
2000-08-18,0.28226902859117525,0.29679896377579756,0.2817924965047864,0.29346397519111633,204720000
2000-08-21,0.3041833265597974,0.30942362680176305,0.2972755589317253,0.29798993468284607,464472000
2000-08-22,0.2825068558641318,0.2887002460710686,0.26726254595628535,0.2698822319507599,658872000
2000-08-23,0.26559513382926453,0.28607969227334806,0.26011611805014545,0.2856040596961975,352800000
2000-08-24,0.2839366610937771,0.29608473229974763,0.27869638667280816,0.29322630167007446,332616000
2000-08-25,0.2901299932277908,0.2963224859135522,0.28441316043916914,0.2858419120311737,153048000
2000-08-28,0.28727161482425967,0.30108715211994586,0.28393662503969863,0.2972756028175354,189264000
2000-08-29,0.2984664924844891,0.2991808682316705,0.29346403583374037,0.29656118154525757,149376000
2000-08-30,0.2932262166461305,0.30323023026895435,0.29012997054531553,0.29918086528778076,178080000
2000-08-31,0.30370670983239445,0.31442599595635884,0.2977520354968534,0.30251577496528625,388896000
2000-09-01,0.3087092660161486,0.31156766873944114,0.29965744385565496,0.30299243330955505,204144000
2000-09-05,0.3101388328724722,0.31037667638298816,0.3013248566827712,0.30346888303756714,246144000
2000-09-06,0.3046599618340095,0.3046599618340095,0.28012513136361056,0.2825070023536682,230136000
2000-09-07,0.28679497826238953,0.2982286417376973,0.2748847281372503,0.2977520823478699,239760000
2000-09-08,0.2944172399035843,0.3010871931209869,0.2791720219783075,0.28012514114379883,222648000
2000-09-11,0.27655227789691816,0.27821977267477477,0.25821084396084504,0.26869139075279236,285888000
2000-09-12,0.26892929212723826,0.2829835473978372,0.2629746143840534,0.2670239806175232,125976000
2000-09-13,0.26630945290458274,0.2713119082025918,0.2605925947925704,0.26690492033958435,239976000
2000-09-14,0.26821488971632573,0.28012511634866616,0.2610692771291637,0.2644042670726776,216336000
2000-09-15,0.26297447095312415,0.27393160086866875,0.2610691604825991,0.27018043398857117,242592000
2000-09-18,0.27083535483780957,0.2725028490604533,0.25154080835579923,0.25439921021461487,163488000
2000-09-19,0.24272788329878964,0.26297463421272754,0.24010726878987787,0.2622602581977844,301104000
2000-09-20,0.25511362973484875,0.2601161132645991,0.2496355408967034,0.2536848783493042,227568000
2000-09-21,0.25559029320211757,0.27035895215976324,0.2553524768210952,0.26458266377449036,346824000
2000-09-22,0.23843973994242437,0.27250294936291936,0.23820192361165987,0.269167959690094,387264000
2000-09-25,0.2775045145716248,0.2925119154612875,0.275361386804929,0.2884625494480133,467568000
2000-09-26,0.2915586142609628,0.2987051222817163,0.278219643587418,0.2953701615333557,337344000
2000-09-27,0.29298838670386207,0.3253831960048374,0.29298838670386207,0.31156763434410095,676128000
2000-09-28,0.3087092778317383,0.32300137377524457,0.3010871337913104,0.3210960626602173,333816000
2000-09-29,0.3120442032814026,0.32395445447370935,0.30680393046404375,0.3120442032814026,373872000
2000-10-02,0.31633141212489535,0.32871819657169443,0.29679904334668755,0.304659903049469,340584000
2000-10-03,0.30632735830107993,0.3087092285245124,0.28584187321528826,0.2882237434387207,300264000
2000-10-04,0.2806016200849734,0.28965341451420024,0.27679007135891276,0.28488877415657043,419568000
2000-10-05,0.2870328075735379,0.2870328075735379,0.2722641545388189,0.27821972966194153,525048000
2000-10-06,0.2789341385527593,0.28083944958520335,0.25701989951866894,0.26083052158355713,1027176000
2000-10-09,0.25416149588329845,0.27059672025656273,0.23629569337698428,0.26654738187789917,665256000
2000-10-10,0.25535235371770293,0.26821479532410375,0.2439186906497488,0.24630053341388702,415944000
2000-10-11,0.23129412063275534,0.2620214398299492,0.22200358226027106,0.24844464659690857,535776000
2000-10-12,0.2539226601086602,0.26869128220000027,0.23629558184157762,0.23867835104465485,401616000
2000-10-13,0.24034498266601062,0.2553523501400111,0.23778475047796055,0.24820584058761597,578976000
2000-10-16,0.24820582631968696,0.24820582631968696,0.23677216406918328,0.24248899519443512,339216000
2000-10-17,0.24153685774644007,0.2424890497983735,0.2222423064214383,0.2248619794845581,463248000
2000-10-18,0.21033206865373485,0.23415253084133708,0.20032714169025365,0.22128918766975403,416952000
2000-10-19,0.23558129020962626,0.24582404744833328,0.23200848450270986,0.24272780120372772,294888000
2000-10-20,0.23701094709522424,0.27154978317594275,0.23534345254854758,0.2653563916683197,387360000
2000-10-23,0.26750047157508744,0.26916793902346203,0.2510643221640622,0.25940176844596863,182112000
2000-10-24,0.25821068835775185,0.26249784019990374,0.2501119897716558,0.2510641813278198,193968000
2000-10-25,0.24415647849269706,0.2477292558529818,0.22748251794470722,0.22915001213550568,385512000
2000-10-26,0.23057880295340993,0.24772929851209433,0.21438139893358904,0.23891624808311462,265776000
2000-10-27,0.2391540848246176,0.24505020623186494,0.22486197670955288,0.23343722522258759,210960000
2000-10-30,0.2296266486731347,0.23480746790678364,0.21676329102834832,0.2170020341873169,192120000
2000-10-31,0.22557736167787854,0.2405838382907015,0.21866959121513202,0.23683176934719086,299256000
2000-11-01,0.2310553190204996,0.2401071108716915,0.22295661852942752,0.23677214980125427,304536000
2000-11-02,0.24510969703216295,0.26106926126908403,0.24106033144401953,0.25487586855888367,192888000
2000-11-03,0.2515409749994762,0.2763136257875389,0.2496356632713508,0.27154991030693054,268632000
2000-11-06,0.27798095584601407,0.3048976456007474,0.27631346151004993,0.29251179099082947,635040000
2000-11-07,0.28774719144948,0.28774719144948,0.2629745246904453,0.2727407217025757,258240000
2000-11-08,0.2758378474192142,0.2758378474192142,0.26059263563766055,0.26464200019836426,187080000
2000-11-09,0.2486824210713,0.26106920376325876,0.2253385202773004,0.23701094090938568,564528000
2000-11-10,0.24510967872999684,0.2572577200673195,0.2181929687273465,0.22414761781692505,805248000
2000-11-13,0.21295268560601704,0.24963558069149325,0.20580617427854633,0.22510074079036713,530040000
2000-11-14,0.2401071023522123,0.26821475046860943,0.23820181927955716,0.2663094401359558,470736000
2000-11-15,0.26154568535667466,0.2698822012920604,0.250826400356998,0.2627960741519928,423864000
2000-11-16,0.25535235371770293,0.26202137715727486,0.2439186906497488,0.24630053341388702,235536000
2000-11-17,0.24820584948038202,0.2608304750958461,0.23343719732037566,0.24153682589530945,178776000
2000-11-20,0.23260396500856295,0.2327228731706599,0.22033610197538295,0.22295670211315155,298752000
2000-11-21,0.2324850393378758,0.23439035030892116,0.20723583894045713,0.21866950392723083,382512000
2000-11-22,0.2096176696382101,0.21628670699674002,0.19818399244485535,0.20723581314086914,409752000
2000-11-24,0.2096177231148933,0.22724479598035716,0.2096177231148933,0.21914517879486084,165072000
2000-11-27,0.23486692179318353,0.23629567338459306,0.20300720881122822,0.21176083385944366,363864000
2000-11-28,0.21497690306751704,0.21723985183992342,0.19127626054257232,0.19598053395748138,382344000
2000-11-29,0.19889840897372074,0.19913623892925617,0.16912329525511485,0.18389193713665009,636408000
2000-11-30,0.16817015149267675,0.16817015149267675,0.13863377166207633,0.15435461699962616,981624000
2000-12-01,0.16388299848571208,0.18579723729346426,0.16292987955919008,0.16959983110427856,784080000
2000-12-04,0.17067186993616693,0.17626888157403026,0.15911836890762818,0.17221952974796295,474264000
2000-12-05,0.18436842849643784,0.19103746476047534,0.16721792233607108,0.18341532349586487,997224000
2000-12-06,0.17984254087713097,0.18484409719910647,0.15625991222738378,0.1572130173444748,950928000
2000-12-07,0.14959089009828258,0.16269204887967056,0.14149218771892066,0.15435461699962616,785184000
2000-12-08,0.1703141890922946,0.1905609447143099,0.15441406858300363,0.18960875272750854,853392000
2000-12-11,0.18341536129248695,0.1934193607250749,0.17865163446793741,0.18960875272750854,757632000
2000-12-12,0.18484412250017845,0.18817908447137768,0.1781750845080008,0.18436847627162933,409512000
2000-12-13,0.18365317480789156,0.18675032026875596,0.1667413948653246,0.1700763702392578,675072000
2000-12-14,0.1688845215123735,0.17031418609770818,0.1543546117973662,0.15840396285057068,569016000
2000-12-15,0.14839993502617607,0.15768957129020314,0.1419678148548616,0.14268310368061066,1094424000
2000-12-18,0.14863777588389573,0.1524493109017634,0.14530280030204012,0.14738740026950836,658872000
2000-12-19,0.14959090586852392,0.16292988234662822,0.1333925861919395,0.13625100255012512,946200000
2000-12-20,0.12934326556711703,0.14816127658499328,0.11481335034913301,0.12148330360651016,1105392000
2000-12-21,0.11981575406952877,0.13625097332626654,0.10480837287019801,0.10623803734779358,845256000
2000-12-22,0.11481331269080183,0.14577935768242425,0.11481331269080183,0.13363130390644073,949080000
2000-12-26,0.13529880688976312,0.1367275584261403,0.11957704709801345,0.1281522959470749,343824000
2000-12-27,0.12672351508368113,0.14196781230837147,0.12148324318925365,0.13672752678394318,339456000
2000-12-28,0.1312495113063705,0.14101569954397117,0.1291054698779416,0.1374419927597046,419232000
2000-12-29,0.1372041430640249,0.1417300412335645,0.12195892630342951,0.12487679719924927,495168000
2001-01-02,0.12577042168648014,0.12743790251125478,0.11362236884037746,0.11409892141819,290808000
2001-01-03,0.11052519740814336,0.15030523069486768,0.1076667752040968,0.14911429584026337,910368000
2001-01-04,0.1464937889544806,0.1700764429350101,0.14244443616036623,0.16626490652561188,815448000
2001-01-05,0.164835177619253,0.1655504665480725,0.13815721358579922,0.14137236773967743,432768000
2001-01-08,0.13744189208361904,0.16102453136077982,0.13744189208361904,0.1548311412334442,573768000
2001-01-09,0.15697523162331747,0.16102458319626,0.14935216110342714,0.15792742371559143,302904000
2001-01-10,0.1498287226774263,0.16959983456427075,0.14625593052050262,0.1688845455646515,392928000
2001-01-11,0.164835197852528,0.19008532675836678,0.16197678141699196,0.1829388290643692,447648000
2001-01-12,0.18603507437383876,0.19723093817938653,0.17722199452060491,0.1791273057460785,669000000
2001-01-16,0.18008045070787226,0.18008045070787226,0.16221554525070495,0.16507397592067719,414984000
2001-01-17,0.17769850488430478,0.1829387908051349,0.17031417878264163,0.17102855443954468,592584000
2001-01-18,0.17102856134058303,0.20866456902442274,0.16721795341992593,0.20384138822555542,948168000
2001-01-19,0.20961777840216553,0.21723992487257554,0.1953256779022591,0.1984219253063202,1018704000
2001-01-22,0.19246723612497313,0.20008938162895606,0.18508290699090946,0.19056101143360138,377712000
2001-01-23,0.18817905603822638,0.21342827913622994,0.18722686414477657,0.20955820381641388,433632000
2001-01-24,0.20937898681131356,0.21152302750977497,0.1965165554112287,0.20866461098194122,451728000
2001-01-25,0.20151900064145978,0.2019946469024991,0.1834153835527369,0.18770255148410797,440016000
2001-01-26,0.17722199231098323,0.19592109219663337,0.17591216241733074,0.19365814328193665,259248000
2001-01-29,0.18770261671281194,0.19484911669563693,0.1810335759475242,0.1946103870868683,354168000
2001-01-30,0.197707542430868,0.20306672555283117,0.1938960059071132,0.19889846444129944,243720000
2001-01-31,0.19913626691311537,0.20675932527598367,0.19246722724742402,0.19675439596176147,358344000
2001-02-01,0.19675429756018623,0.19913616732030953,0.18817903757974228,0.19776687026023865,371856000
2001-02-02,0.19794525077540576,0.20247114721486217,0.17722193788478588,0.1786516159772873,320520000
2001-02-05,0.17841288447380066,0.17960381954159835,0.16793232603112887,0.17841288447380066,367584000
2001-02-06,0.17507794235088972,0.18293882949991264,0.17466176378640721,0.17936603724956512,250440000
2001-02-07,0.17817506426894872,0.17960381558275484,0.16150110136717233,0.17102855443954468,720384000
2001-02-08,0.17198168102429198,0.1817478640228574,0.1693610813397256,0.1700763702392578,384288000
2001-02-09,0.16864672924830862,0.16983766451061796,0.16269206656676627,0.1688845455646515,259608000
2001-02-12,0.16697925803063787,0.16888456935062038,0.15625996683985185,0.16435958445072174,354336000
2001-02-13,0.16745580334384416,0.17722198825470478,0.16555049218573523,0.16936111450195312,467736000
2001-02-14,0.16721793111562924,0.18675029440795854,0.16007142195109628,0.18174783885478973,690888000
2001-02-15,0.20675925509907447,0.21866947813378823,0.20532959053923844,0.21509577333927155,1108512000
2001-02-16,0.20413868286520317,0.23248504311658683,0.20390086655505402,0.22676821053028107,1081176000
2001-02-20,0.22105137624101187,0.2258151034994788,0.20390086498421683,0.20413868129253387,701304000
2001-02-21,0.19651656428241715,0.222003598273448,0.19437252348716905,0.2134283483028412,646512000
2001-02-22,0.21223734678923972,0.2286734793775243,0.20580612598777126,0.22248008847236633,815304000
2001-02-23,0.2212891629374646,0.22486195449571983,0.20008930302428454,0.20711597800254822,1034664000
2001-02-26,0.2010424598462007,0.20675930672263282,0.1936581453453704,0.20247121155261993,751824000
2001-02-27,0.19746871275073868,0.20532959874876755,0.18913219417722923,0.1903231292963028,533832000
2001-02-28,0.1888935174783107,0.20008936841524844,0.1667414447495199,0.1703142374753952,784056000
2001-03-01,0.1681701636757432,0.18675033962636975,0.1524493171992986,0.18377210199832916,915288000
2001-03-02,0.1705520386941037,0.18270099304972418,0.16388300028602787,0.16608649492263794,1413504000
2001-03-05,0.15959484056740217,0.17198163345436326,0.15864264885834417,0.16769354045391083,742296000
2001-03-06,0.17626887984502107,0.18984660004824183,0.17329155520422762,0.18389193713665009,834408000
2001-03-07,0.18794125094270636,0.199136198686623,0.18460627564723553,0.19866055250167847,938280000
2001-03-08,0.19294369938103512,0.20747360718489577,0.19294369938103512,0.20532956719398499,829344000
2001-03-09,0.19461032034094633,0.19556342565792667,0.17293481058960297,0.19079969823360443,1216776000
2001-03-12,0.1843684966280445,0.19294375969213387,0.1757932335639551,0.18389193713665009,762144000
2001-03-13,0.18627374357390294,0.20866453545214445,0.18532062491950485,0.20580610632896423,1082352000
2001-03-14,0.19651658562003876,0.21819301310578004,0.19651658562003876,0.2174777239561081,1351128000
2001-03-15,0.2308175471546352,0.24290613252622636,0.22248010198586776,0.22819693386554718,1875984000
2001-03-16,0.2246241351873324,0.23343719901076715,0.21795418471383765,0.22724473476409912,1225200000
2001-03-19,0.22605289422264718,0.24201246845098584,0.2137264789067907,0.24034500122070312,943896000
2001-03-20,0.23748661646555888,0.2524940151905853,0.2153345463382828,0.21795423328876495,1990560000
2001-03-21,0.21843083613460082,0.24058381023900155,0.21723990058613213,0.23415260016918182,1877352000
2001-03-22,0.23629560838298347,0.25868732799137484,0.2343902978384597,0.2577342092990875,1697760000
2001-03-23,0.26249802265299826,0.2672626638446098,0.2424890920893547,0.2553524374961853,1509672000
2001-03-26,0.2553524228572844,0.27059671135538843,0.2553524228572844,0.269167959690094,1542960000
2001-03-27,0.2639276658458165,0.2732173042180256,0.24820589221258899,0.25940176844596863,1702152000
2001-03-28,0.2522553488246905,0.26630963284281867,0.25154097278800236,0.25958022475242615,1433280000
2001-03-29,0.2573171033114055,0.2725028595628894,0.252017377395183,0.2634510397911072,1632960000
2001-03-30,0.2615457698123494,0.26654732660867325,0.2458240249747999,0.24743203818798065,1423176000
2001-04-02,0.2467771102849081,0.2527317857674881,0.23391376818630927,0.23701094090938568,1265160000
2001-04-03,0.2334371672974108,0.25130298973068504,0.2331993510564354,0.2448708564043045,1991616000
2001-04-04,0.23558129443174122,0.23605785390259307,0.20509179258048582,0.2196217179298401,3362472000
2001-04-05,0.23415252390845798,0.24367997793321255,0.2277204027229919,0.2398693561553955,1724760000
2001-04-06,0.23677219420573875,0.251540846867412,0.23272282957078125,0.23891624808311462,1547664000
2001-04-09,0.24353730703277945,0.2494443870579333,0.2235283662534177,0.2273014783859253,1097160000
2001-04-10,0.23275121604817758,0.25611432204699214,0.23061722103167884,0.24875834584236145,1186416000
2001-04-11,0.26407947512562735,0.2736462649529674,0.2564957416453597,0.2637748718261719,1426872000
2001-04-12,0.2588968823550738,0.279171978819041,0.25394196648925427,0.26773831248283386,1440264000
2001-04-16,0.2629746438463321,0.2685012309283395,0.25641904559131345,0.26122117042541504,764112000
2001-04-17,0.25737203444043494,0.2761232667120805,0.25725770596926867,0.2740267813205719,1112448000
2001-04-18,0.2855747931159726,0.32166769607615736,0.2855747931159726,0.29445555806159973,2301864000
2001-04-19,0.29613215648667035,0.3248306981396981,0.2947985425718214,0.3197614550590515,1632264000
2001-04-20,0.31591249668801963,0.3429719005039329,0.30756591771538844,0.33142387866973877,1773840000
2001-04-23,0.3242205976181191,0.3245261004880576,0.3106145296740284,0.3139302730560303,1239000000
2001-04-24,0.31305395578030776,0.33649300386496966,0.28679494241492975,0.2917114198207855,1828320000
2001-04-25,0.29247330499465035,0.3155308992316573,0.2913683483541476,0.30512624979019165,1423728000
2001-04-26,0.3117579716049341,0.3117579716049341,0.2782197891736821,0.2810782194137573,1486008000
2001-04-27,0.2919401230823457,0.30234477627921497,0.28626080091786704,0.30108708143234253,915672000
2001-04-30,0.3092808255259567,0.3351968519674043,0.3027252319486639,0.3174746632575989,1583280000
2001-05-01,0.3186180971295603,0.34796512779265426,0.3134729348018916,0.3471263647079468,1867368000
2001-05-02,0.3561589441601457,0.3561589441601457,0.3346252319620636,0.3391611874103546,1547784000
2001-05-03,0.3289083325581252,0.33919865527475207,0.32685028437079955,0.3376747667789459,960504000
2001-05-04,0.3277650397092649,0.34769804653132486,0.32624117813260795,0.34232422709465027,953520000
2001-05-07,0.3410281319828215,0.36016078555008657,0.3370263357842627,0.35768377780914307,975600000
2001-05-08,0.36298088193540023,0.36313364705468043,0.3287566701941354,0.33180534839630127,1620144000
2001-05-09,0.3212479686798754,0.3282224981421079,0.314044754948383,0.3162555694580078,1319040000
2001-05-10,0.3254024983122504,0.3292515306397657,0.3018491366557438,0.30562224984169006,998904000
2001-05-11,0.3048601683231936,0.30680388829499733,0.29171144232569496,0.29780879616737366,921216000
2001-05-14,0.2986859038106452,0.3039069837344805,0.28793826843902515,0.30036255717277527,702432000
2001-05-15,0.30299248743086554,0.32395453821944176,0.29956235993420244,0.3111487925052643,1242600000
2001-05-16,0.3040214303985423,0.32776506039062425,0.30207771009199397,0.3258213400840759,957096000
2001-05-17,0.3268887644101898,0.3411049390391843,0.32185795766199027,0.3315765857696533,919056000
2001-05-18,0.33047169859712294,0.339198800371706,0.3224296954247233,0.3289084732532501,575832000
2001-05-21,0.32818501776708064,0.35063252294194086,0.321590983556795,0.3437723219394684,1064688000
2001-05-22,0.3488030359573274,0.357492626989098,0.3353881405853047,0.3540625274181366,1049976000
2001-05-23,0.3679741562771086,0.3811228859610097,0.3468218330395214,0.35105231404304504,2244912000
2001-05-24,0.34872718097347716,0.36526760288708193,0.3382466327357971,0.35623499751091003,1680576000
2001-05-25,0.34907013121656644,0.3542537035797861,0.3430102858857066,0.3494890630245209,947952000
2001-05-29,0.3475078562746426,0.34758377540294166,0.3304332763100394,0.3351594805717468,920568000
2001-05-30,0.32727025561848894,0.3438865954625497,0.3254783733004352,0.3289084732532501,3308904000
2001-05-31,0.331538147630855,0.3334818677914101,0.31922821072072954,0.3262786567211151,1262928000
2001-06-01,0.3285279436792116,0.34712641151579876,0.32662170581329375,0.344343900680542,1022472000
2001-06-04,0.3445725446891774,0.3464019363780381,0.33447339426329303,0.3390084505081177,621552000
2001-06-05,0.33862698507280303,0.3603509711085388,0.33805531557712665,0.35680651664733887,987168000
2001-06-06,0.3581410180766198,0.36301908580693176,0.35291903820250126,0.3583312928676605,698976000
2001-06-07,0.35516841825892476,0.3795980475312495,0.35253867247796117,0.3785690367221832,1141152000
2001-06-08,0.3774256465869969,0.3779973161940805,0.36481017876119154,0.36873602867126465,712680000
2001-06-11,0.3692693696690391,0.3696892010978599,0.35223317129851495,0.35795003175735474,581928000
2001-06-12,0.35044216472845413,0.37521480511698396,0.3496802202731892,0.3698793947696686,1102728000
2001-06-13,0.37258500336485545,0.37822594302053686,0.3542536327890687,0.3574550747871399,938712000
2001-06-14,0.35284322336719487,0.36279053613813383,0.3477739797679813,0.35669225454330444,946152000
2001-06-15,0.3525386410609454,0.3685457712733491,0.345983018448744,0.3622572422027588,1094544000
2001-06-18,0.36134252609323886,0.3672111959970731,0.34396334687280533,0.34792670607566833,856656000
2001-06-19,0.3544824255268384,0.3627521588330372,0.32185802572925976,0.3289084732532501,1513128000
2001-06-20,0.32284844938802854,0.3468216533330773,0.3161410182811102,0.3430485427379608,1759200000
2001-06-21,0.34167659007021167,0.35558723269318154,0.3325296327633118,0.34952738881111145,1484568000
2001-06-22,0.34777391707387895,0.3570736121874683,0.34339162643531296,0.3479650914669037,761184000
2001-06-25,0.3518526271379188,0.3533005696788128,0.3371406738678105,0.3472791612148285,640032000
2001-06-26,0.33958017352113984,0.3590174310465272,0.33824655944399185,0.35730236768722534,757920000
2001-06-27,0.35558729608931017,0.35634924053570893,0.34019027186265,0.34625011682510376,895752000
2001-06-28,0.3508995761714993,0.3553971238452174,0.3468218599494891,0.35032787919044495,909336000
2001-06-29,0.3515855186077438,0.35901741404612025,0.3476221318140071,0.35349082946777344,730920000
2001-07-02,0.339504312499456,0.3423627155741018,0.332720031541615,0.33782675862312317,1040016000
2001-07-03,0.3355025153669869,0.3456784870100341,0.3337874789747945,0.3421340584754944,406296000
2001-07-05,0.33805549823744857,0.340151957061055,0.31690317026822723,0.3173230290412903,1020096000
2001-07-06,0.31255817450778584,0.3149976717191232,0.30146749888550195,0.3075657784938812,802824000
2001-07-09,0.3035640609899368,0.3109200369977384,0.2946073774975492,0.2975042164325714,1014072000
2001-07-10,0.30146763677775223,0.30546943355870115,0.2963225006422583,0.2999437749385834,1221744000
2001-07-11,0.2988002585858173,0.30417407625523735,0.29011067121782014,0.2993719279766083,904632000
2001-07-12,0.3134729638744547,0.3172845126055379,0.3058508205125413,0.315073698759079,981552000
2001-07-13,0.3127494982172972,0.31617959812996776,0.3020393397912648,0.30855652689933777,690144000
2001-07-16,0.3050888119724917,0.30870918551247384,0.2822214871093467,0.28374534845352173,1191696000
2001-07-17,0.2789816876072789,0.3023823042144716,0.2763135054256559,0.2996007204055786,1169904000
2001-07-18,0.2924734471222885,0.300552931949788,0.28309783067894645,0.28923359513282776,840984000
2001-07-19,0.2934264620089176,0.3061178462437984,0.28892891619228006,0.2938838303089142,840024000
2001-07-20,0.2865662575802683,0.2930834422049024,0.2763134442641944,0.2854228913784027,742464000
2001-07-23,0.2858419214132272,0.2862233434717536,0.2580580831625802,0.258401095867157,1547976000
2001-07-24,0.26186952689884146,0.27612320936409646,0.25634297044009385,0.27589455246925354,1365312000
2001-07-25,0.27539884456404745,0.2759330316940105,0.26404199783062315,0.27322643995285034,1245888000
2001-07-26,0.2706350934991849,0.30299239221603674,0.2692630429316841,0.30108708143234253,1714152000
2001-07-27,0.30051539419969264,0.3120250048031935,0.2915587103981805,0.3087092339992523,1094688000
2001-07-30,0.3090907662042462,0.3103484615396779,0.2980375931967215,0.3013533651828766,582288000
2001-07-31,0.3017731279732316,0.3096623647720752,0.2907967771800525,0.3083278238773346,1187760000
2001-08-01,0.31438771062480436,0.3287566256969797,0.31221530587143065,0.3271559178829193,1204944000
2001-08-02,0.33130947429776897,0.3361115966001338,0.32010446773890966,0.33493074774742126,1097928000
2001-08-03,0.33157664545132415,0.33744621636410127,0.3253265247937864,0.3323010802268982,820344000
2001-08-06,0.3299374784348362,0.345754362348474,0.32639305034925026,0.3423626720905304,1292568000
2001-08-07,0.34228572290886794,0.34396327593265896,0.33329153187192184,0.3372933268547058,1088616000
2001-08-08,0.33435912917194777,0.34301031154135,0.32723183590196736,0.3287182152271271,1125696000
2001-08-09,0.3271933930547108,0.3336346602444962,0.31709424174853734,0.3229629397392273,1643616000
2001-08-10,0.32281111045849553,0.32700315489368065,0.3129013333130021,0.3225824534893036,1036488000
2001-08-13,0.32810812781075993,0.3397704788560048,0.3232300577153635,0.3361116945743561,1514784000
2001-08-14,0.3300142392697513,0.33214820670491435,0.3230396861133583,0.32719331979751587,2321160000
2001-08-15,0.3345877834859344,0.33851273394740156,0.3246779800639323,0.32757481932640076,1816392000
2001-08-16,0.32155342302366235,0.3418669564522362,0.3202573185271535,0.34137117862701416,1026096000
2001-08-17,0.33271991669724565,0.33706469768463093,0.31655999636202226,0.31926658749580383,1668840000
2001-08-20,0.317246098825242,0.3204859509178208,0.3073372217836608,0.3170558512210846,1183320000
2001-08-21,0.317856249153899,0.3262412655839619,0.3098910914436285,0.31038594245910645,1186656000
2001-08-22,0.31587406136127755,0.32349710451555747,0.3058508290235129,0.323154091835022,1498104000
2001-08-23,0.32204829767620163,0.3262028327412492,0.3144261526209347,0.3159884512424469,1013592000
2001-08-24,0.31938092618212527,0.33153812443165326,0.3175131252671325,0.3250209391117096,1110936000
2001-08-27,0.3177419663840074,0.3405708947924818,0.3165226803483418,0.3362645208835602,1279608000
2001-08-28,0.3353497917195437,0.3428200984522332,0.32928994532518596,0.33188125491142273,1178760000
2001-08-29,0.3327959463664963,0.33489240481955873,0.31842793026591903,0.32121041417121887,1435800000
2001-08-30,0.3151879837586394,0.322429603680847,0.30775608901220053,0.320181280374527,1431312000
2001-08-31,0.3180465260482082,0.3257839270620249,0.31385448086768303,0.32284867763519287,887904000
2001-09-04,0.3219722857083785,0.3219722857083785,0.29815183872545403,0.30040106177330017,1856136000
2001-09-05,0.30013399036689203,0.3090906747105841,0.2879383809795097,0.30680394172668457,2395584000
2001-09-06,0.3007439577301933,0.3102338979575665,0.2928922341533649,0.2942642569541931,1950768000
2001-09-07,0.28965338796178214,0.3018490233828587,0.28812859959909004,0.2973514497280121,1970256000
2001-09-10,0.29483605188884304,0.2993720075046738,0.28275477252207243,0.2887386977672577,1872360000
2001-09-17,0.2707493720114836,0.27738091218433236,0.2577908949045389,0.2590870261192322,1138596000
2001-09-18,0.2641177878785017,0.2660230979935784,0.23759168612214765,0.24346128106117249,894372000
2001-09-19,0.2448333546486726,0.24765334723243454,0.2062634654594889,0.24048857390880585,1561908000
2001-09-20,0.2276060486541894,0.23591511625483208,0.2134282972495187,0.22013665735721588,1470696000
2001-09-21,0.20313800823189185,0.21556321526855943,0.19825993884808168,0.20557749271392822,1226304000
2001-09-24,0.22188916554104487,0.23202762247859,0.21205619777896256,0.22867344319820404,1507500000
2001-09-25,0.2293595647064755,0.23926844209883003,0.21906925162198623,0.21975527703762054,941724000
2001-09-26,0.22257525971350187,0.22333811743056192,0.20961770519705206,0.2118276059627533,430812000
2001-09-27,0.21106564396566188,0.21342830962505133,0.19444840738099906,0.20008932054042816,907296000
2001-09-28,0.20580615160980434,0.21960248174364186,0.19704064202882954,0.20938901603221893,1044876000
2001-10-01,0.20923618000774832,0.21266627796771198,0.18827414313247018,0.1916283220052719,972804000
2001-10-02,0.19132384969322103,0.19894599441527933,0.17272445248039348,0.18202415108680725,1123032000
2001-10-03,0.1811093711142081,0.22935947476222304,0.1811093711142081,0.21784988045692444,1798824000
2001-10-04,0.22943536514430207,0.2576390204836756,0.2215086217111775,0.24612851440906525,1980576000
2001-10-05,0.24239392809776633,0.25680037942403633,0.23317107651925653,0.2507789433002472,1078212000
2001-10-08,0.24086907037947553,0.265947235565562,0.24086907037947553,0.2564188838005066,765900000
2001-10-09,0.2571049437161438,0.2622125968446977,0.23797321605029792,0.24529075622558594,917556000
2001-10-10,0.24094592664379658,0.26297448918384864,0.23934521930718244,0.2610691785812378,968124000
2001-10-11,0.27501831216029127,0.29011078815665087,0.2735694427516831,0.28934791684150696,918000000
2001-10-12,0.2820304182242975,0.308709300998359,0.28103978939899016,0.30817604064941406,1253100000
2001-10-15,0.2991808714668484,0.31633139610610234,0.2907967835793804,0.30680394172668457,908568000
2001-10-16,0.30642243123512,0.34011333730023025,0.30009549437556887,0.3376747667789459,1383852000
2001-10-17,0.34514421889700975,0.34529698396819486,0.3163313743752167,0.31785616278648376,1695540000
2001-10-18,0.31785606983030495,0.3343964822696302,0.3170941256375918,0.3312718868255615,1020864000
2001-10-19,0.32654580150077644,0.3430103021082128,0.32242967634891734,0.33813223242759705,1059264000
2001-10-22,0.3356169256991962,0.3506325332668614,0.32814659080789066,0.3461358845233917,970824000
2001-10-23,0.3505565383119256,0.35680663173799154,0.332338564258647,0.3400375545024872,953028000
2001-10-24,0.33386329126671466,0.3558918545386773,0.33005174309477314,0.35505399107933044,1212144000
2001-10-25,0.34682195133743177,0.3821895369667463,0.34148563893458483,0.37586352229118347,1152396000
2001-10-26,0.37327097005386156,0.38447597439972514,0.34682168380910416,0.34903159737586975,1097124000
2001-10-29,0.3502517327824132,0.3563490848501678,0.3202955337216371,0.3206760287284851,1004796000
2001-10-30,0.31480754353592255,0.33493082883082675,0.3075659217236292,0.3201429545879364,1153380000
2001-10-31,0.3321099621045001,0.34110505829191196,0.32204831783047394,0.3266986310482025,989292000
2001-11-01,0.33089061181755125,0.3572639896953545,0.3258597770286951,0.35459673404693604,1093776000
2001-11-02,0.3529959595367422,0.36389543619159503,0.33996156110640724,0.3595506548881531,1087248000
2001-11-05,0.3658017330207888,0.3757865291001097,0.3585600843824037,0.3608468174934387,933456000
2001-11-06,0.3601607956514413,0.38729701511690146,0.35825548471114255,0.38561946153640747,1415376000
2001-11-07,0.3826466152888974,0.40078866382291767,0.3804367287965396,0.3859248757362366,1419144000
2001-11-08,0.39072709167125336,0.3959097366685518,0.36778291745047,0.37921658158302307,1915188000
2001-11-09,0.3959866944438683,0.4058196538265189,0.38866915278469105,0.4055141508579254,2270484000
2001-11-12,0.40399023370004206,0.4267807753913767,0.3916418574466087,0.4164145290851593,1458636000
2001-11-13,0.4177106022547964,0.4177865213758313,0.4070388544979824,0.41298437118530273,1446516000
2001-11-14,0.416033096724381,0.41999738378085333,0.3902698241691141,0.40147483348846436,1150224000
2001-11-15,0.3969012491703666,0.40909688449655207,0.3918704426027975,0.4036087095737457,874944000
2001-11-16,0.40399005481750083,0.4082580166088711,0.3946903605742,0.4001026153564453,496128000
2001-11-19,0.4040661191006938,0.40780082212755414,0.36968917586367733,0.3913363218307495,1943052000
2001-11-20,0.393242508358902,0.40010270683275523,0.3760151662186555,0.380359947681427,937884000
2001-11-21,0.373957025998505,0.38546753409735723,0.3643527552390817,0.37548181414604187,728412000
2001-11-23,0.3769299842076931,0.3811229562098504,0.3704512053978011,0.38074150681495667,254016000
2001-11-26,0.38714416728898543,0.40848673109140393,0.38607672015684896,0.4079534709453583,1215780000
2001-11-27,0.40772485600422803,0.421521199539959,0.4001786321147054,0.412298321723938,1183992000
2001-11-28,0.4070388792908202,0.4138231595637683,0.3905743789261557,0.39148908853530884,740844000
2001-11-29,0.4199205076502836,0.4220554024951568,0.40703887229786156,0.4086395800113678,5135472000
2001-11-30,0.4084868984721659,0.41946322428591093,0.4024654615707338,0.41649046540260315,1034028000
2001-12-03,0.4077249471600059,0.41283167425800066,0.4028468770431143,0.4101644456386566,851496000
2001-12-04,0.41222239664605587,0.44362660455652814,0.41222239664605587,0.4431692361831665,1384644000
2001-12-05,0.44667519802613737,0.47983284707947843,0.44629470291660744,0.4789181649684906,1707036000
2001-12-06,0.4751834967880117,0.47640278217965,0.45940502570332786,0.47137194871902466,1138944000
2001-12-07,0.46786578617710367,0.4721346467287899,0.44880995992101635,0.4569653868675232,807036000
2001-12-10,0.45467894925652014,0.4719821871717586,0.45086832673908744,0.4615391492843628,695868000
2001-12-11,0.46961936824882805,0.4889797477022955,0.4649690847687305,0.47808027267456055,792252000
2001-12-12,0.4817392604895243,0.49317292735366636,0.4724395618905487,0.49294427037239075,1004628000
2001-12-13,0.4832629684815077,0.4894371408210911,0.47686008472638153,0.4787663221359253,881400000
2001-12-14,0.4786895584304734,0.5027002798599353,0.4764796443464733,0.5003376007080078,754680000
2001-12-17,0.4965261323752534,0.52556769240849,0.4965261323752534,0.518326997756958,1080960000
2001-12-18,0.5069690710187905,0.5141338716437553,0.5007189524727585,0.5049869418144226,886968000
2001-12-19,0.4966786690335145,0.5068162256993589,0.4892852126898419,0.49119052290916443,854652000
2001-12-20,0.4931726689018433,0.5020909407381763,0.47007669029595056,0.47182923555374146,951228000
2001-12-21,0.48211946953812995,0.4954593666076285,0.47655543177670506,0.4922579526901245,723972000
2001-12-24,0.49202935413351007,0.5070449249293024,0.49180064274088536,0.5045295357704163,265308000
2001-12-26,0.5070450570814024,0.5254917397343449,0.5069691652240698,0.516878068447113,642156000
2001-12-27,0.5213755155821118,0.53120847106516,0.5206135985136878,0.5288458466529846,730152000
2001-12-28,0.5319704404209246,0.5354773306811424,0.5110092977864831,0.5161160230636597,757680000
2001-12-31,0.5199277184689218,0.5229004770859589,0.5087986012819438,0.5099419951438904,737580000
2002-01-02,0.5121526708181993,0.5217569699982589,0.49927013805977777,0.5129905343055725,1298904000
2002-01-03,0.5140580684783284,0.5488164878402225,0.5137535196605293,0.54660564661026,1414752000
2002-01-04,0.5538474110998818,0.5538474110998818,0.5213757709587373,0.53067547082901,936288000
2002-01-07,0.5328093978794561,0.5335713697817503,0.5092560373023381,0.516420841217041,973068000
2002-01-08,0.515354307893061,0.5349434077642479,0.513600834816011,0.5225191116333008,774360000
2002-01-09,0.5297607010007382,0.5392881294737227,0.5080367073073293,0.5153542757034302,1141188000
2002-01-10,0.5126099207793705,0.5196219555059061,0.4985081058124358,0.5030056238174438,992508000
2002-01-11,0.5063589751963976,0.5065116857177717,0.4787662939081089,0.4807475507259369,1380852000
2002-01-14,0.4796811428999466,0.48303445121717403,0.4555176794528961,0.4555176794528961,1369560000
2002-01-15,0.47449743023904645,0.4983553823455931,0.473964170116665,0.4980507791042328,1838808000
2002-01-16,0.49126661902790536,0.4944680340330934,0.4767842506101919,0.47861361503601074,1115388000
2002-01-17,0.4944680439611996,0.4954595448885384,0.47655560325542096,0.49538272619247437,1121544000
2002-01-18,0.47670821092739074,0.48974263436009663,0.47640273536943656,0.48631250858306885,803676000
2002-01-22,0.4908859676070139,0.49218119922339093,0.46862779637296786,0.4741159975528717,1085028000
2002-01-23,0.47838484228721423,0.48646432421835334,0.4689333101089039,0.48303425312042236,889164000
2002-01-24,0.48783648954264747,0.5053684346277075,0.4775461647814466,0.5003376007080078,1137684000
2002-01-25,0.493173035875218,0.5114669614034042,0.4870748062723206,0.49904173612594604,817752000
2002-01-28,0.5087985136210573,0.518326921375677,0.5037677341513015,0.518250048160553,924288000
2002-01-29,0.519470344687121,0.5209942337538371,0.48478787040430704,0.4928674101829529,1381932000
2002-01-30,0.49545960566210273,0.4991943359412004,0.4836445180221284,0.4988129138946533,1218456000
2002-01-31,0.5052925625948607,0.5091800034374724,0.4844064343837481,0.5010996460914612,973980000
2002-02-01,0.5002616001223461,0.5055969816580768,0.48593107313728295,0.4888278841972351,688272000
2002-02-04,0.4877604987011052,0.4996515298708659,0.4650459380594156,0.46580785512924194,1104864000
2002-02-05,0.46268241744655286,0.4667225681643966,0.44309329657389646,0.4612344205379486,1474620000
2002-02-06,0.47343004308934455,0.4809003199484243,0.46420716608056306,0.47274401783943176,1242528000
2002-02-07,0.4733542484883545,0.4733542484883545,0.45521314645423944,0.45742306113243103,964476000
2002-02-08,0.4604725454173987,0.46306388166286505,0.4225127406221317,0.4399678409099579,1871292000
2002-02-11,0.43928178839332516,0.46496916380198866,0.4376810808936735,0.46428313851356506,1249224000
2002-02-12,0.45727098072009825,0.4828824317529858,0.45201149093602305,0.4741159975528717,1216500000
2002-02-13,0.48021429091557283,0.48829382879085703,0.46344524532986486,0.46801871061325073,1230432000
2002-02-14,0.4719819100989407,0.4836442814639974,0.4660364505143921,0.4738113284111023,1225692000
2002-02-15,0.45201161744534063,0.45467887284320735,0.43257436003973265,0.4371478259563446,3988548000
2002-02-19,0.418472498512928,0.4228172797961636,0.4048279939844621,0.40818217396736145,1972524000
2002-02-20,0.4009405625096039,0.4340982150770939,0.4001786181097168,0.4295247495174408,1838736000
2002-02-21,0.42365610365879597,0.4238079418953882,0.3996453808323435,0.4001786410808563,1531044000
2002-02-22,0.3921750013141351,0.3967484662666029,0.3754059024217669,0.38051265478134155,2585616000
2002-02-25,0.3822662531915272,0.4132890173204947,0.38218940722227535,0.41031625866889954,1599564000
2002-02-26,0.4193113602069618,0.4264761633717364,0.4081822699681728,0.4192345142364502,1902672000
2002-02-27,0.4287628471746544,0.43059223902996063,0.4039901788966467,0.40513354539871216,1723224000
2002-02-28,0.4024653646432408,0.4097070124802249,0.3853907600649738,0.3888208866119385,1585440000
2002-03-01,0.39255658659574255,0.42685761527186034,0.3914132198818724,0.4264002740383148,1311396000
2002-03-04,0.42769539469445755,0.4550602985563723,0.423579269884098,0.4501822292804718,1484724000
2002-03-05,0.4432451553563408,0.46108167685959184,0.44286466019862164,0.4490388333797455,1379448000
2002-03-06,0.43562308529413013,0.44004381387622943,0.42556144281668834,0.434937059879303,1446060000
2002-03-07,0.44111121485979465,0.4425591574050268,0.4193872244000208,0.43143099546432495,1346532000
2002-03-08,0.4396632764967265,0.453459621673946,0.437528381616052,0.4443126618862152,1270356000
2002-03-11,0.4394347039975052,0.44431274728172604,0.4318116317790618,0.43912917375564575,810540000
2002-03-12,0.4257141017740735,0.4280008344133608,0.41313707225799334,0.4161098301410675,1255032000
2002-03-13,0.4122223672552734,0.4151951251701432,0.4070387957867424,0.4085635840892792,1031616000
2002-03-14,0.405513966897637,0.405513966897637,0.3850861127687732,0.3859248757362366,1139460000
2002-03-15,0.388669038525069,0.40269403862366476,0.38127465306229136,0.402236670255661,1248288000
2002-03-18,0.40955423702365773,0.41839659218504394,0.3976632046556657,0.402236670255661,1236996000
2002-03-19,0.40513361088821453,0.40589555548600803,0.3913363646714701,0.3936999440193176,846072000
2002-03-20,0.3872202051671374,0.387983076538398,0.3533006023660596,0.35459673404693604,2292588000
2002-03-21,0.36061810057701393,0.37769267694578856,0.35108972041191344,0.37342381477355957,1721712000
2002-03-22,0.3801312927226072,0.3801312927226072,0.3674023966304663,0.37022238969802856,1249140000
2002-03-25,0.36846907904312415,0.3689264203255907,0.350632523686787,0.35108986496925354,884160000
2002-03-26,0.3474310484113932,0.3671737842668476,0.3454498180710374,0.358255535364151,1123512000
2002-03-27,0.3527673317559607,0.3599321344144041,0.34072355996512266,0.3468218147754669,1068012000
2002-03-28,0.34918447620599663,0.3513952902458054,0.3191523416929204,0.33813223242759705,3124080000
2002-04-01,0.3193809481380143,0.33515942084783723,0.3091665696307286,0.3325671851634979,2365344000
2002-04-02,0.32258254656829854,0.34064776082756476,0.3219724400942731,0.32387775182724,1438008000
2002-04-03,0.3253265175491266,0.33416794733550625,0.3186181562666624,0.3299759030342102,1094640000
2002-04-04,0.3274604189842152,0.3395801068089518,0.3229628730433165,0.32837510108947754,1130964000
2002-04-05,0.33050918166179977,0.33584549198849406,0.3175515997919282,0.3209048807621002,1026900000
2002-04-08,0.30604106388513824,0.3316524922847748,0.305965144772808,0.3316524922847748,1151316000
2002-04-09,0.3349307624481346,0.3376748363499288,0.3099285126738784,0.31069135665893555,1380768000
2002-04-10,0.31320681022184066,0.3155694624070795,0.2713595624764258,0.293540894985199,3689724000
2002-04-11,0.29117737937822397,0.2949129826985189,0.277456978018307,0.28065839409828186,1437288000
2002-04-12,0.2869091858604672,0.28919591759225755,0.270825217819046,0.2795916497707367,1376880000
2002-04-15,0.28500309377396366,0.29567481277855556,0.2843170685198132,0.2908726632595062,1157208000
2002-04-16,0.30390716797490247,0.30703269206085965,0.2975802279259358,0.30352574586868286,854856000
2002-04-17,0.3071085512638092,0.31160609820189805,0.2975042507290923,0.3071085512638092,944484000
2002-04-18,0.3039829742806425,0.30726123500435687,0.29537023079253694,0.3020017445087433,693156000
2002-04-19,0.2917873372775859,0.2953702009145309,0.28103967320676554,0.28142109513282776,1125672000
2002-04-22,0.2782955596064053,0.2885099348141291,0.2782196405161589,0.2827931046485901,808176000
2002-04-23,0.2850030486596251,0.28828130893060555,0.26884405701983205,0.27135947346687317,773508000
2002-04-24,0.2744841188037979,0.2785243240500297,0.2468914606103459,0.2475774586200714,1582956000
2002-04-25,0.2465859360163477,0.26213575161257563,0.24651001690250035,0.2571817636489868,1168296000
2002-04-26,0.2600018059204878,0.26030640927377663,0.2314935326576233,0.2314935326576233,1191120000
2002-04-29,0.2588584217440735,0.27395087081282593,0.25016883068206475,0.2700634300708771,3930852000
2002-04-30,0.27646631923289394,0.2801251034376334,0.259544476360988,0.2653372287750244,1776504000
2002-05-01,0.26099243358505886,0.2738749691218754,0.25420905269085803,0.2701393663883209,1718904000
2002-05-02,0.27143530263725923,0.2781427323138343,0.2591628549615697,0.25923967361450195,1125084000
2002-05-03,0.2595443922140041,0.2615265487774005,0.2483393862572756,0.2496355175971985,852756000
2002-05-06,0.24315581083444215,0.2545895007565656,0.23812500471510917,0.24010713398456573,1102044000
2002-05-07,0.24544248934832233,0.2505501402893254,0.23408567513147516,0.24612851440906525,1412448000
2002-05-08,0.2628986674444587,0.2786771442748028,0.25458959757796706,0.2744082808494568,1688688000
2002-05-09,0.2735694280518368,0.2792103411395735,0.26221258233923767,0.26266995072364807,1230840000
2002-05-10,0.2680812464478283,0.26907277452993894,0.24010714060696917,0.2430039793252945,1321548000
2002-05-13,0.24551952223078585,0.25855392653010617,0.24346147274142835,0.2577151358127594,800892000
2002-05-14,0.27417951608787733,0.28622328589944224,0.26945328556204184,0.2833264470100403,1526112000
2002-05-15,0.27898163652889635,0.2942268196637158,0.27509416948582055,0.2888905107975006,1504548000
2002-05-16,0.28896746810992824,0.2953703548690406,0.28309789627726945,0.2894248366355896,985560000
2002-05-17,0.29727554451196353,0.2994095395593703,0.28988208569258167,0.2985716760158539,934404000
2002-05-20,0.2960561835312101,0.30375424369588017,0.2946841605202821,0.3017730414867401,953412000
2002-05-21,0.3056605098604586,0.30985255290760383,0.27844837681614565,0.2787529528141022,1382604000
2002-05-22,0.28096388110134085,0.2917115500301117,0.2805065398673536,0.2900339961051941,1547988000
2002-05-23,0.29087271086095123,0.2914828171045266,0.26373649035590946,0.27235016226768494,2556780000
2002-05-24,0.2671665503184361,0.26853860084785636,0.260840539232878,0.2670147120952606,737784000
2002-05-28,0.2693773342513774,0.26953009929787153,0.25108347459369545,0.2564188838005066,1367088000
2002-05-29,0.25230283407952386,0.2671665994199803,0.24841536595170485,0.26610007882118225,1311012000
2002-05-30,0.2606877564505489,0.2685385825952216,0.25558103117819936,0.2622125446796417,1066080000
2002-05-31,0.2637365877371709,0.26487995468337266,0.25458965216755675,0.2550469934940338,674112000
2002-06-03,0.24887262067971958,0.2500159867219847,0.2369815920321647,0.2400311678647995,901248000
2002-06-04,0.23850667375040985,0.2534463970540483,0.23812525140650648,0.2521511912345886,1095432000
2002-06-05,0.2526842704525321,0.2527601895823766,0.23972578819843246,0.24849222600460052,1114308000
2002-06-06,0.24589990362019987,0.25192223759687044,0.2458239845169642,0.24856805801391602,739356000
2002-06-07,0.22836901051567948,0.24925423198211674,0.22829217815654396,0.24620555341243744,1371300000
2002-06-10,0.24948277017559875,0.25641891474757783,0.24353728142529474,0.24414736032485962,749148000
2002-06-11,0.2481867221299051,0.24925416962550895,0.23256098418612448,0.23317109048366547,859308000
2002-06-12,0.2276060622297497,0.23172218692854796,0.20329074967951746,0.2130477875471115,2267544000
2002-06-13,0.21464848149490467,0.2186118406130974,0.204129500518835,0.21083694696426392,1265892000
2002-06-14,0.20306208933917616,0.2164010654876265,0.1962018766190668,0.21480035781860352,1116444000
2002-06-17,0.21960250138422432,0.22242342161978268,0.21297097266189427,0.21670658886432648,1054140000
2002-06-18,0.21403839094631688,0.22181329879116343,0.21152298760239743,0.21556319296360016,1008300000
2002-06-19,0.2050442102090493,0.2050442102090493,0.1801947120399618,0.18179543316364288,2593620000
2002-06-20,0.18217687658040405,0.18713086513196697,0.17775524872912601,0.18011881411075592,1425048000
2002-06-21,0.1792041624171677,0.1861402960282961,0.16906569944110403,0.17272447049617767,1484364000
2002-06-24,0.16830367898087498,0.18133806288492332,0.16312010769420582,0.1759258210659027,1379592000
2002-06-25,0.17912728471054923,0.17912728471054923,0.16030013289990278,0.16136758029460907,1172232000
2002-06-26,0.14307370233522562,0.15839483546623065,0.1391094156680197,0.15298259258270264,2067828000
2002-06-27,0.158623552243287,0.1598428382374034,0.1280572098310673,0.13019119203090668,3182808000
2002-06-28,0.12805715841994217,0.13636532645042437,0.125237151790457,0.13095399737358093,1991184000
2002-07-01,0.1303439338034437,0.1341554698413636,0.12790444878672289,0.13064852356910706,1164372000
2002-07-02,0.1291246500823291,0.12958199134378584,0.11906301966021572,0.12241628766059875,1368180000
2002-07-03,0.12165433909243326,0.13324077167757817,0.12157841995478867,0.1330121010541916,1073304000
2002-07-05,0.1425395425507312,0.14482627580384558,0.13842341724312324,0.14475035667419434,739524000
2002-07-08,0.14307375444559003,0.15427876674577623,0.1429210029349802,0.14909519255161285,1587180000
2002-07-09,0.14947658184591298,0.15138189312177988,0.13857617538386555,0.14177760481834412,1075080000
2002-07-10,0.14520768417935315,0.1463510506980879,0.1368995152179679,0.13789013028144836,926988000
2002-07-11,0.13712817357397689,0.15244929021465026,0.13590796132251312,0.15191510319709778,1143948000
2002-07-12,0.1600714903745876,0.16068159672137947,0.14863780956997283,0.15176331996917725,1344900000
2002-07-15,0.152143839840792,0.16693170140479774,0.14528362602538622,0.16685578227043152,1495272000
2002-07-16,0.16273958544176062,0.1779838683467404,0.15968999556675384,0.1623581498861313,1773432000
2002-07-17,0.15885219335637538,0.16197679032553552,0.1422349405030834,0.14856187999248505,1922364000
2002-07-18,0.1461223939000619,0.15473606658424735,0.1443689209752195,0.14475035667419434,1243188000
2002-07-19,0.14032958802206372,0.14589366755932914,0.13720407906551332,0.13819468021392822,845772000
2002-07-22,0.13758556943914876,0.14147302459622513,0.12615188822363538,0.131791889667511,1290744000
2002-07-23,0.13255466244503591,0.13339252569122856,0.11746222001504969,0.12195885181427002,1409652000
2002-07-24,0.12028223867342114,0.13171590014960216,0.12020631957557128,0.12973377108573914,1175100000
2002-07-25,0.12470297964772213,0.12508440164191786,0.11060205358975363,0.11479409039020538,1796448000
2002-07-26,0.11814827371102819,0.1208923473832311,0.10900132966701515,0.112125925719738,1221900000
2002-07-29,0.1167762100180652,0.11738540286393385,0.11151672698873313,0.11525142192840576,1227720000
2002-07-30,0.11471818632926264,0.12942921368135588,0.11433676428501503,0.12363646179437637,1818012000
2002-07-31,0.09009735352532434,0.09192674515030612,0.08338990681044137,0.08438051491975784,4837140000
2002-08-01,0.08506654724215928,0.08506654724215928,0.0762241984863062,0.07630103081464767,1725708000
2002-08-02,0.0787396120011098,0.07927379229553794,0.06936399579843555,0.07127021998167038,1795260000
2002-08-05,0.07020275811391123,0.07035550953511455,0.06471459050639018,0.06555336713790894,1330716000
2002-08-06,0.06860202125973541,0.07157477119815839,0.06753457445499576,0.06898344308137894,1168800000
2002-08-07,0.07203215191180662,0.07271817039415675,0.06479051783193397,0.06738276034593582,892980000
2002-08-08,0.06806880591357954,0.0730227886256858,0.06631533280034184,0.0718035027384758,755424000
2002-08-09,0.06989815421413391,0.07241356381543348,0.0686779557647361,0.07012683153152466,581304000
2002-08-12,0.0693639740869088,0.07279407251277202,0.0675345896227817,0.07012683153152466,592800000
2002-08-13,0.07058419408089563,0.07401430036873849,0.06860205760683889,0.06867797672748566,654420000
2002-08-14,0.0699740777037128,0.0739374501106027,0.06936397844071944,0.07332826405763626,632688000
2002-08-15,0.07607235921615406,0.07995980646633424,0.07530950157441209,0.0784350112080574,1140120000
2002-08-16,0.07424297736560193,0.0842277805600859,0.07195624418582365,0.08148369938135147,1657428000
2002-08-19,0.08499064520738527,0.10252167477119122,0.08483788691521385,0.09642431885004044,2243928000
2002-08-20,0.09718626321190772,0.09909156767014353,0.09093615582858432,0.09215544164180756,1429488000
2002-08-21,0.09634745986269533,0.09825368382376715,0.09185082671890128,0.09703347831964493,1194876000
2002-08-22,0.09413757559163151,0.09794819093179288,0.09314604727983244,0.09375614672899246,1358496000
2002-08-23,0.09108799585357018,0.09169809537716031,0.08704870943410821,0.08758196979761124,919932000
2002-08-26,0.08925858201115577,0.08986868134006562,0.08415184283880173,0.0882679671049118,698568000
2002-08-27,0.08979274807328776,0.0902500958990855,0.08270386699592254,0.08323713392019272,686712000
2002-08-28,0.08277981832567333,0.0829325766070779,0.07774900391309218,0.07805359363555908,700356000
2002-08-29,0.07706298762565504,0.08262706933698884,0.0764528813220839,0.0790451243519783,815520000
2002-08-30,0.07828226264350763,0.08156052384214216,0.0754622626098998,0.07698705792427063,1065888000
2002-09-03,0.07332830432609175,0.07370881325627153,0.0710415638278797,0.07226085662841797,847284000
2002-09-04,0.07248952142511628,0.07439482599896674,0.06867799225195716,0.0718035027384758,930552000
2002-09-05,0.07111746424965452,0.07142206077072086,0.06860206058632427,0.06905940175056458,714312000
2002-09-06,0.07195624432209484,0.07256543057663764,0.06951675285793384,0.07058420032262802,746460000
2002-09-09,0.07005002932529002,0.07271819173762238,0.06791604732169465,0.07050737738609314,578040000
2002-09-10,0.07012684875003176,0.0842277682430742,0.07005000960872199,0.08056899160146713,2317632000
2002-09-11,0.08308440543868258,0.0907074619387239,0.08308440543868258,0.08453328162431717,1657536000
2002-09-12,0.08247519381504073,0.0869718259886943,0.0809503989801851,0.081865094602108,1294932000
2002-09-13,0.0810263395335432,0.08491378673368757,0.08003572455327658,0.08056899160146713,796872000
2002-09-16,0.07934970657757791,0.07965429625420625,0.07355694849542452,0.07546225935220718,925464000
2002-09-17,0.07881645500659751,0.08072175942260751,0.07386155949451316,0.07431890070438385,884052000
2002-09-18,0.07317554601269885,0.07462350945555635,0.07005003527413618,0.07226085662841797,811692000
2002-09-19,0.07066010526419857,0.07317551535072372,0.06944081978956876,0.06982133537530899,618492000
2002-09-20,0.070355534224938,0.07180349744426937,0.06867798718820045,0.0702027827501297,687312000
2002-09-23,0.06905938339517274,0.06974540858919788,0.06669673181799113,0.06715407967567444,521676000
2002-09-24,0.06639122304491145,0.07088877576239452,0.06517193768833036,0.06768734753131866,624444000
2002-09-25,0.07165071845402857,0.07279408478880081,0.06883071877729817,0.0714220479130745,896616000
2002-09-26,0.07279410108344377,0.07355695882747068,0.0665440010033389,0.0676114484667778,739560000
2002-09-27,0.06745868486130698,0.06921215759274398,0.0651719518604158,0.06524787098169327,650688000
2002-09-30,0.06501920040760492,0.0680687910922984,0.06364715651806907,0.06524787098169327,584124000
2002-10-01,0.06578203461330258,0.06936397826486193,0.06341846987958738,0.06875479221343994,888360000
2002-10-02,0.06928807613840672,0.07279409473189451,0.06867797672748566,0.06867797672748566,749100000
2002-10-03,0.06784011168391792,0.06898347815033071,0.06517194992054458,0.06532470136880875,590568000
2002-10-04,0.06517196373205254,0.0672300265337493,0.06097991899355222,0.06204645335674286,529788000
2002-10-07,0.06120858976556509,0.062427875476748496,0.05854042772700675,0.05899776890873909,493068000
2002-10-08,0.06097991020642255,0.06113174845475645,0.054881645222693086,0.057244300842285156,714252000
2002-10-09,0.05640643911517625,0.060065219454547965,0.05518623686187482,0.056177765130996704,573132000
2002-10-10,0.055643598055716004,0.06090309071942932,0.055643598055716004,0.05907370522618294,538032000
2002-10-11,0.061360409363322876,0.06822061359857186,0.06097989381945026,0.06715407967567444,994140000
2002-10-14,0.06517194956541061,0.06715409280113556,0.06379991253919243,0.06517194956541061,611484000
2002-10-15,0.07241362510045991,0.07500495599232583,0.07096474810745924,0.07195627689361572,852768000
2002-10-16,0.06707726397563607,0.06768736340200558,0.06479052412083722,0.06593389064073563,578124000
2002-10-17,0.07165071992566625,0.0743188814366445,0.06989816743743552,0.07096470147371292,585792000
2002-10-18,0.07058421643721952,0.07241360885416447,0.06791605377149895,0.07165075093507767,498372000
2002-10-21,0.07066011214750269,0.08072174665874914,0.06905939772105443,0.07813042402267456,930624000
2002-10-22,0.07454757021243857,0.08537114292724768,0.07447165108897728,0.08072175085544586,1272168000
2002-10-23,0.08194104233671547,0.08514247131735335,0.08079767581720224,0.08399910479784012,925428000
2002-10-24,0.08567665417900465,0.08659135014792595,0.07851093830725923,0.07973114401102066,1055172000
2002-10-25,0.08003573725935897,0.08499063936769578,0.07896828978332128,0.08460921049118042,745956000
2002-10-28,0.08849664892903153,0.08918266745584519,0.08453328240363103,0.0850665494799614,1070544000
2002-10-29,0.08521929629188847,0.08582848245518096,0.07706297308919507,0.08133184909820557,772728000
2002-10-30,0.08392314536634408,0.08842069016164705,0.08361854899719671,0.08567661046981812,1139496000
2002-10-31,0.08628583815691271,0.09131665222443136,0.0860571675781627,0.09070746600627899,1255476000
2002-11-01,0.08933541598007759,0.10877266451701698,0.08918265773124943,0.10747653990983963,2128836000
2002-11-04,0.11395534154273029,0.12584636931950696,0.11365075181716074,0.11921484023332596,2688132000
2002-11-05,0.11891023294719637,0.1208923763837557,0.10938187147183705,0.11448951810598373,2034540000
2002-11-06,0.11837695401872711,0.1234836934541374,0.11372664929460413,0.12333092838525772,1646016000
2002-11-07,0.12012948755211067,0.12012948755211067,0.11022061298501976,0.11090663820505142,1660560000
2002-11-08,0.093756135657988,0.0993202231678969,0.08392317892865107,0.08659134060144424,3798900000
2002-11-11,0.08247519906502328,0.08369448435855067,0.07790172747928277,0.07988295704126358,1378452000
2002-11-12,0.08178920434376752,0.08994461506559079,0.08110317897794309,0.08697185665369034,1381188000
2002-11-13,0.08491381308694504,0.09223136864118457,0.08323717909571664,0.08971595764160156,1802112000
2002-11-14,0.09566144645214081,0.09749083137217834,0.09276552061679434,0.09566144645214081,1138728000
2002-11-15,0.10061635462414205,0.10602859781694861,0.09947298804216355,0.10267441719770432,2054328000
2002-11-18,0.11090664645553867,0.11128806843729004,0.10618042274537359,0.10648592561483383,1982472000
2002-11-19,0.1058758264660666,0.11342204994168228,0.10473246009885223,0.10800980776548386,1971948000
2002-11-20,0.11128804050982871,0.11433671685834487,0.10983916482385073,0.11342202126979828,1292796000
2002-11-21,0.1179955207773142,0.12866726781008347,0.11776685021947118,0.12302634119987488,2053920000
2002-11-22,0.1155560399920807,0.12226441410852784,0.11433675442009969,0.11982491612434387,1251900000
2002-11-25,0.12538897025900558,0.1272183616477208,0.120510915799107,0.12416968494653702,1230084000
2002-11-26,0.12477979376014006,0.12721836443857334,0.12043499933912784,0.12081550806760788,1084332000
2002-11-27,0.12592322763122793,0.1323260874412809,0.1243225058637107,0.13019119203090668,1088556000
2002-11-29,0.13362124977954026,0.13552747393540165,0.12958195731761904,0.13057257235050201,519396000
2002-12-02,0.137508704784182,0.139262177499492,0.12897186546011977,0.12958195805549622,1167504000
2002-12-03,0.12714247164725062,0.1274470613350789,0.1208155330706009,0.12104420363903046,1046220000
2002-12-04,0.11250736316223127,0.11433674802295803,0.10618042504111834,0.10656184703111649,2206548000
2002-12-05,0.11342207506402972,0.1141840196175566,0.10496115389459597,0.10755248367786407,1594872000
2002-12-06,0.10290308445300803,0.10976329053754204,0.10122645080288614,0.10770522803068161,1159224000
2002-12-09,0.104199197479503,0.10587583093988093,0.09825368802975838,0.0990915447473526,969792000
2002-12-10,0.10160696883512568,0.1093818710641575,0.10031176401133016,0.10740064084529877,1389888000
2002-12-11,0.10663778432346452,0.10976329435985664,0.1030558463155025,0.10679054260253906,1364208000
2002-12-12,0.11075390275157372,0.11205002753663881,0.10480839278316073,0.10503706336021423,1302552000
2002-12-13,0.10313175931725818,0.10313175931725818,0.10015900092149388,0.10092094540596008,707724000
2002-12-16,0.10442785660608786,0.1074765335203961,0.1017596952535132,0.10686643421649933,1056972000
2002-12-17,0.10877266093782248,0.11243143043814663,0.10587582216127733,0.10671459883451462,1077744000
2002-12-18,0.1033604198864203,0.10351317814163104,0.09832960633648456,0.09855827689170837,1126836000
2002-12-19,0.09680483454236213,0.10191248846831767,0.09543279043404207,0.09642431885004044,1100604000
2002-12-20,0.09947294842056795,0.10054039545067477,0.09291733444198173,0.09771948307752609,804576000
2002-12-23,0.09749082185946203,0.10076908258749205,0.09718623221340941,0.09840551763772964,498648000
2002-12-24,0.09893972964112571,0.1009209600523193,0.09589013847014875,0.09642431885004044,300336000
2002-12-26,0.098025020060399,0.09947298310256333,0.09383206278447481,0.0946708396077156,719760000
2002-12-27,0.0972621774483845,0.09749084804687513,0.09025013263987298,0.09108798950910568,702528000
2002-12-30,0.09146942275601404,0.09246003795662641,0.08582850168895154,0.08788656443357468,784740000
2002-12-31,0.0869718712249052,0.08994463013485987,0.08529523732597176,0.08773472905158997,825396000
2003-01-02,0.09146941583696805,0.09489951560854065,0.08834390578475795,0.09383206814527512,1302540000
2003-01-03,0.09413757788996796,0.09718625560459151,0.09223135355554074,0.09383206814527512,1037496000
2003-01-06,0.09611879865319914,0.10297899751915697,0.09604287271843287,0.10145512223243713,1033428000
2003-01-07,0.10343635171904043,0.1057999239620838,0.10000625207894108,0.10114961862564087,1498272000
2003-01-08,0.0985582955399545,0.10145513508096951,0.09040197089863114,0.09108798950910568,1852524000
2003-01-09,0.09390893872477866,0.09489955425385949,0.09177404292886807,0.09268873929977417,1436076000
2003-01-10,0.09146940709602205,0.09566145100057215,0.09025012149475585,0.09428940713405609,924492000
2003-01-13,0.09787225345751421,0.09871103015094546,0.09307011070584888,0.09352745860815048,849120000
2003-01-14,0.09383205689156843,0.09512818160649013,0.09139348574847166,0.09421348571777344,868524000
2003-01-15,0.09428942148451182,0.09505227927161886,0.09131666272878647,0.09131666272878647,904584000
2003-01-16,0.08994461434344977,0.091087980857308,0.08392318526021776,0.08514247089624405,2039976000
2003-01-17,0.08285573498621349,0.0839991083693431,0.08087451158866726,0.08194104582071304,1058832000
2003-01-21,0.08346581384601368,0.08521927929046755,0.07965427971372652,0.07988295704126358,967356000
2003-01-22,0.07965427779733977,0.08201784925169778,0.07942560729030432,0.07995978742837906,550992000
2003-01-23,0.0820937924684937,0.08346583635878964,0.07995981091923121,0.08216971158981323,918456000
2003-01-24,0.08148367600183394,0.08186510476413301,0.0761482666399756,0.07752030342817307,897108000
2003-01-27,0.07584367775402219,0.0798070507227912,0.07447164082904653,0.07637694478034973,889116000
2003-01-28,0.07538637050105243,0.08056903175395447,0.0728709658435559,0.07912106812000275,1785480000
2003-01-29,0.07698706155131468,0.08133185710398702,0.07698706155131468,0.08072175085544586,1022040000
2003-01-30,0.08232245017546079,0.08300846854908954,0.07660561222188707,0.07744438201189041,743064000
2003-01-31,0.07515768072422432,0.08079768870349346,0.07447166206610478,0.07866370677947998,949656000
2003-02-03,0.08011162152798701,0.08171233544034412,0.0785109076156299,0.08018846064805984,755556000
2003-02-04,0.07965430365639138,0.08003573251027388,0.07546226636483098,0.07660563290119171,627720000
2003-02-05,0.07828223746880046,0.08041713150140865,0.07698703316608693,0.07729162275791168,581508000
2003-02-06,0.08262705410265975,0.08277980554547884,0.07660562548393852,0.07790174335241318,1226184000
2003-02-07,0.07942562782494912,0.07980705665361851,0.07424296898221763,0.07439480721950531,915156000
2003-02-10,0.07431889247720538,0.07584368785644613,0.07111746347249506,0.07530950754880905,982632000
2003-02-11,0.07591959705963401,0.07813041751886902,0.0735569451890111,0.07393746078014374,850716000
2003-02-12,0.0739374786260319,0.07706298885362499,0.0733282923381209,0.07431890070438385,641400000
2003-02-13,0.07561500748367592,0.07599551626024507,0.07355694527362255,0.0752335786819458,889164000
2003-02-14,0.08552392272942698,0.0918508632373985,0.08346585972532274,0.09177402406930923,3548844000
2003-02-18,0.09528092581865037,0.09886286995817867,0.09413755945206734,0.09703347831964493,1740516000
2003-02-19,0.0964243112944312,0.09855829301557884,0.09535686382869238,0.09794819355010986,1141212000
2003-02-20,0.09832962242294514,0.10092095214436261,0.09756767788760458,0.09794819355010986,978132000
2003-02-21,0.09787225759712503,0.0982536864043876,0.09451807070666658,0.09802500903606415,913260000
2003-02-24,0.09718624838037225,0.1028271617864243,0.09665298129354317,0.09924430400133133,1137012000
2003-02-25,0.09604288345972502,0.09909156121436555,0.09451808797723482,0.09863421320915222,1239204000
2003-02-26,0.09733900706943671,0.09893972165917109,0.09360339755317125,0.09383206814527512,746892000
2003-02-27,0.09474671410314334,0.09627150876029755,0.0932228326558347,0.09581416100263596,675312000
2003-02-28,0.09284146518221138,0.09642432370300091,0.0900973836424668,0.09619565308094025,1653336000
2003-03-03,0.09733902214852755,0.09909157526427269,0.09337473461103565,0.09459494054317474,702036000
2003-03-04,0.09489951560854065,0.09581421160696099,0.09291737214685478,0.09383206814527512,538392000
2003-03-05,0.09291733161704545,0.09589008890771698,0.09268866112468585,0.09535682201385498,522156000
2003-03-06,0.0945949235796757,0.09550961955576405,0.0933747178663534,0.09375614672899246,548064000
2003-03-07,0.0923081813559243,0.09550961719303604,0.09146941134099293,0.09520410746335983,581148000
2003-03-10,0.09421345492939628,0.09467080272429618,0.09238407056479608,0.0925368219614029,344796000
2003-03-11,0.09322287142276764,0.09474675350378593,0.09215542407937473,0.09322287142276764,417144000
2003-03-12,0.09398477678698844,0.09604283147396733,0.0931460003588272,0.09581416100263596,493920000
2003-03-13,0.09863421364672664,0.10595176813259792,0.09817686563948437,0.10534258186817169,1362732000
2003-03-14,0.10572309116411402,0.10671461945777098,0.1015310470380158,0.1022929847240448,1094220000
2003-03-17,0.10061635206076218,0.11029655840745532,0.10038768147619322,0.10823849588632584,1307808000
2003-03-18,0.1078579888370068,0.109077274534789,0.10518982682777427,0.10740064084529877,932280000
2003-03-19,0.10762929731038288,0.10869583140587347,0.10412236571893448,0.1079338937997818,712992000
2003-03-20,0.10793386359028784,0.11121121049590367,0.1051138644883596,0.10892447829246521,780060000
2003-03-21,0.11266011774401749,0.11304062653446606,0.10305583162344391,0.1079338937997818,1681800000
2003-03-24,0.10351317359212026,0.10671460211455545,0.10290306743827536,0.10389368236064911,839016000
2003-03-25,0.10419918607401282,0.10846714838602649,0.10381775730219107,0.10686643421649933,672828000
2003-03-26,0.10923002220152511,0.11166860032735443,0.10839125218827089,0.10983920842409134,1107840000
2003-03-27,0.10839123215587593,0.11067796479732873,0.10640908916191225,0.10671459883451462,1392732000
2003-03-28,0.1067146251947383,0.1070951340455634,0.10069227561588616,0.10236982256174088,1290684000
2003-03-31,0.09924431426409257,0.10046360683232917,0.0977195255722856,0.09817686676979065,680508000
2003-04-01,0.1002349056118648,0.10214112954897042,0.098025005229021,0.10107368230819702,533808000
2003-04-02,0.10450381592067876,0.10656187876118486,0.10313177857034354,0.10480841249227524,771900000
2003-04-03,0.10671458725968366,0.10671458725968366,0.10397050020957754,0.10618040710687637,702780000
2003-04-04,0.10648593153547861,0.10663776976850313,0.10160695611931116,0.10206430405378342,513840000
2003-04-07,0.10892453813936705,0.1097633082977898,0.10214116329177148,0.10313177853822708,671256000
2003-04-08,0.10404643766955804,0.10457969785651668,0.10145510855917862,0.1021411269903183,475032000
2003-04-09,0.10252166101447872,0.10526574204790552,0.10145512681860976,0.10160696506500244,694260000
2003-04-10,0.1029789836405235,0.10313174188470454,0.10114959888581739,0.1021411269903183,364104000
2003-04-11,0.10328452402123449,0.10412238773554441,0.10000626229494618,0.10099779069423676,374184000
2003-04-14,0.09947298304579047,0.10305584089047053,0.0991683865290015,0.10275033116340637,445776000
2003-04-15,0.10206431185286675,0.10351318809370802,0.0995489014285589,0.10221706330776215,490212000
2003-04-16,0.1045797154621726,0.1048083928543835,0.10137828649123606,0.10221706330776215,671988000
2003-04-17,0.10297900966754558,0.10427513456287701,0.10084503472525072,0.10404646396636963,520740000
2003-04-21,0.10419918883991602,0.10701918848200374,0.10320766073787799,0.10671459883451462,597144000
2003-04-22,0.10618042835879203,0.10816256471948467,0.1044278689524044,0.10808664560317993,787392000
2003-04-23,0.10793391318599291,0.11121126159755253,0.10709513628800137,0.11052524298429489,606204000
2003-04-24,0.11060206193692972,0.11060206193692972,0.10579991859537824,0.10724788159132004,660912000
2003-04-25,0.10663778280988433,0.10846717477150083,0.10229298712354859,0.10328451544046402,884652000
2003-04-28,0.10450379907894788,0.10831533438910355,0.10328451340862792,0.10640911012887955,674988000
2003-04-29,0.1088485882197325,0.11121124014792205,0.10800981148351822,0.10968735814094543,670344000
2003-04-30,0.10907728257972002,0.11205004133757512,0.10861993455428055,0.10923003405332565,466620000
2003-05-01,0.10846716266559481,0.11098257292457406,0.10785797649158757,0.10991603881120682,733368000
2003-05-02,0.1113640119933753,0.12195891489418956,0.11075391251568806,0.12119697034358978,1691088000
2003-05-05,0.12234030718782218,0.12988652962877192,0.12012948023894968,0.12416968494653702,1576164000
2003-05-06,0.12355957807750481,0.12752384959033108,0.1223402929073602,0.12432242184877396,1143864000
2003-05-07,0.1224930431332881,0.1253889544247039,0.12020631100116619,0.12234029173851013,897372000
2003-05-08,0.12081556598548572,0.12729525777648767,0.1192916902909441,0.12241628766059875,1957452000
2003-05-09,0.1435310249076444,0.16411163121835462,0.13949082002481678,0.1628914326429367,9230856000
2003-05-12,0.16327285525641425,0.1669316382074829,0.157022750143362,0.15831796824932098,3007860000
2003-05-13,0.1529066612649211,0.1577847307069385,0.15199197894702937,0.15534524619579315,1824108000
2003-05-14,0.1558794450154325,0.15778475634386507,0.1532112894912913,0.15519343316555023,965580000
2003-05-15,0.15748014608867694,0.1608334134457016,0.1566413692367662,0.16052882373332977,1105656000
2003-05-16,0.1585466827718454,0.16487362195627078,0.15831801218144936,0.16205361485481262,1028916000
2003-05-19,0.1599186603228169,0.16144344839042551,0.15100040158226918,0.1529066115617752,1220484000
2003-05-20,0.15313531237079558,0.15511652845442958,0.15244928715067227,0.15397316217422485,884124000
2003-05-21,0.15405003244376617,0.159461361852405,0.15321125566782204,0.15938544273376465,905472000
2003-05-22,0.15961410601735926,0.16136756497788118,0.15587940349078053,0.15991869568824768,888816000
2003-05-23,0.1600714481711176,0.16312012542040974,0.15839482152503703,0.15908083319664001,867612000
2003-05-27,0.15740327170191232,0.17379183490179512,0.15435459487172626,0.17318174242973328,1677408000
2003-05-28,0.17264855135457258,0.1745538628387182,0.168456506257255,0.17272447049617767,1235556000
2003-05-29,0.17264849286194398,0.19040910896786392,0.1722670708621419,0.18453951179981232,2297736000
2003-05-30,0.20199463950429902,0.20298616776283895,0.19704065105262544,0.19947922229766846,2142312000
2003-06-02,0.20466278597775917,0.20489147017244078,0.1872076858639985,0.18842697143554688,1566144000
2003-06-03,0.18629295201495627,0.19803121746987248,0.1840062195741264,0.19231438636779785,1596804000
2003-06-04,0.19170430882873807,0.19704063200187819,0.1887315507610505,0.19688788056373596,1175604000
2003-06-05,0.1942965830967201,0.20321484481638674,0.19170433347585442,0.20252881944179535,1204404000
2003-06-06,0.21045554722877918,0.211522994544929,0.19482982554192316,0.19635462760925293,1378836000
2003-06-09,0.19513441656499864,0.20016523708265352,0.19101829192600853,0.1939910501241684,720588000
2003-06-10,0.19399102465315693,0.19696378246099383,0.19185704349653446,0.19681194424629211,563304000
2003-06-11,0.19559177981856374,0.19871728959738566,0.1920857475964,0.1969638168811798,943836000
2003-06-12,0.1983358453253239,0.2004707399723463,0.19338187076519947,0.1939910501241684,1046688000
2003-06-13,0.18560694769409858,0.1909423574624247,0.17760338325154296,0.17889858782291412,1826808000
2003-06-16,0.1810335153607516,0.18499688896019065,0.16906566264675302,0.18271015584468842,1904868000
2003-06-17,0.18690216578382263,0.18827420267572645,0.18141399095620336,0.18705491721630096,999852000
2003-06-18,0.1852255573500848,0.19795535442492,0.183700755134388,0.19421973824501038,1122072000
2003-06-19,0.19505851076808003,0.19604912583171225,0.1814140180336609,0.18240554630756378,1190532000
2003-06-20,0.1843867237907502,0.18446355610158804,0.17760335894677712,0.18049927055835724,937848000
2003-06-23,0.18034746942252294,0.18126216529049016,0.17051451269438045,0.17409645020961761,734784000
2003-06-24,0.17302990887756556,0.1768405304230442,0.16815094048551318,0.17371593415737152,1008816000
2003-06-25,0.17417328860707537,0.1812621574236571,0.17348726332837291,0.17485930025577545,1060620000
2003-06-26,0.17539254691863682,0.1774506088058177,0.1699043727994876,0.17508794367313385,960540000
2003-06-27,0.17714599569777717,0.17874671646757623,0.17112366220426906,0.1719624251127243,709104000
2003-06-30,0.17424926453038792,0.17767936478220486,0.17226712079118436,0.17463068664073944,544128000
2003-07-01,0.1724198178635176,0.1820241037155966,0.1708190967398365,0.18179543316364288,977016000
2003-07-02,0.18347205075366768,0.18583562937113973,0.1787467471989726,0.18126215040683746,846828000
2003-07-03,0.1770691969454365,0.18385348958591788,0.17668868817764016,0.1792040914297104,420912000
2003-07-07,0.18164263698196745,0.19193293195512084,0.1815667178867397,0.19094231724739075,832200000
2003-07-08,0.18568287207692483,0.1913237985005402,0.18522553097636693,0.1888083815574646,602856000
2003-07-09,0.1887315163994837,0.19627773865585646,0.18842692678882286,0.19315314292907715,755352000
2003-07-10,0.18713087234830894,0.18957035694687085,0.18194821301803785,0.18522556126117706,644568000
2003-07-11,0.18743632945889446,0.18857969574777317,0.1846154098702683,0.18621613085269928,495000000
2003-07-14,0.1909423886629493,0.19208575519871512,0.18385351886720197,0.1847682148218155,694344000
2003-07-15,0.18751231610698893,0.1883510930589853,0.1769933315564257,0.1787468045949936,1143456000
2003-07-16,0.18210001446507793,0.18293879115043887,0.1722670585127049,0.1765359342098236,880476000
2003-07-17,0.1712004845989693,0.173410384437906,0.16540680831231225,0.16769354045391083,853764000
2003-07-18,0.16441626714547394,0.16494954108296242,0.1560312653874749,0.16205361485481262,1280832000
2003-07-21,0.1629683419156529,0.16350160232480052,0.15580262450021548,0.15961416065692902,985140000
2003-07-22,0.16411169515645121,0.16533098099684032,0.16136760688525628,0.1622823029756546,582444000
2003-07-23,0.16212944712206304,0.1654067936485033,0.1572513936904107,0.16441617906093597,605328000
2003-07-24,0.16738905154106867,0.16860833743789774,0.15664139583389725,0.15801343321800232,1116828000
2003-07-25,0.1583180097302808,0.16144350608075217,0.1524493250278308,0.16052882373332977,1002084000
2003-07-28,0.16182495478059064,0.16220546364909724,0.15488790887086104,0.15557393431663513,703752000
2003-07-29,0.14147298468427566,0.15366859347474096,0.13994818261288894,0.14536042511463165,2794788000
2003-07-30,0.14482626166042117,0.146503801661782,0.1428450315401078,0.14375972747802734,788724000
2003-07-31,0.14711300425125098,0.14924789917532272,0.14398840741296826,0.14551228284835815,897600000
2003-08-01,0.1455891162580653,0.15153461928311146,0.14414023323448835,0.15031442046165466,767556000
2003-08-04,0.15016262116497642,0.1586994627079611,0.14924792500928113,0.15595537424087524,1428852000
2003-08-05,0.15999554499563745,0.16365432879538538,0.15420188001252247,0.15549799799919128,1063488000
2003-08-06,0.15343989998889337,0.15549796199218707,0.14543632250275093,0.14917102456092834,1025868000
2003-08-07,0.14879050381217926,0.1509244847488723,0.14513172115499454,0.14711295068264008,1040340000
2003-08-08,0.12615189458737422,0.12668516863411522,0.11631893451581171,0.1181483268737793,3767580000
2003-08-11,0.12005352943572797,0.12615179443781882,0.11929159898663289,0.12455108761787415,1675752000
2003-08-12,0.1261517975589084,0.12737108257957996,0.12409373614663528,0.1270664930343628,764160000
2003-08-13,0.12759987004212742,0.12996252291364965,0.12439844009949368,0.12790445983409882,693552000
2003-08-14,0.12363643161112332,0.12546582310043705,0.12211162975667,0.12348368018865585,1527696000
2003-08-15,0.12272176124698689,0.12386512775677135,0.12195890355695367,0.12310227006673813,217716000
2003-08-18,0.12508439397763593,0.1267610341310501,0.12287358042304253,0.1267610341310501,717684000
2003-08-19,0.1295819428797575,0.13720409902322475,0.1295051105579288,0.1364421546459198,1403976000
2003-08-20,0.1345359832048416,0.13705138744373133,0.13156322406705814,0.1345359832048416,870348000
2003-08-21,0.1378141715006959,0.13949081144493852,0.13567927732256052,0.13819468021392822,644748000
2003-08-22,0.1465037720462052,0.14848500176601517,0.13910938733511494,0.13918623328208923,1002396000
2003-08-25,0.14185348227291267,0.14185348227291267,0.13720409777927117,0.1384233832359314,434028000
2003-08-26,0.13667086736124617,0.13872893016311483,0.13247790941197335,0.1362135261297226,768984000
2003-08-27,0.13712817106417077,0.14177755529999228,0.13567928830458875,0.14032959938049316,567816000
2003-08-28,0.1417017099072435,0.14246365463175664,0.13507017929438722,0.13667088747024536,828312000
2003-08-29,0.13644223958200907,0.13910948272301799,0.13590805220723368,0.13850030303001404,532884000
2003-09-02,0.1409387561276202,0.1421589545317157,0.13659396222350267,0.13727998733520508,711456000
2003-09-03,0.13933808637180978,0.13971950836714758,0.13392675722297373,0.1346127688884735,849972000
2003-09-04,0.13514603219724608,0.13910939133078817,0.13415541730888744,0.13590796291828156,740064000
2003-09-05,0.13613665431973837,0.145589101841408,0.1345359332134239,0.14238767325878143,1198740000
2003-09-08,0.14467440367467527,0.15061990601486408,0.14292093116034005,0.14894236624240875,1508712000
2003-09-09,0.14482626729145423,0.16365433300835924,0.14284503709410803,0.15808932483196259,2489436000
2003-09-10,0.15359268604759474,0.1577088109824266,0.14604646154373777,0.1472657471895218,1380624000
2003-09-11,0.14924787917499072,0.15359267435774349,0.13949084149049518,0.14536042511463165,2612736000
2003-09-12,0.14414023990289207,0.15069584945695264,0.14253953219401921,0.14749442040920258,1162404000
2003-09-15,0.1487137524669472,0.14947661041743118,0.14452172065660754,0.14505498111248016,596028000
2003-09-16,0.14536043535252602,0.15000983417093844,0.14536043535252602,0.14955247938632965,620736000
2003-09-17,0.15046713732016223,0.15420183925604036,0.14924785198927198,0.1513059139251709,902784000
2003-09-18,0.15046718131477568,0.15252524385242483,0.1487905544545735,0.1524493247270584,603492000
2003-09-19,0.15420190199630548,0.15519343042111372,0.1498571058371924,0.1512291431427002,648096000
2003-09-22,0.14825641377704304,0.14856191679485833,0.14406436826266486,0.14528365433216095,735504000
2003-09-23,0.14551220843644264,0.14749435088221874,0.14360691191887204,0.14665557444095612,628932000
2003-09-24,0.1435310400625408,0.14482624466996513,0.13529879121704452,0.13552746176719666,1600668000
2003-09-25,0.13659400383904483,0.13903348818052796,0.13301206625992615,0.1336212456226349,736776000
2003-09-26,0.1332407754116574,0.13362128432099696,0.12676108364710179,0.12851454317569733,895908000
2003-09-29,0.1220357215637339,0.12638051651689414,0.11967215648945533,0.12157838046550751,1944996000
2003-09-30,0.12051090088361079,0.12584630934533098,0.12005354627803806,0.12173018604516983,1020888000
2003-10-01,0.1219589111779504,0.12416972521377159,0.12165432146106345,0.12272176891565323,877224000
2003-10-02,0.12195887087196104,0.12638049748230726,0.12157836215418619,0.12462703883647919,857628000
2003-10-03,0.1280572113353573,0.13110588977673254,0.12584639675454798,0.12790445983409882,862812000
2003-10-06,0.1281331014691424,0.12942921954002004,0.12584636826073295,0.12691381573677063,377028000
2003-10-07,0.1269138152354859,0.12805718183517456,0.12516034235184922,0.12805718183517456,510588000
2003-10-08,0.12805714767611193,0.12920051397080926,0.12279765726850371,0.12355960160493851,739440000
2003-10-09,0.1253890223325557,0.13019117331474672,0.1243224879912274,0.12531310319900513,852408000
2003-10-10,0.12729527312355518,0.12843864004505173,0.12577048403469868,0.12752394378185272,413976000
2003-10-13,0.1289717997783075,0.13148720204912678,0.12798118524427657,0.1288190484046936,434904000
2003-10-14,0.12744706931597502,0.1315631943254779,0.12668513844357457,0.1311826854944229,623556000
2003-10-15,0.13270651080565934,0.13514600806145957,0.1286672332844228,0.12950508296489716,703488000
2003-10-16,0.1296578557319667,0.13156316637331586,0.12767572640249947,0.13110582530498505,446088000
2003-10-17,0.13034396378217344,0.13285936851622915,0.12683794354401617,0.12698978185653687,459696000
2003-10-20,0.12706652916733674,0.12996245458489863,0.12630367164265988,0.1298106163740158,467388000
2003-10-21,0.13217326040105093,0.136289384159319,0.130343869035154,0.13377396762371063,758724000
2003-10-22,0.13171589101340403,0.13476456733559572,0.13080120906275422,0.13148722052574158,620952000
2003-10-23,0.1295819339650054,0.13339255516951226,0.12935326343553216,0.13087715208530426,451524000
2003-10-24,0.1295819421615932,0.13156317199563267,0.12836174349050034,0.1304198056459427,447084000
2003-10-27,0.13110582530498505,0.13263061356612144,0.13019112953832193,0.13110582530498505,254460000
2003-10-28,0.13285922968868835,0.14010086011820805,0.13224913744407424,0.13933801651000977,956064000
2003-10-29,0.1352218940607566,0.14101555551026385,0.13514597498382577,0.13933801651000977,494004000
2003-10-30,0.14292088928536723,0.14299680837500112,0.13651803409962268,0.13674670457839966,581256000
2003-10-31,0.1379660404927167,0.13910940693760143,0.13263063027665742,0.13476461172103882,598152000
2003-11-03,0.13407855953059222,0.13987222233270638,0.13346936672348064,0.13727998733520508,773724000
2003-11-04,0.14025278208690795,0.1406342177489483,0.1368226825393736,0.13773737847805023,700896000
2003-11-05,0.1349173905782915,0.13964362239347464,0.1327065763569277,0.13827158510684967,882024000
2003-11-06,0.14032969579046525,0.1410157078531265,0.13598488457689098,0.13850030303001404,1175280000
2003-11-07,0.16510226758734367,0.16815094481831427,0.16159624924471955,0.16578829288482666,4292820000
2003-11-10,0.1663215914446236,0.16860832478993096,0.16434036105095134,0.16533097624778748,1210056000
2003-11-11,0.1615962492164246,0.16441624226107196,0.15831798822001825,0.16121481359004974,799140000
2003-11-12,0.16068158171115784,0.16388301094698493,0.15991872395382536,0.16334882378578186,617664000
2003-11-13,0.1633488665173427,0.16571244632589646,0.1624341702635382,0.16342569887638092,580332000
2003-11-14,0.16388300836711037,0.16388300836711037,0.15328719247296838,0.15374453365802765,888420000
2003-11-17,0.1508486163133315,0.15397319943326923,0.1493997332057448,0.15214382112026215,599880000
2003-11-18,0.15587946911561965,0.15778478073862834,0.14939977672237625,0.14993396401405334,991428000
2003-11-19,0.15100044883934335,0.15473605128908072,0.15046717493377848,0.15412595868110657,567552000
2003-11-20,0.1516863922550508,0.15504057116291245,0.14939966025783938,0.15000976622104645,738852000
2003-11-21,0.15183920968535708,0.1520678938885458,0.14772309847801637,0.15061992406845093,543240000
2003-11-24,0.1520679223017779,0.16007148926870993,0.1510004747273789,0.15969006717205048,940644000
2003-11-25,0.16037605352979134,0.16380616674330442,0.15854667526325575,0.16243411600589752,822804000
2003-11-26,0.16510227123903043,0.16563553147769303,0.15953819051089527,0.16258686780929565,430032000
2003-11-28,0.1625109370965148,0.1629682781856503,0.16045287493540086,0.16182491183280945,206136000
2003-12-01,0.16365437724007548,0.165331004549509,0.16174815244241003,0.16411171853542328,526980000
2003-12-02,0.16312019586139376,0.166778967246603,0.1624341702635382,0.16342569887638092,574740000
2003-12-03,0.1638830212474755,0.1692184325724177,0.16136760364193586,0.16174812614917755,710028000
2003-12-04,0.1622822859329129,0.16517821216976578,0.15709871331489425,0.1609102487564087,521952000
2003-12-05,0.15709864822223835,0.1615962072034772,0.15443049410167953,0.1557266116142273,559848000
2003-12-08,0.15572665597870897,0.15847074360648483,0.15435461897982256,0.1568700224161148,340980000
2003-12-09,0.156565417831701,0.15808929291968987,0.148637759011703,0.14871367812156677,598128000
2003-12-10,0.14871373249546158,0.15282985823521797,0.14863781335783965,0.15199200809001923,568656000
2003-12-11,0.15191515719102322,0.16159629170493742,0.15161056743994944,0.15969006717205048,694872000
2003-12-12,0.16182491806075489,0.16289145213302744,0.15625992430533117,0.15885215997695923,700692000
2003-12-15,0.16350156407276664,0.16373024828326332,0.15519340864160447,0.15565074980258942,622752000
2003-12-16,0.15473600881991179,0.15877530027960823,0.15199193539256384,0.15778468549251556,601728000
2003-12-17,0.15648860145900373,0.15702277491284203,0.1521438062417429,0.15473604202270508,499116000
2003-12-18,0.15504070593500552,0.15984285820751032,0.15488795441645725,0.1582421362400055,436728000
2003-12-19,0.16220546796011512,0.16464496644116025,0.15885220024414012,0.16060476005077362,916956000
2003-12-22,0.15824205249687354,0.16121481055616502,0.15664134500648735,0.16083338856697083,371184000
2003-12-23,0.16022421771532822,0.16898974166502087,0.16014738538078813,0.16738902032375336,722760000
2003-12-24,0.16731309934155936,0.1678463732559643,0.16571239164807142,0.16616973280906677,210852000
2003-12-26,0.1674649122720624,0.17432512405993786,0.1667788870042742,0.1733345091342926,363960000
2003-12-29,0.17661186171747428,0.1812621596081554,0.1757739982024018,0.18065206706523895,756624000
2003-12-30,0.17874674455384595,0.18446357613712278,0.17859399312558907,0.18103347718715668,550884000
2003-12-31,0.18095660748390804,0.18179538398087486,0.17394455918445484,0.17684048414230347,497268000
2004-01-02,0.17966143642104113,0.1821000072193997,0.1759258210659027,0.1759258210659027,436416000
2004-01-05,0.1785940188381037,0.1828628950729186,0.17699329758632637,0.18164269626140594,575292000
2004-01-06,0.18110939605039114,0.19155245794437245,0.18027061938127895,0.18903705477714539,1093344000
2004-01-07,0.1869021238617434,0.19162833962714726,0.18560690595166085,0.19071364402770996,673032000
2004-01-08,0.1930763649681512,0.19399106089761436,0.18957034633363196,0.1913997381925583,433752000
2004-01-09,0.19010361002843704,0.1965064675609126,0.18857972115798582,0.19414380192756653,766584000
2004-01-12,0.19482982554192316,0.1969638069640208,0.19300043379720944,0.19635462760925293,541980000
2004-01-13,0.1953630611637289,0.19726928499525181,0.18415806880671737,0.18621613085269928,865800000
2004-01-14,0.18713083916698148,0.1897989938801035,0.1830915471212825,0.18484410643577576,544872000
2004-01-15,0.18347207138972382,0.1866735002098158,0.1801947234508955,0.18514962494373322,609204000
2004-01-16,0.18705486981871083,0.18957027242149357,0.1853013977649864,0.18796956539154053,451728000
2004-01-20,0.19025638035253162,0.1935337285614369,0.1881223987000234,0.19322913885116577,487764000
2004-01-21,0.1916284382137592,0.192390382806976,0.18400629354041062,0.1843108832836151,494460000
2004-01-22,0.18530147524403337,0.1882742336912127,0.17783208298439024,0.18004198372364044,605724000
2004-01-23,0.17912727777556844,0.1827101422731615,0.17562125923765612,0.17600268125534058,482472000
2004-01-26,0.17714606343711667,0.18370075995707075,0.1757740262740603,0.1829388290643692,393684000
2004-01-27,0.17928004789831278,0.18217688736194243,0.17112373028987762,0.1724957674741745,934104000
2004-01-28,0.17470655977142505,0.177450647428255,0.17112370897688375,0.17203839123249054,615204000
2004-01-29,0.17257260507647773,0.17341046876389107,0.16121484430818706,0.16700761020183563,929700000
2004-01-30,0.16662707269062235,0.1734104531298093,0.16563554441255393,0.16959983110427856,466464000
2004-02-02,0.17097181358109473,0.17569711603514993,0.1692183415139982,0.17234385013580322,560844000
2004-02-03,0.17188659278137258,0.1748593516901756,0.1694471078717026,0.17173384130001068,418032000
2004-02-04,0.16929431128019262,0.17066634824558333,0.16685574023073071,0.16708441078662872,436800000
2004-02-05,0.1679991234230816,0.17150514211704393,0.16693167602219072,0.16959983110427856,331980000
2004-02-06,0.17180970753054184,0.17592583188603098,0.17089501171487737,0.17348726093769073,471132000
2004-02-09,0.17478251311108672,0.1776034336483532,0.17219119002289476,0.1722671091556549,373992000
2004-02-10,0.1728012432804444,0.17874675952916622,0.17272441095482444,0.17859400808811188,509700000
2004-02-11,0.18088073350240075,0.1854541989648122,0.1802706273433621,0.18484410643577576,737808000
2004-02-12,0.18385347666817017,0.1848440915190352,0.17646000523463262,0.17927999794483185,974892000
2004-02-13,0.1745538326221041,0.18210005769126483,0.17302994353078174,0.17760342359542847,1747500000
2004-02-17,0.17828935973360985,0.18011875098324925,0.17584987608410524,0.1795845776796341,575976000
2004-02-18,0.18011875098324925,0.18103344660806894,0.17836527882985992,0.1795845776796341,320244000
2004-02-19,0.18179541866281593,0.18499684702481517,0.17912725047611763,0.17950868606567383,631032000
2004-02-20,0.1792040507415986,0.18446354022631223,0.17821252283611863,0.1840061992406845,618120000
2004-02-23,0.18370076549138734,0.18400628205592878,0.17516392528083438,0.17760342359542847,853332000
2004-02-24,0.1745537860063333,0.17676459950477852,0.16860827032508535,0.17051449418067932,708384000
2004-02-25,0.17158105739913054,0.1747824863198666,0.1696757464290144,0.1715051382780075,652512000
2004-02-26,0.17402054144497783,0.17432514476902264,0.1705145228376127,0.17264850437641144,344976000
2004-02-27,0.17302993067541847,0.17318178255106745,0.16700759514501318,0.16959983110427856,595548000
2004-03-01,0.16914244902402545,0.17241979634631588,0.16891377850060874,0.17211520671844482,506628000
2004-03-02,0.17234392605924517,0.1735632117561533,0.168227800951826,0.1689138263463974,813348000
2004-03-03,0.1684564434091345,0.1684564434091345,0.1639588970023507,0.1667029708623886,552492000
2004-03-04,0.16837964360124721,0.17066637680286742,0.16700760640627613,0.17036178708076477,413352000
2004-03-05,0.16655026450217364,0.17302995575942196,0.16594108501073285,0.16914251446723938,354888000
2004-03-08,0.16921841956558936,0.17150515275485329,0.16197678430947327,0.1632729023694992,465168000
2004-03-09,0.16464492342628714,0.1647976748640702,0.15938543258966958,0.1621295064687729,371232000
2004-03-10,0.16319695198256318,0.16494951131242142,0.15862348648005545,0.15976685285568237,481692000
2004-03-11,0.15763200497646998,0.1632729194108602,0.15763200497646998,0.15854670107364655,526872000
2004-03-12,0.16068157734529626,0.16388300649413767,0.1589281044924893,0.1619008630514145,377952000
2004-03-15,0.16091030604605996,0.1615963316935634,0.15725153439606412,0.1582421362400055,421224000
2004-03-16,0.160224187422463,0.16578828126764678,0.15915674020333961,0.16502633690834045,597504000
2004-03-17,0.16769364791310762,0.17066640705414893,0.1670076360090263,0.1690656989812851,524592000
2004-03-18,0.16815093578737925,0.17302990404311336,0.1676935810702863,0.1709718555212021,528048000
2004-03-19,0.1700571652315646,0.17180971094549014,0.16799910301291332,0.16898971796035767,452964000
2004-03-22,0.16639833619761332,0.16898967155011982,0.1638829335678546,0.16769354045391083,576708000
2004-03-23,0.1699803409096823,0.17180971903348904,0.1664743088466152,0.16837961971759796,576036000
2004-03-24,0.16807500844852355,0.17874674066163404,0.16769357286124004,0.1759258210659027,787344000
2004-03-25,0.17790796135460926,0.18705490518217313,0.17760337171938267,0.18614020943641663,997128000
2004-03-26,0.1856069564819336,0.18850288225692896,0.18309155312117817,0.1856069564819336,551604000
2004-03-29,0.18827423984545644,0.19612596761100143,0.18789373100434087,0.1936105638742447,985764000
2004-03-30,0.19231441701014965,0.2003179818282994,0.19216165194040902,0.1994032859802246,724956000
2004-03-31,0.20039385051197905,0.20336660786259758,0.1993273167027479,0.20123262703418732,604752000
2004-04-01,0.2014613579256758,0.2055774826250884,0.1926190159487175,0.19764983654022217,1319508000
2004-04-02,0.2019946344736454,0.20329075239547095,0.19589727967263146,0.20047074556350708,649740000
2004-04-05,0.19940331633631256,0.20847434345320207,0.19940331633631256,0.2076355665922165,576744000
2004-04-06,0.20351941011010835,0.2049673798093592,0.1981840001011381,0.19925053417682648,624096000
2004-04-07,0.20077533454390878,0.20085125365792372,0.19467706696814482,0.19818399846553802,447864000
2004-04-08,0.2026047130625234,0.20580614169096054,0.20107992467749755,0.2038239985704422,447096000
2004-04-12,0.20542468253314564,0.20633937820863646,0.19879315592333718,0.20001335442066193,443784000
2004-04-13,0.20184280839261515,0.20199464664063385,0.19437250289013744,0.1953631043434143,442704000
2004-04-14,0.19437248442074623,0.20001339746867733,0.19216165704164806,0.19635462760925293,512016000
2004-04-15,0.19368641438519352,0.19452519094707452,0.1852254965570918,0.18606427311897278,828084000
2004-04-16,0.18530142685466397,0.1853782591685635,0.1795845956645158,0.1799660176038742,654864000
2004-04-19,0.1798132933018175,0.1810334920377516,0.1765359455112599,0.1797373741865158,522804000
2004-04-20,0.18019468955248902,0.18217683241878646,0.17203836077393608,0.17211520671844482,513804000
2004-04-21,0.1728011911107065,0.17836527005205302,0.17104773267360862,0.17234385013580322,688812000
2004-04-22,0.17074317312714227,0.17623134800944348,0.16716032261420533,0.1733345091342926,695520000
2004-04-23,0.17546846313751222,0.18011876017513193,0.17493518938663843,0.17714600265026093,443928000
2004-04-26,0.17752657414427286,0.17828941819673835,0.1697516655988241,0.17020902037620544,429912000
2004-04-27,0.1721911425438571,0.1767646079763094,0.16815093731447575,0.16876102983951569,494568000
2004-04-28,0.1688369708302244,0.17142922037996264,0.16677890839292467,0.16807503998279572,468768000
2004-04-29,0.16708448389159886,0.16822785080135227,0.16121488420532942,0.16342569887638092,645048000
2004-04-30,0.1625109590745099,0.1635015604982265,0.15580258464317487,0.15641269087791443,512928000
2004-05-03,0.15808933880556383,0.1596900603081508,0.15168648005522742,0.1544305682182312,610668000
2004-05-04,0.15664137259911065,0.16624566012324554,0.15625995054272837,0.164263516664505,772380000
2004-05-05,0.16441621108500426,0.16708437902332243,0.16304417438044239,0.16563549637794495,464280000
2004-05-06,0.16395893239049883,0.1683037282983218,0.1604529133804461,0.16700761020183563,711348000
2004-05-07,0.17188653379443816,0.17508796222142473,0.16738898761672913,0.1683036834001541,956772000
2004-05-10,0.1638061889037073,0.16555964828436218,0.15816617420489026,0.16174812614917755,669072000
2004-05-11,0.1638061621927466,0.16731309401220648,0.16312013684310103,0.1657123863697052,399936000
2004-05-12,0.164797750072092,0.16502642072804094,0.15770886432761375,0.16342569887638092,482328000
2004-05-13,0.16205356678041327,0.16693163500832975,0.1615962257352949,0.16395887732505798,347952000
2004-05-14,0.16464490252273634,0.16754172747183765,0.16312010070899013,0.16395887732505798,459000000
2004-05-17,0.16159626450203005,0.1637302460811734,0.15892809580539694,0.16136758029460907,308340000
2004-05-18,0.16281551108226128,0.16586418786970272,0.16220540498875263,0.16395887732505798,204420000
2004-05-19,0.167617718461222,0.1699803846942485,0.16273966177128307,0.16357751190662384,498276000
2004-05-20,0.16327287585213565,0.16601696341158442,0.16037603685210142,0.16121481359004974,421488000
2004-05-21,0.16312012874994494,0.16334879931181345,0.15938543975281902,0.16159625351428986,282096000
2004-05-24,0.16129077710887532,0.16289149870006914,0.15915679514409928,0.1610621064901352,301620000
2004-05-25,0.1617481012173065,0.1688369708302244,0.15847075315206488,0.16807503998279572,681264000
2004-05-26,0.16807503878364827,0.173791871274247,0.16708442373802868,0.1715051382780075,524568000
2004-05-27,0.17432513776151712,0.17691737355255294,0.17180972066858885,0.17203839123249054,556548000
2004-05-28,0.17417333779214217,0.17973741981614028,0.17280128684728177,0.1787468045949936,637980000
2004-06-01,0.1756971690791853,0.18042338617002393,0.17546849852269666,0.17859400808811188,318420000
2004-06-02,0.18293879944431476,0.18377757616770324,0.17706920243093205,0.17722195386886597,643800000
2004-06-03,0.17729792840521347,0.17767936414420216,0.1681509944332126,0.1686851680278778,700824000
2004-06-04,0.17211526387776177,0.17249577273645383,0.16685577194250154,0.16700761020183563,649608000
2004-06-07,0.1697516898746161,0.17295311925409929,0.167617708025089,0.17104782164096832,571956000
2004-06-08,0.17005716589199582,0.17036175555773847,0.16548368670500788,0.16799910366535187,615000000
2004-06-09,0.1689896456630714,0.16921831611620214,0.15961403441474176,0.1601472944021225,498336000
2004-06-10,0.16273965904181972,0.16304424879406762,0.15709873097742316,0.15854670107364655,564516000
2004-06-14,0.15770881588833607,0.15770881588833607,0.15237249193144717,0.15359269082546234,424752000
2004-06-15,0.15618402636132775,0.158242075250609,0.15443055355109522,0.1558794230222702,394584000
2004-06-16,0.15542214279855524,0.15641275827915083,0.1528298921290629,0.15343999862670898,252576000
2004-06-17,0.15244935854646413,0.1561840624028277,0.14962843765813166,0.15039129555225372,482376000
2004-06-18,0.15122911708677972,0.15481196802677297,0.14863778077075623,0.15061992406845093,534336000
2004-06-21,0.15084859083295543,0.15321124267265843,0.1469611370182007,0.14795175194740295,266568000
2004-06-22,0.1487905537849446,0.15282983287638813,0.14779902547811302,0.15214382112026215,430308000
2004-06-23,0.1516864514857136,0.15534523501393527,0.15130594268749964,0.15473604202270508,264660000
2004-06-24,0.15885216428428575,0.1593854381498832,0.1522206362767735,0.15336400270462036,590652000
2004-06-25,0.15443053611574387,0.1561840087280077,0.15260114438736233,0.15435461699962616,329124000
2004-06-28,0.15656544593409147,0.15709870621909153,0.1524493209604903,0.1530585139989853,299376000
2004-06-29,0.1539731600874267,0.15854663877626252,0.15336398082229435,0.15831796824932098,363852000
2004-06-30,0.1541259830884672,0.1584707792539574,0.1541259830884672,0.1560312807559967,329268000
2004-07-01,0.15778470501335862,0.15801337555559494,0.14863776065388784,0.1488664448261261,505620000
2004-07-02,0.15046717076614385,0.15054308988618792,0.1456650342682901,0.14680840075016022,294948000
2004-07-06,0.14505489098220395,0.14657967909515662,0.13659397300033063,0.13819468021392822,575388000
2004-07-07,0.1399481619354053,0.14284500057596547,0.13819468956189904,0.13888071477413177,344136000
2004-07-08,0.13758552699564738,0.13987225980731877,0.13438409833330692,0.1346127688884735,430056000
2004-07-09,0.13445995886100207,0.13461271023461596,0.12630363250387758,0.1288190484046936,1114500000
2004-07-12,0.12523717796510564,0.12881912974358192,0.12416973046536954,0.12584637105464935,676044000
2004-07-13,0.1273711268795622,0.129581940438273,0.1242456175272636,0.12561766803264618,567108000
2004-07-14,0.12119693325849501,0.124551126581408,0.11761408303834082,0.12005356699228287,901608000
2004-07-15,0.12127290286421044,0.12256902094599259,0.11845289568422365,0.11921484023332596,611352000
2004-07-16,0.12287359271072605,0.1230263441563559,0.11570879071950912,0.11570879071950912,464700000
2004-07-19,0.11601338052545718,0.11830011315264796,0.11441265950842266,0.11700490862131119,461088000
2004-07-20,0.11692809370425729,0.11982493323153688,0.11578472708722014,0.11936759203672409,341544000
2004-07-21,0.12119693702566535,0.12134970208193255,0.11174541015421877,0.112125925719738,613416000
2004-07-22,0.11342207065624964,0.11509871116699126,0.10976329352395103,0.11448951810598373,521460000
2004-07-23,0.11525146386344232,0.11540421532798607,0.11067799069536835,0.11143992841243744,371496000
2004-07-26,0.11288879988000614,0.11387941496104105,0.10724788630886306,0.10831533372402191,503208000
2004-07-27,0.10884860400066806,0.11220278459163263,0.10549441659470116,0.11189727485179901,789888000
2004-07-28,0.1116686044785383,0.11205003334515813,0.10595176479082571,0.10907727479934692,505116000
2004-07-29,0.11060208759203789,0.11906301656402567,0.11006790717890448,0.11624209582805634,747360000
2004-07-30,0.11479407441390765,0.1196721426439111,0.11456540389125064,0.11753816157579422,403956000
2004-08-02,0.11761407747711743,0.11952030118071735,0.11563284788140846,0.11906296014785767,420984000
2004-08-03,0.11959622892413774,0.11967214803175791,0.1119740868190865,0.11288877576589584,741540000
2004-08-04,0.11166860171644845,0.11517554050484641,0.11151676346780923,0.11410809308290482,507816000
2004-08-05,0.11532735430195062,0.11586152768981085,0.10900132986673257,0.11098255962133408,859920000
2004-08-06,0.07706296572900151,0.07774898415295381,0.07088877946842845,0.07187939435243607,5088948000
2004-08-09,0.07370877582578536,0.07675836587178751,0.07248949045942349,0.07508081942796707,1579212000
2004-08-10,0.07927378548612077,0.08178919565869805,0.07797766082988503,0.0810263380408287,2051916000
2004-08-11,0.07995982496106728,0.07995982496106728,0.07813043960108082,0.07866370677947998,963816000
2004-08-12,0.07889236103284455,0.0791210315997941,0.07668154722224974,0.0768342986702919,654384000
2004-08-13,0.07866370142415165,0.08056900578907909,0.07797767599773277,0.0800357386469841,815700000
2004-08-16,0.079121031857537,0.08125501334594863,0.0786636907221481,0.07927379012107849,531732000
2004-08-17,0.08102635321329786,0.08407594420546517,0.08026441547793134,0.08361859619617462,744912000
2004-08-18,0.08399910209668619,0.08918266743421555,0.0833130767550371,0.08918266743421555,872424000
2004-08-19,0.08864940967183851,0.09025012415580383,0.08750603634186158,0.0888780802488327,724404000
2004-08-20,0.08842071836095845,0.09543276140648292,0.08811520868454478,0.09413755685091019,1199040000
2004-08-23,0.0956614726741637,0.09718626833639393,0.09512820547783467,0.09619565308094025,800028000
2004-08-24,0.09756767576850035,0.0980250237588369,0.09078339548424463,0.09261278063058853,939420000
2004-08-25,0.09467082061176371,0.09726214965917254,0.09291734819419975,0.09657612442970276,721308000
2004-08-26,0.09642431178725584,0.09741492692029312,0.0956614608526888,0.09680482745170593,612720000
2004-08-27,0.0968816603418965,0.1000062572247922,0.09680482800330145,0.09863421320915222,565128000
2004-08-30,0.09825366021038316,0.09878692710424516,0.09528090291971163,0.09535682201385498,628056000
2004-08-31,0.09573830700447897,0.09619565507307494,0.09200269692147169,0.09497544914484024,587064000
2004-09-01,0.09375614971443681,0.09817686464452548,0.09253686398759711,0.09680482745170593,591744000
2004-09-02,0.0972621490388916,0.10153102455395142,0.09634745328209907,0.10076908022165298,770088000
2004-09-03,0.09771948307752609,0.09970161891987973,0.09688161975668838,0.09771948307752609,715056000
2004-09-07,0.09832959557103091,0.10038765760272697,0.09459490027631325,0.0958901047706604,727332000
2004-09-08,0.09596693823699766,0.09680480168100493,0.09368020564772145,0.0939088761806488,834984000
2004-09-09,0.09619563862670584,0.10496114912517418,0.09573829063630171,0.10328451544046402,1299324000
2004-09-10,0.10153104233280585,0.10778114867029913,0.10122644582556652,0.10724788159132004,1039344000
2004-09-13,0.10709511934315984,0.11143991456468562,0.10694328110780989,0.10930593311786652,967752000
2004-09-14,0.10831530139305412,0.11052520147729059,0.10747652481005954,0.1097632572054863,683556000
2004-09-15,0.10640908968725953,0.1067145993613702,0.10229296546032228,0.10366500914096832,1163904000
2004-09-16,0.10541850190578192,0.10861993116908104,0.10503707302384259,0.10755248367786407,810024000
2004-09-17,0.10839124031272941,0.11258328394415656,0.10747654446131362,0.11197409778833389,1003800000
2004-09-20,0.10976329092145752,0.11502278931349849,0.1083912537887531,0.11182135343551636,794628000
2004-09-21,0.11433674928124156,0.11570878623813567,0.11296470550934612,0.11479409039020538,503904000
2004-09-22,0.11174541007251498,0.11448949055771225,0.1089244972691924,0.10945867747068405,625920000
2004-09-23,0.1107538963485572,0.11105940605547995,0.10755246756488046,0.11044930666685104,578664000
2004-09-24,0.11090667285277678,0.11105942432386375,0.10549442258335942,0.1070951372385025,476316000
2004-09-27,0.10625724743862665,0.10747653282848252,0.1032844896507854,0.10518980026245117,406020000
2004-09-28,0.10496112637869588,0.10762928780209523,0.10351317041048035,0.10671459883451462,474840000
2004-09-29,0.10663777140168319,0.1123546104476389,0.10526573439225484,0.10930593311786652,537228000
2004-09-30,0.11052519123541717,0.11319335212450664,0.10846712954424437,0.11067794263362885,619680000
2004-10-01,0.111211217355805,0.11586151435426834,0.11067795042442143,0.11525142192840576,590412000
2004-10-04,0.11624202878077147,0.12005354895552794,0.11601335828788453,0.11852876096963882,673932000
2004-10-05,0.11563287939473861,0.11868155693131595,0.11479410257256244,0.11586154997348785,633180000
2004-10-06,0.11563287109583324,0.11685215665490102,0.11296470939014942,0.11631889641284943,498504000
2004-10-07,0.11845286458049603,0.12112101917225365,0.116394802490024,0.11700490862131119,798072000
2004-10-08,0.11578470266238826,0.11624205739072707,0.10961052286983292,0.11060205101966858,693420000
2004-10-11,0.11075387895107269,0.11296469238426012,0.10877265607087061,0.11075387895107269,373848000
2004-10-12,0.10701917795988738,0.10999193555349543,0.10526571249147006,0.10915315896272659,827232000
2004-10-13,0.11243143348520995,0.11387939630766833,0.10755245839747432,0.10846715420484543,672816000
2004-10-14,0.10945867575707077,0.10945867575707077,0.10442785593380108,0.10518980026245117,513264000
2004-10-15,0.10541849464275889,0.10557125291608198,0.09970165511931166,0.1022929847240448,1280484000
2004-10-18,0.10168380703154882,0.10518983288992549,0.10084503694080961,0.10412238538265228,573972000
2004-10-19,0.10648593393383314,0.10755246805982345,0.1026744057439873,0.10343634337186813,618480000
2004-10-20,0.10313175939322614,0.10511390272861874,0.10252165996804356,0.10465655475854874,540204000
2004-10-21,0.10572307566053508,0.10839123720830517,0.10488521215835496,0.10701919347047806,1013964000
2004-10-22,0.10800979084337652,0.10823846135499268,0.10092091638827476,0.10122641921043396,686460000
2004-10-25,0.10038768484652265,0.1038937037475354,0.10015900743927406,0.10168380290269852,529164000
2004-10-26,0.11166859223389387,0.1157847100879057,0.10800981550754879,0.11044930666685104,2455776000
2004-10-27,0.10846714471676938,0.1155560195662993,0.10846714471676938,0.11349795758724213,1074036000
2004-10-28,0.11197411017078478,0.11433676236064987,0.11121125246512453,0.11227869987487793,561552000
2004-10-29,0.11121124328997384,0.11273603855021146,0.1093059324185815,0.11029654741287231,742860000
2004-11-01,0.11182137767779532,0.11273607384123434,0.1103734211066854,0.11266015470027924,653892000
2004-11-02,0.11235459131479686,0.11662346669170169,0.11143989558760693,0.11426081508398056,1095756000
2004-11-03,0.11891023175259724,0.11929166743088396,0.11471818754270396,0.1153273805975914,910356000
2004-11-04,0.11616609304980949,0.11891016583146032,0.11372660299674395,0.11746221035718918,995544000
2004-11-05,0.13567930260261274,0.14307368808316354,0.13293522868802093,0.13446001708507538,3849012000
2004-11-08,0.13301205099227803,0.13773735447685723,0.13240194485938256,0.13590796291828156,718620000
2004-11-09,0.13384993257490188,0.13705136174686677,0.1337740134478212,0.13507014513015747,615936000
2004-11-10,0.13491738003566545,0.13636534997216312,0.1343072873880425,0.13507014513015747,645912000
2004-11-11,0.13590798660069697,0.13773737847805023,0.13499329066202034,0.13773737847805023,507000000
2004-11-12,0.13987223062302853,0.14025273932879295,0.1365939703195201,0.13796600699424744,647076000
2004-11-15,0.13659395300323535,0.1410155789134783,0.1357560897587795,0.14002405107021332,536472000
2004-11-16,0.14048149013170588,0.14200627893832107,0.13697545723694576,0.1395667940378189,472728000
2004-11-17,0.1417775307187587,0.14566498358243396,0.14040549414393166,0.14193028211593628,602772000
2004-11-18,0.14314962123932382,0.14497901311516292,0.14017686284858627,0.14375972747802734,532524000
2004-11-19,0.15473609568734215,0.1564886557314531,0.143378332785224,0.14452171325683594,2126052000
2004-11-22,0.14505494997130391,0.1486378014087677,0.14368291271168618,0.1486378014087677,733788000
2004-11-23,0.1474185076509571,0.15084862105952765,0.14619830872035872,0.1492478996515274,676896000
2004-11-24,0.1490951147568436,0.15229654322502728,0.14871367915463599,0.1498570591211319,428580000
2004-11-26,0.15054310317941888,0.15275391721833395,0.14924789834309168,0.15138188004493713,350760000
2004-11-29,0.152525192267647,0.15359263934329145,0.1471129509997307,0.14840906858444214,704388000
2004-11-30,0.14901923057487818,0.14917106883124967,0.14497902447491132,0.1458178013563156,576540000
2004-12-01,0.1471129486440546,0.14947651326656342,0.1460464147954845,0.14947651326656342,514572000
2004-12-02,0.14802764340610916,0.15260110800673032,0.14688427725595385,0.151457741856575,758652000
2004-12-03,0.15511659333250924,0.1600714961091634,0.15458333294273616,0.15801343321800232,1347312000
2004-12-06,0.15877533987617204,0.16685575123074897,0.1559553330142398,0.16555961966514587,970500000
2004-12-07,0.17523982897464416,0.19025637229189102,0.17180972945077688,0.17386779189109802,2927052000
2004-12-08,0.1763072566531862,0.17912724940882693,0.17455378424179271,0.1759258210659027,872724000
2004-12-09,0.17280126421717903,0.17615453153518174,0.16944708368888006,0.1743251532316208,869964000
2004-12-10,0.1783652670555741,0.17958456582485968,0.17661180864793374,0.17767925560474396,652848000
2004-12-13,0.1750111115688653,0.17729784397288362,0.17196243489018,0.172801211476326,738024000
2004-12-14,0.1729531113627903,0.17646005716104543,0.1726485216382955,0.1763073056936264,512988000
2004-12-15,0.17806072496101139,0.17844124735856398,0.1753166511659806,0.17790797352790833,432768000
2004-12-16,0.18309157718442917,0.18949443533513824,0.17996606723386432,0.18027065694332123,1524036000
2004-12-17,0.18362480621117974,0.18438675059023274,0.1737159309629286,0.1757739931344986,1214244000
2004-12-20,0.17783207852818803,0.1805761663252842,0.17295309595873265,0.17386779189109802,898728000
2004-12-21,0.1738678214133752,0.17638323906199196,0.1695998575644921,0.17516393959522247,899400000
2004-12-22,0.17866997641503615,0.17950875338658553,0.17501119198345896,0.17539262771606445,421824000
2004-12-23,0.1744019437371006,0.17783204256733998,0.17356316709612712,0.17584989964962006,366972000
2004-12-27,0.1782894263878707,0.17905137089509157,0.1734104572648381,0.1743251532316208,308208000
2004-12-28,0.17470660841159094,0.17607864580699403,0.17272446464251498,0.17341049015522003,291612000
2004-12-29,0.17287717416471063,0.1770692181023306,0.1724198330205992,0.1749352365732193,294732000
2004-12-30,0.17501111778357772,0.1764600004929183,0.17348724281013062,0.17424918711185455,259812000
2004-12-31,0.17676457170892493,0.1804992596744545,0.17607854658281033,0.1795845776796341,575964000
2005-01-03,0.18583564186563686,0.1884269643579244,0.178975429772944,0.1797373741865158,1066716000
2005-01-04,0.1810334873722684,0.1813380770358095,0.16853236266480676,0.17127645015716553,790224000
2005-01-05,0.16944704884615575,0.17493520988833863,0.1685323530674583,0.17287714779376984,724812000
2005-01-06,0.1759258324279387,0.17798389461202274,0.16998033005280871,0.17120052874088287,563568000
2005-01-07,0.17158102781419263,0.17287714554132882,0.1654068416109306,0.1679222583770752,763092000
2005-01-10,0.16845643482909575,0.16998032353806244,0.16731306850731495,0.1683036834001541,579552000
2005-01-11,0.16670300180796685,0.16761769780777805,0.16060474678912395,0.16312015056610107,1093380000
2005-01-12,0.16456903307898144,0.1651782261967251,0.1577847521172532,0.16174812614917755,1057800000
2005-01-13,0.1621295804591339,0.16769366350040746,0.15854672822238003,0.16342569887638092,898764000
2005-01-14,0.16647428033321063,0.16685571590416007,0.16235815640714213,0.16395887732505798,573912000
2005-01-18,0.16212951949102228,0.16693166961016564,0.16174809747101188,0.16655023396015167,464556000
2005-01-19,0.16731308536049488,0.16769359415600715,0.1620535942985224,0.1627396196126938,336492000
2005-01-20,0.1594613801968612,0.1670844374955008,0.1594613801968612,0.16312015056610107,640080000
2005-01-21,0.1633488665173427,0.16662712894969225,0.16281560605698944,0.16342569887638092,596352000
2005-01-24,0.16251094911605543,0.1648736011079588,0.1559553265401895,0.1568700224161148,463704000
2005-01-25,0.15755609769099402,0.16182497511568983,0.15664140152502207,0.15961416065692902,439704000
2005-01-26,0.16014729902991512,0.1638829131988339,0.15748005854616973,0.16167210042476654,429120000
2005-01-27,0.16197680640572665,0.17539263128099356,0.16098619114135276,0.17463068664073944,1002912000
2005-01-28,0.17531663463736066,0.17600264620644107,0.1705904046081189,0.17440193891525269,671052000
2005-01-31,0.17584989982912974,0.17798388096187592,0.17226704957230782,0.17470653355121613,562968000
2005-02-01,0.17455383968294313,0.1787467974345363,0.17348730536994586,0.17798393964767456,507180000
2005-02-02,0.18499689392737248,0.18934168968948575,0.17973740216849773,0.18789373338222504,2035404000
2005-02-03,0.185911625623703,0.18720774392560813,0.18332028860038685,0.185911625623703,690120000
2005-02-04,0.18598747217352163,0.19711654613253657,0.18591155306145393,0.19658328592777252,806448000
2005-02-07,0.1968119878807223,0.20047075809615408,0.19246719228677012,0.19421973824501038,521628000
2005-02-08,0.19300040060220686,0.19925050555992532,0.19239030814216948,0.19612590968608856,455772000
2005-02-09,0.19665926173829396,0.1972693544411655,0.18827425917799756,0.18926578760147095,783756000
2005-02-10,0.19025637089075964,0.19467708543621234,0.18957034553903682,0.19368647038936615,602376000
2005-02-11,0.19246722378084236,0.20077539428674634,0.1917811982900653,0.19932742416858673,556512000
2005-02-14,0.199250510423373,0.200013367949552,0.1943724557341392,0.19513438642024994,432900000
2005-02-15,0.1964305394594775,0.20313798636522729,0.19612593616335874,0.19688788056373596,748500000
2005-02-16,0.19627779492778516,0.19909871506265026,0.1926958571530887,0.1962018758058548,466464000
2005-02-17,0.1988700848631507,0.19894600400049492,0.19292456689858162,0.19444845616817474,1017408000
2005-02-18,0.20938906605096663,0.21571509279951992,0.2035953864647473,0.21548642218112946,3132120000
2005-02-22,0.21403841210951396,0.22326127692908265,0.21213310112215125,0.2182304561138153,1420800000
2005-02-23,0.21472443598715873,0.21739259101528985,0.2076355527794878,0.21114157140254974,1107840000
2005-02-24,0.20824566820824866,0.21701117857318417,0.20824566820824866,0.21670658886432648,695496000
2005-02-25,0.21701116184371422,0.2209745351145295,0.21464850979902914,0.2198311686515808,525132000
2005-02-28,0.21876461940460762,0.22105135217252936,0.2168583954145634,0.22097451984882355,758064000
2005-03-01,0.221966084045079,0.2256248543418072,0.21823046778216548,0.2204412817955017,737148000
2005-03-02,0.21800183346899532,0.21922203257781575,0.2126664217831568,0.21396254003047943,947460000
2005-03-03,0.21342828557712198,0.21480032244318178,0.2079401108528793,0.2110656201839447,761292000
2005-03-04,0.2116757755602088,0.21350516756049187,0.20839751403698478,0.21015098690986633,593124000
2005-03-07,0.21106559261908706,0.2167065180362342,0.2096176368323862,0.2122848778963089,511176000
2005-03-08,0.21175164280653933,0.21220898387955492,0.20016521462342476,0.20153725147247314,1332384000
2005-03-09,0.20024205350937127,0.2039767558447845,0.1956685881092198,0.19627776741981506,910140000
2005-03-10,0.19688790116402352,0.1986413739105404,0.1930763659730044,0.1962018758058548,689280000
2005-03-11,0.1979553044707638,0.19825989410092168,0.1900276461561081,0.19178111851215363,732180000
2005-03-14,0.1957445191064416,0.19803125194537155,0.19437248212908423,0.1971924751996994,572148000
2005-03-15,0.19818402712231842,0.20008933818954813,0.19307637376087539,0.19322913885116577,378108000
2005-03-16,0.19246719479217328,0.1955158724229572,0.1898749451227173,0.18995177745819092,535356000
2005-03-17,0.19056094984364785,0.1912469751566983,0.1875881916604333,0.18804554641246796,442584000
2005-03-18,0.188198259732877,0.18880835217539949,0.18080478875112177,0.1842348873615265,639012000
2005-03-21,0.18415815187571513,0.1910183527034472,0.18301478507109312,0.19056101143360138,654456000
2005-03-22,0.19071373471334352,0.1924672076518627,0.18644485790277987,0.1871308833360672,622992000
2005-03-23,0.18690215957419232,0.19246715290822478,0.18652163719083853,0.19117103517055511,728784000
2005-03-24,0.1917042984133586,0.19688786986673076,0.19139970876379087,0.19155246019363403,865356000
2005-03-28,0.19162839951088081,0.19437248716671812,0.18758819395999446,0.18941758573055267,511188000
2005-03-29,0.18918893489732228,0.19132382978243143,0.1843867844062896,0.18522556126117706,587400000
2005-03-30,0.18530148038696273,0.18789373007741075,0.1788986221522556,0.18522556126117706,858708000
2005-03-31,0.18415810593065102,0.1854542239053566,0.18027065158680125,0.18110942840576172,518316000
2005-04-01,0.18332026615786354,0.1843868004830998,0.17828944464052301,0.17935597896575928,510756000
2005-04-04,0.1783653176637665,0.1788985915035311,0.17432512601369163,0.17828939855098724,421428000
2005-04-05,0.17836536908709327,0.18210007257247335,0.1740964920277932,0.17516393959522247,430128000
2005-04-06,0.17844128990249103,0.1814140349508685,0.1772219905173716,0.17783209681510925,567468000
2005-04-07,0.17874677624449414,0.1829388202887503,0.1756971855093338,0.18110942840576172,506352000
2005-04-08,0.1818714017379998,0.1859116081779934,0.17836536887127988,0.1787468045949936,621540000
2005-04-11,0.18004192026982482,0.1806520263050868,0.1747065115061601,0.17523977160453796,328380000
2005-04-12,0.17470661085891284,0.17767936994893502,0.1708191556158064,0.17737478017807007,512232000
2005-04-13,0.177603450419303,0.1780607916798385,0.16883701144865523,0.16998039186000824,498408000
2005-04-14,0.170361780657686,0.17196248838646733,0.16799912841720227,0.16860830783843994,352080000
2005-04-15,0.16647430860199547,0.16769359415600715,0.16121481754002295,0.1627396196126938,630156000
2005-04-18,0.16174809174873078,0.16525502339419532,0.16083339587125364,0.16159625351428986,473100000
2005-04-19,0.16426349542070606,0.1684564523876863,0.16350155098680355,0.16723625361919403,365460000
2005-04-20,0.17005716570068774,0.1711236997646733,0.16197675503098985,0.1621295064687729,564672000
2005-04-21,0.1654068672344474,0.17173380584399034,0.16395891106694002,0.1711237132549286,538152000
2005-04-22,0.1700571429995303,0.1712005092348609,0.16754172637780237,0.1695229560136795,336276000
2005-04-25,0.17097182797117272,0.17348723080485037,0.1701330514132846,0.17219111323356628,318168000
2005-04-26,0.17226708044362665,0.17584993134251747,0.16792228508294063,0.17142921686172485,353148000
2005-04-27,0.16693172265435027,0.167541815438182,0.16144354545140638,0.1648736596107483,609348000
2005-04-28,0.1643403485147183,0.16761769680685865,0.16273964074711092,0.16540688276290894,372948000
2005-04-29,0.16700756587260443,0.16830368362505888,0.15946134268676643,0.16716031730175018,478356000
2005-05-02,0.16914248344985008,0.17104779438943038,0.1640348304306026,0.16655023396015167,334908000
2005-05-03,0.16670294346927414,0.16975162012163075,0.16494948484066407,0.16563549637794495,439512000
2005-05-04,0.1663984061639902,0.1721152525517766,0.16586423266040146,0.1708950400352478,468816000
2005-05-05,0.1718865218924754,0.17638316817871097,0.1709718398023876,0.17424918711185455,619272000
2005-05-06,0.17630725109477566,0.17668867304003277,0.17226704622723993,0.17661184072494507,355728000
2005-05-09,0.17737472260785772,0.18110941151812174,0.17630727531055937,0.17989012598991394,745332000
2005-05-10,0.17760337811540908,0.17767929722443088,0.17089500480822287,0.17287714779376984,735120000
2005-05-11,0.17379191432465205,0.17455385898539155,0.1696757884598042,0.16998039186000824,555420000
2005-05-12,0.16998033214499414,0.17600266691672153,0.16982848028847508,0.17371593415737152,835584000
2005-05-13,0.1894176019227269,0.19414381956908616,0.1814140224648592,0.19307637214660645,2650320000
2005-05-16,0.19078961874710013,0.19505849477238754,0.19071369963082235,0.1937623769044876,664104000
2005-05-17,0.19261903461734778,0.1968119920517969,0.19246719636576465,0.19589729607105255,639804000
2005-05-18,0.19543995930515734,0.19780261162111315,0.1933818967095501,0.19734525680541992,550056000
2005-05-19,0.1978025936789737,0.19864137047676764,0.19475391623101782,0.1969638168811798,452880000
2005-05-20,0.19673514324713703,0.2005466646829435,0.19444841030169924,0.20047074556350708,517008000
2005-05-23,0.20184279827243085,0.20717820867223807,0.20123269205007535,0.20512014627456665,703668000
2005-05-24,0.2041295518985607,0.20877893742632045,0.2031380235543637,0.2080170065164566,522192000
2005-05-25,0.2075596484326744,0.20862618267764063,0.2033666909485376,0.20534883439540863,535272000
2005-05-26,0.20717821163125272,0.21274229268138029,0.20679677597430096,0.21114157140254974,788784000
2005-05-27,0.21175161520118765,0.21175161520118765,0.2075595724617429,0.20976947247982025,322740000
2005-05-31,0.2088548098956887,0.2106082823880258,0.20313797817299603,0.20656807720661163,763176000
2005-06-01,0.2051960326617452,0.2122849010073442,0.20275746184181911,0.2084742933511734,796632000
2005-06-02,0.20771150341677228,0.2162492573261261,0.20771150341677228,0.2162492573261261,684348000
2005-06-03,0.21548639500893207,0.21746852481852622,0.2134283324429205,0.21571506559848785,559620000
2005-06-06,0.21182759984060273,0.2160205570873561,0.21167576159581658,0.21365699172019958,512892000
2005-06-07,0.21220898189925202,0.21571501354295824,0.2077114357998608,0.2084742933511734,974136000
2005-06-08,0.20900756801580397,0.211904406945377,0.2048155381083984,0.2070254385471344,618720000
2005-06-09,0.20542475276843,0.21579189793521827,0.20519608217887422,0.21571506559848785,619908000
2005-06-10,0.215486359954978,0.21571503050733512,0.2118275765972541,0.2132764458656311,465096000
2005-06-13,0.21342834609282413,0.22402416252682827,0.21281915299192122,0.2180018126964569,1409916000
2005-06-14,0.2180786132529471,0.22166055094613732,0.198259933738994,0.20512014627456665,2408412000
2005-06-15,0.2038240523648322,0.20542477391652347,0.19643059183146303,0.20451007783412933,1669788000
2005-06-16,0.20443412620020257,0.2069495298043982,0.20146136781251428,0.20557749271392822,489240000
2005-06-17,0.208092904585648,0.2084743266071483,0.20458687238265702,0.20512014627456665,456348000
2005-06-20,0.20512021365124158,0.20961776194541282,0.20176603221689826,0.20824572443962097,606060000
2005-06-21,0.20961764095973612,0.21121836181760692,0.20763549817522425,0.21022683382034302,428172000
2005-06-22,0.21243773354136403,0.2138856899456231,0.20740691203716458,0.2099982351064682,700668000
2005-06-23,0.20961767613790971,0.21586778194562958,0.20885481852660406,0.2132764458656311,836976000
2005-06-24,0.2128950434266869,0.21297096254772174,0.20534881909585959,0.20649218559265137,475632000
2005-06-27,0.20519607536951853,0.20687361540747565,0.2029861746240163,0.2048155665397644,354588000
2005-06-28,0.20565340579950464,0.2074827976197688,0.20336667283917623,0.20611076056957245,262308000
2005-06-29,0.2061875967027686,0.2065681055196806,0.2025288129947559,0.2042054533958435,283572000
2005-06-30,0.2055774815315204,0.20748279242400272,0.20207146305889442,0.20367217063903809,593232000
2005-07-01,0.20298617074572944,0.2048914817489677,0.20047075350213472,0.20458687841892242,315168000
2005-07-05,0.20534878959666658,0.20862613716391484,0.20336664658221842,0.20778827369213104,388440000
2005-07-06,0.20847431323779891,0.21426706440782317,0.20611074809040425,0.21335238218307495,703632000
2005-07-07,0.20999821403028412,0.2134283273111649,0.2093122022781115,0.2118276059627533,465900000
2005-07-08,0.21312371249219417,0.21518177489785936,0.2103796383713097,0.21449576318264008,408132000
2005-07-11,0.2164010567109596,0.21990800207629627,0.2154863744400459,0.21769718825817108,399492000
2005-07-12,0.21754436134493835,0.21815446738554498,0.21205620112938997,0.21647784113883972,564252000
2005-07-13,0.217392573028875,0.21800176599928545,0.21312369707510745,0.21678248047828674,594780000
2005-07-14,0.2190692404261082,0.22333811690865618,0.2068736168149175,0.20717822015285492,1871496000
2005-07-15,0.20656810209437834,0.20717820831568384,0.20138544315413923,0.20496739447116852,1223352000
2005-07-18,0.20435822443787086,0.20443414356647932,0.19780261449753445,0.19986067712306976,1044900000
2005-07-19,0.20107989310780028,0.20306203591712066,0.19955601817219465,0.20260468125343323,517896000
2005-07-20,0.20024206990131882,0.20649217599245276,0.19749799588859704,0.20565339922904968,526500000
2005-07-21,0.20298614131272627,0.20390083712049303,0.19795532118501008,0.20214736461639404,594528000
2005-07-22,0.20313798636522729,0.20603482531892783,0.19543992450697106,0.19688788056373596,699264000
2005-07-25,0.19460116213831405,0.20412952958669228,0.1937623853519044,0.1980312615633011,974952000
2005-07-26,0.1971924636001124,0.20245195427226975,0.1964305328553543,0.20214736461639404,759492000
2005-07-27,0.2024520211532221,0.20717825318639496,0.19902192096344895,0.20626355707645416,807828000
2005-07-28,0.2058820815901092,0.20885483996591808,0.2030620882982789,0.20786422491073608,411240000
2005-07-29,0.2070255017029262,0.20923631602626017,0.2045869163400413,0.20626355707645416,351660000
2005-08-01,0.2074827919340214,0.21030371191728517,0.20611075492142364,0.20938901603221893,389040000
2005-08-02,0.20961772285941974,0.21289507132697488,0.20931221991473753,0.2122090458869934,422652000
2005-08-03,0.2122090458869934,0.21419118944594806,0.2103037482994012,0.2122090458869934,518256000
2005-08-04,0.21060834142529045,0.21152303748332724,0.20954089389245267,0.2099982351064682,356424000
2005-08-05,0.20969363561555376,0.21579190436899398,0.2082456792786312,0.21533454954624176,684096000
2005-08-08,0.21678251602966872,0.22082272209081433,0.21457170197012507,0.21609649062156677,725544000
2005-08-09,0.21640104285145687,0.21693522991210143,0.2131996142182855,0.21556319296360016,291900000
2005-08-10,0.2164778620525628,0.217544382361697,0.21015092468243707,0.21236173808574677,440556000
2005-08-11,0.21236180453337547,0.21571507202997287,0.21030374190600334,0.21533454954624176,701556000
2005-08-12,0.2279874595976218,0.2302741922653208,0.22021256580144472,0.2282920628786087,2295420000
2005-08-15,0.22905487585966489,0.2364483603151351,0.2261580510714397,0.23408570885658264,882804000
2005-08-16,0.2318750111558136,0.23393306040020784,0.228444897278474,0.23012153804302216,637488000
2005-08-17,0.2291309091499365,0.23294245876713576,0.2289781712939112,0.23012153804302216,607572000
2005-08-18,0.22836891679624943,0.22951226960822627,0.22318534482853578,0.22417595982551575,822732000
2005-08-19,0.22455748077221285,0.22524350639166274,0.22188932470527664,0.2225753366947174,422232000
2005-08-22,0.22219472958954772,0.22577666714637698,0.2181545240682145,0.22074584662914276,547224000
2005-08-23,0.22051714812320894,0.22333806772902978,0.2197552174160087,0.22219470143318176,254460000
2005-08-24,0.22074585282808795,0.22707279140856237,0.2196793323149275,0.22234657406806946,514620000
2005-08-25,0.22333806032970505,0.22509061947921427,0.22143183654971724,0.22387132048606873,296484000
2005-08-26,0.22410006572223456,0.22410006572223456,0.21830730011834615,0.2204412817955017,323436000
2005-08-29,0.21838323817813693,0.2210514072286485,0.21662977881861895,0.22082273662090302,343392000
2005-08-30,0.22044122714548917,0.22928358142640234,0.22013663750721144,0.22874939441680908,948852000
2005-08-31,0.22821618174385935,0.2367530076930994,0.2275301563773934,0.23385709524154663,906804000
2005-09-01,0.2331711018662979,0.23606701471517164,0.2319509164716612,0.23393304646015167,556884000
2005-09-02,0.2343904016478495,0.2343904016478495,0.2293595934037641,0.23012153804302216,469800000
2005-09-06,0.23096021755680177,0.23324695022488862,0.22745419944444306,0.23202766478061676,423096000
2005-09-07,0.23172222811696488,0.24003129769013143,0.23111304864086335,0.23942121863365173,588012000
2005-09-08,0.2379732256020601,0.24521394736618987,0.2379732256020601,0.24224118888378143,646116000
2005-09-09,0.24483337275931769,0.24589992037745534,0.24086908682020788,0.245366632938385,454236000
2005-09-12,0.24559542836706266,0.24635737305664818,0.24163206747251398,0.24452798068523407,556584000
2005-09-13,0.24338452758907236,0.2531415651315687,0.24338452758907236,0.25192227959632874,854724000
2005-09-14,0.2500161835048395,0.25337036518079137,0.24772942236044748,0.2488728165626526,503448000
2005-09-15,0.25268427221496437,0.2561143721272929,0.2511594835049206,0.2532943785190582,759756000
2005-09-16,0.2554283513003971,0.25680040219408273,0.2513881450110951,0.25344622135162354,519828000
2005-09-19,0.25314163015287855,0.2539803934839042,0.24849224416536694,0.24986429512500763,428316000
2005-09-20,0.25176956560680597,0.2575623452547598,0.2514649895012508,0.2547423243522644,522192000
2005-09-21,0.2537517411842934,0.2587825493625442,0.25032164098184784,0.2525315284729004,625656000
2005-09-22,0.25314174549442114,0.25314174549442114,0.2412507044528668,0.24574828147888184,739152000
2005-09-23,0.2452139485427329,0.2514649684564466,0.24315587238657135,0.249330073595047,314640000
2005-09-26,0.2512362347475565,0.2531415454381807,0.24673868853595035,0.2513880729675293,406776000
2005-09-27,0.2524555162376305,0.2546663297538466,0.2503215486703203,0.252226859331131,404160000
2005-09-28,0.252988823824739,0.25443772052415053,0.2500929113664862,0.2537516951560974,353556000
2005-09-29,0.25382749018169826,0.2591628981712801,0.2517694150837412,0.25901105999946594,513372000
2005-09-30,0.25916301666575003,0.263660563507233,0.25862975640092256,0.26129791140556335,458832000
2005-10-03,0.2643465926560106,0.2703680285179792,0.26221259746574543,0.2684627175331116,549888000
2005-10-04,0.2696060374645323,0.27402673764503965,0.2643465469890579,0.26495665311813354,514476000
2005-10-05,0.2652613142660721,0.2652613142660721,0.25458959209282833,0.25619029998779297,599184000
2005-10-06,0.2558856562754416,0.25984904329136543,0.2475774874781336,0.25527557730674744,685512000
2005-10-07,0.2557329187305123,0.25832515463010736,0.2500160862435407,0.2519982159137726,551952000
2005-10-10,0.2532942478428676,0.2537515888098973,0.24551934236337533,0.24559526145458221,459216000
2005-10-11,0.24651000701096096,0.24864400189456426,0.2397257280657621,0.24254664778709412,540048000
2005-10-12,0.241860661235319,0.2491782288074451,0.2415551583229644,0.24544259905815125,657660000
2005-10-13,0.244909304709209,0.24529072669145707,0.23477174521475885,0.24414736032485962,509304000
2005-10-14,0.2458999332708796,0.24894950996857065,0.24010715506549796,0.24414736032485962,311256000
2005-10-17,0.2442993036739392,0.24894961709394403,0.2442993036739392,0.2465101182460785,243912000
2005-10-18,0.24742468670595602,0.2478820277360593,0.2408690654611332,0.24246977269649506,299832000
2005-10-19,0.23934531218377683,0.24079325502921908,0.23256100373215022,0.24041183292865753,635952000
2005-10-20,0.24079322925752372,0.24712016853547478,0.2397257817864514,0.24208936095237732,359520000
2005-10-21,0.24620535397321022,0.2469672981032716,0.24178372820725505,0.24346128106117249,298368000
2005-10-24,0.24559531790373237,0.25009286403656006,0.24338450439164683,0.25009286403656006,291012000
2005-10-25,0.24841534520753225,0.2524555508293538,0.24734882469779507,0.25169360637664795,334680000
2005-10-26,0.25176960440003526,0.25230289208204226,0.24445206215602658,0.24483348429203033,415344000
2005-10-27,0.24529076299803848,0.24605270749516664,0.23896382406900343,0.2397257685661316,227784000
2005-10-28,0.24033587673855678,0.2475774980501831,0.23439035980066503,0.24712015688419342,464640000
2005-10-31,0.24811072231261708,0.25748633649392344,0.24811072231261708,0.25573286414146423,432420000
2005-11-01,0.25573283521772666,0.25763904514438674,0.250626083367785,0.2526082396507263,400488000
2005-11-02,0.2526842838657136,0.26754805083780797,0.25154091717555255,0.26724347472190857,523668000
2005-11-03,0.26907269020501245,0.27059655114438025,0.26198381047656794,0.2641177773475647,465072000
2005-11-04,0.2642706502586476,0.26487982959920303,0.2568762647553131,0.25962033867836,570276000
2005-11-07,0.26099254004249456,0.26190722279191087,0.25741060052438786,0.258477121591568,370824000
2005-11-08,0.25946860468774907,0.2596972889648773,0.25253155750801826,0.2536749243736267,538968000
2005-11-09,0.2542091638892051,0.26678622925526796,0.251312323136897,0.2651086747646332,818880000
2005-11-10,0.2743323125561624,0.28027780198016133,0.2503215888769104,0.25527557730674744,2503620000
2005-11-11,0.2574863663686946,0.2625171730150438,0.25634299998270593,0.2594684958457947,545928000
2005-11-14,0.25954439758536324,0.26678604466525546,0.2555810384766356,0.26495665311813354,493668000
2005-11-15,0.2665574004331867,0.2690728175948225,0.2647280086119977,0.2655658721923828,496200000
2005-11-16,0.2658713319519762,0.2673193015178888,0.2594684752467574,0.2646511197090149,455280000
2005-11-17,0.2668619329612297,0.27661896843933736,0.2637364104082425,0.27639028429985046,703260000
2005-11-18,0.27730506639989627,0.27959182683991457,0.2704448668598708,0.2758561968803406,465768000
2005-11-21,0.2761615544585885,0.2811923866147518,0.2743321906854332,0.280735045671463,454704000
2005-11-22,0.28218302735750994,0.29094853464259485,0.27997221415675966,0.28820446133613586,731700000
2005-11-23,0.28851017444354504,0.29155885320402825,0.28584201829022754,0.2873668074607849,411948000
2005-11-25,0.28873879270430763,0.2906441040462514,0.28675663538598617,0.2901867628097534,116676000
2005-11-28,0.29094858450677397,0.29346400137046524,0.2835551262377915,0.2887386977672577,424524000
2005-11-29,0.27166421559984966,0.27936320742673154,0.269224744019143,0.27044492959976196,1043136000
2005-11-30,0.2685386235596804,0.2769236107286717,0.2684627044416717,0.27555158734321594,575448000
2005-12-01,0.2778383472648776,0.28012508038969064,0.2748655887506188,0.2788289487361908,562032000
2005-12-02,0.28012515454082537,0.28081118011186695,0.275170237672019,0.27890586853027344,334476000
2005-12-05,0.27951492265416134,0.27951492265416134,0.27280746234595643,0.27372217178344727,387708000
2005-12-06,0.2741795126193667,0.27860024021977414,0.27379809064238647,0.2748655378818512,375252000
2005-12-07,0.2759331398260302,0.2776097673165177,0.27059680021696797,0.2753230333328247,352668000
2005-12-08,0.2738749922313544,0.2774569578506626,0.2699875509139491,0.27311214804649353,386664000
2005-12-09,0.2739509736938654,0.27738110182494025,0.2701394506435991,0.27699965238571167,262896000
2005-12-12,0.27776238077595117,0.2816498209732523,0.2773050124209709,0.2810397148132324,281136000
2005-12-13,0.2815729928600327,0.2871380140849322,0.27951494417224926,0.2846985161304474,443412000
2005-12-14,0.28256465309200607,0.2839367043649484,0.27867721083202807,0.28203049302101135,287472000
2005-12-15,0.281801686154434,0.28393658086864293,0.2755515935119384,0.2784484326839447,332724000
2005-12-16,0.27943900824896356,0.2821071629749526,0.2767708535229745,0.2808869779109955,1065600000
2005-12-19,0.2814970985410432,0.28355517467013747,0.27555160888590213,0.2762376070022583,292296000
2005-12-20,0.27593306163755604,0.2801251062262547,0.27242611566118136,0.27608489990234375,304356000
2005-12-21,0.2773809791171635,0.2796677120195963,0.2730361702465373,0.27555158734321594,289380000
2005-12-22,0.27532303371741007,0.28424131262228197,0.27524711456339773,0.2839367091655731,318336000
2005-12-23,0.28469846268404253,0.28652785409642206,0.28279315216865925,0.2861464321613312,214536000
2005-12-27,0.285841833268521,0.2910254043326602,0.28492715117838235,0.2878998816013336,367968000
2005-12-28,0.2878999902385918,0.29148285536695945,0.28607062536801514,0.29056817293167114,264420000
2005-12-29,0.29041540216202893,0.29133011183949054,0.28286917680802415,0.28408846259117126,310464000
2005-12-30,0.28248760715610854,0.28256442582767743,0.27753362063982395,0.27867698669433594,229608000
2006-01-03,0.280277913903225,0.29346415727502506,0.2793632312450452,0.2913301885128021,472812000
2006-01-04,0.29354085039046823,0.2999437074431649,0.2904912464576587,0.29948633909225464,510072000
2006-01-05,0.2995623326946965,0.3068039818781837,0.29902907235941684,0.3062697947025299,646092000
2006-01-06,0.30977671651876093,0.3124439720882135,0.2976570256080722,0.3113006055355072,623388000
2006-01-09,0.31114870238847137,0.3216676843049637,0.3104627043478352,0.3199901580810547,560484000
2006-01-10,0.31846636984136756,0.32006707787513733,0.3144261631369224,0.32006707787513733,339660000
2006-01-11,0.32037156643260245,0.3334818566618879,0.3198383062259939,0.3316524922847748,626304000
2006-01-12,0.3315765670049157,0.33668329257932766,0.3245636038763627,0.32692715525627136,495504000
2006-01-13,0.32616439731444025,0.32883255268173356,0.3194569352810991,0.32403042912483215,421296000
2006-01-17,0.31960968183778554,0.3239544911962176,0.31534079160588585,0.323801726102829,329232000
2006-01-18,0.3139687605103181,0.3265457925830799,0.31099600202293626,0.32547834515571594,459948000
2006-01-19,0.3298231032130811,0.34804104609361974,0.329213923889404,0.34354349970817566,914760000
2006-01-20,0.34407771423909966,0.34804107389016614,0.3338633351649209,0.33393925428390503,461604000
2006-01-23,0.3365314957715492,0.33866546366105005,0.33195802983100947,0.3358454704284668,334884000
2006-01-24,0.3366073774965426,0.34453502289150756,0.3356926953140538,0.33752205967903137,388896000
2006-01-25,0.3391987222902674,0.3414095359519583,0.3305091322914237,0.33454933762550354,400236000
2006-01-26,0.33942749332378486,0.34628772121658136,0.3372935248986385,0.3459831178188324,448836000
2006-01-27,0.35048053965984777,0.3564260556396451,0.3475837007819495,0.3525386154651642,385044000
2006-01-30,0.35406245787269847,0.3544438798324204,0.3469735759144496,0.34857431054115295,315780000
2006-01-31,0.3468217917895082,0.34872710272508595,0.34003751204489435,0.3427056670188904,384456000
2006-02-01,0.33653151196405734,0.34430642079307583,0.33523538033578887,0.34293437004089355,450852000
2006-02-02,0.34605887614533515,0.34628756029749785,0.33195795889536994,0.3324912190437317,473736000
2006-02-03,0.33035735085145496,0.3396561217794186,0.3292899033940149,0.3355399966239929,504252000
2006-02-06,0.33462534005546263,0.34537298132422534,0.3331773700118551,0.344992458820343,363468000
2006-02-07,0.34567840435289565,0.34567840435289565,0.332567186797585,0.33271995186805725,399408000
2006-02-08,0.3337105559847376,0.34232422709465027,0.3337105559847376,0.34232422709465027,393072000
2006-02-09,0.34339174970213576,0.34872716096088247,0.33439665462034324,0.33653154969215393,437100000
2006-02-10,0.33775080005220187,0.33927558864343865,0.3267744757359911,0.3346253037452698,414996000
2006-02-13,0.3335586962423259,0.33813216161774967,0.3312719635546141,0.33576861023902893,280740000
2006-02-14,0.3357686146851186,0.3375979790515085,0.3319579932085596,0.33637869358062744,342348000
2006-02-15,0.3356926764728189,0.34377215963796454,0.33485388618923084,0.3428574502468109,493296000
2006-02-16,0.34926031718873884,0.3605421695039091,0.3468976654239963,0.3597792983055115,1305888000
2006-02-17,0.386229593692492,0.3866110157382593,0.35977937053099085,0.3618374466896057,2356956000
2006-02-21,0.36107556692300263,0.36168567329357304,0.35101392306119295,0.35413944721221924,684060000
2006-02-22,0.3491085166736824,0.35634923780962885,0.34072352950656143,0.3535292446613312,939756000
2006-02-23,0.352461863190298,0.35482544249209663,0.34712645194889397,0.34811705350875854,385128000
2006-02-24,0.3496419121295262,0.35383395721724437,0.346211811717623,0.3480411767959595,416412000
2006-02-27,0.3507093424274814,0.36435292467764113,0.3470505579319351,0.36214300990104675,666468000
2006-02-28,0.3605422066741553,0.36359088400168826,0.35574005669967873,0.35924607515335083,563316000
2006-03-01,0.36054227492277163,0.37502461944524024,0.358255541599204,0.3728906512260437,703932000
2006-03-02,0.37250910532523235,0.37868330550642665,0.36862166513485384,0.37342381477355957,545460000
2006-03-03,0.3699937145225609,0.3811987212245676,0.36930768925345775,0.37471991777420044,595800000
2006-03-06,0.3820374476353571,0.3845528642940061,0.3721276464703393,0.3739570379257202,529020000
2006-03-07,0.37403392062234153,0.3769298326695348,0.3601607591842048,0.3675542175769806,606204000
2006-03-08,0.36763106943770063,0.36953638021570245,0.35261454139377063,0.3657248318195343,670800000
2006-03-09,0.37014646750963465,0.37632066792481406,0.36740239358066906,0.36763107776641846,536700000
2006-03-10,0.3672496661189238,0.37189907860519256,0.35794999608613065,0.36122825741767883,521580000
2006-03-13,0.36488699346030706,0.3673255646209849,0.36214291940437665,0.3655730187892914,372132000
2006-03-14,0.3658776778568947,0.3772354250852739,0.3645056269898525,0.3757106363773346,627792000
2006-03-15,0.3764724374229008,0.3822661143642076,0.37502446797758204,0.38173192739486694,510600000
2006-03-16,0.38241799115788505,0.38287533223203374,0.36747828268903937,0.3687744140625,568416000
2006-03-17,0.36702093567525584,0.3727377671596051,0.36153276109427895,0.3717471659183502,618588000
2006-03-20,0.37502451051337,0.37510042962330836,0.36854573450525224,0.3689262568950653,293772000
2006-03-21,0.3871443271636963,0.39408047380681677,0.3770067919021708,0.3871443271636963,1235472000
2006-03-22,0.3773113504125085,0.3791407425119404,0.3675543108620882,0.37601524591445923,1158576000
2006-03-23,0.37731137555527394,0.3845530253040446,0.3730425120186865,0.38302820920944214,661992000
2006-03-24,0.38401882218597844,0.3966727016782227,0.38340964269772104,0.3959866762161255,687936000
2006-03-27,0.39629126816793947,0.4069629900997323,0.3949951364145352,0.40665748715400696,651444000
2006-03-28,0.40482802376554977,0.41831976422180656,0.40399016020829803,0.4129084348678589,795204000
2006-03-29,0.41466098181398076,0.43585171142067913,0.41123088245708217,0.43508976697921753,987096000
2006-03-30,0.4355470128790162,0.44042508093420407,0.4276952876658021,0.4380624294281006,1063308000
2006-03-31,0.43775704084290606,0.4438552953733558,0.4337936538112479,0.43646183609962463,835560000
2006-04-03,0.43874866003114876,0.447438252689329,0.43326048333439704,0.44133996963500977,968916000
2006-04-04,0.4419500007567567,0.46268249129921135,0.4414926595915533,0.461996465921402,1200612000
2006-04-05,0.46115860165768335,0.4680188009062734,0.4513256166893606,0.46573206782341003,1112976000
2006-04-06,0.46451183615302605,0.4701527495034547,0.45810895107316624,0.4666467308998108,789312000
2006-04-07,0.4646646766858023,0.46878077492548803,0.4562796605796133,0.46542659401893616,682674000
2006-04-10,0.46435984818268494,0.4671039486921025,0.4538408689232476,0.4573468863964081,634230000
2006-04-11,0.45887182842945623,0.45887182842945623,0.44347385034909736,0.44621792435646057,702072000
2006-04-12,0.4491146968970937,0.46664664018776564,0.44667519930080457,0.46420714259147644,598308000
2006-04-13,0.454298371936525,0.45948101747817155,0.4494194028887267,0.45124879479408264,738360000
2006-04-17,0.4504869208413029,0.4637500074170256,0.4488102665005983,0.4524690508842468,443868000
2006-04-18,0.44438853561744723,0.44454130069341097,0.42975342871206684,0.4417972266674042,1165488000
2006-04-19,0.43905304163146264,0.4494192840744982,0.43295478853906805,0.44454121589660645,517476000
2006-04-20,0.4405779387878343,0.4518588381443592,0.43326037174354975,0.4439311921596527,552684000
2006-04-21,0.44530337186889885,0.4471327641602286,0.42274151209616706,0.42792418599128723,770016000
2006-04-24,0.43066812696149237,0.44530323348403067,0.42304598402648486,0.44103527069091797,676848000
2006-04-25,0.4360043769574633,0.44179715463673747,0.4283813354857169,0.44072970747947693,719766000
2006-04-26,0.4424073123982954,0.4491147733802619,0.4329548777679978,0.43768110871315,330528000
2006-04-27,0.4360044833804887,0.44881019955305934,0.4265520481291166,0.4446941018104553,462966000
2006-04-28,0.4449987761258897,0.4510970594820594,0.4411872536182323,0.4454561173915863,284736000
2006-05-01,0.4485046749209573,0.4797570465981053,0.4485046749209573,0.4710674285888672,902472000
2006-05-02,0.4745735630045461,0.48021447769344183,0.4623779779587906,0.4704574644565582,539700000
2006-05-03,0.4651218835130643,0.4786895699601996,0.46466456965844677,0.473506897687912,378114000
2006-05-04,0.4642073429756679,0.4756410106312207,0.46176784432632134,0.4704574644565582,511128000
2006-05-05,0.47289686280916243,0.47853777630167627,0.4663412124821886,0.4768601953983307,338184000
2006-05-08,0.4756408226460483,0.4860070930979446,0.4703054403023013,0.474726140499115,503622000
2006-05-09,0.4741162645961993,0.47655576332574073,0.45963389102321917,0.46024397015571594,561648000
2006-05-10,0.4547556660475134,0.460091103384359,0.44545596965570544,0.4500294625759125,753264000
2006-05-11,0.454602961432002,0.45887185136131114,0.4305163185814836,0.43402233719825745,1201110000
2006-05-12,0.4236561843445403,0.4257901525852312,0.392403807560844,0.4013980031013489,1568172000
2006-05-15,0.40063595238174626,0.4106975927974077,0.3971299341578554,0.40719157457351685,553380000
2006-05-16,0.40947841179514033,0.4096302500591698,0.3939286197378654,0.3965199291706085,497532000
2006-05-17,0.3951477589852394,0.3974344914614733,0.37349969230487484,0.38051265478134155,841074000
2006-05-18,0.38356140730727034,0.3872201636358251,0.36282894545891503,0.3632862865924835,686730000
2006-05-19,0.3666395470525849,0.37959799945537415,0.36298076366592924,0.3709084093570709,932808000
2006-05-22,0.3689263357998735,0.3696891799028899,0.35581601591964584,0.3658776581287384,734886000
2006-05-23,0.3734997470181063,0.38218933715271614,0.3603894290712087,0.3619142174720764,532314000
2006-05-24,0.3651156359768471,0.3774640087089151,0.35688338748880183,0.36663952469825745,579522000
2006-05-25,0.3734996934012845,0.3789878404563558,0.36267610981935244,0.36465826630592346,423666000
2006-05-26,0.3660303906909378,0.3684689893166141,0.36160876271009834,0.36542031168937683,294642000
2006-05-30,0.36603025098081815,0.3661820891730281,0.35002312528206375,0.3501749634742737,448788000
2006-05-31,0.35490137325884247,0.3582555542304643,0.34819391089600965,0.35032787919044495,598422000
2006-06-01,0.3542912600801525,0.3686217665672302,0.34880308366004,0.3686217665672302,537126000
2006-06-02,0.37456721341380156,0.3763966052080824,0.359627503003922,0.3632862865924835,673710000
2006-06-05,0.36130426443400326,0.3680117001344415,0.34697372913342295,0.3480411767959595,581052000
2006-06-06,0.35246175532918017,0.35276725818517635,0.32928982575892296,0.33874133229255676,824130000
2006-06-07,0.3424001870049391,0.34301029326440835,0.3300518118677389,0.3326440751552582,565380000
2006-06-08,0.32883253792826234,0.3331014282163383,0.3134355118846646,0.3265458047389984,730572000
2006-06-09,0.3308146827122432,0.3364546695075826,0.3227342708827515,0.32547834515571594,433824000
2006-06-12,0.31983839762464683,0.3241063614374558,0.30566062883047773,0.3074900209903717,463230000
2006-06-13,0.30733722642120015,0.31358734690324563,0.2998669206492584,0.30276376008987427,532548000
2006-06-14,0.3045930864576113,0.31252073170287514,0.3013916443593463,0.3116060495376587,480492000
2006-06-15,0.323039765128202,0.33996160600046277,0.3204475291742524,0.33889415860176086,837336000
2006-06-16,0.3366073736331927,0.3375220558051834,0.327003074527271,0.3302045166492462,503448000
2006-06-19,0.33386322768579874,0.33553985386530233,0.3195327012357101,0.3202955722808838,388044000
2006-06-20,0.31145324099820826,0.3224295617485416,0.3102339557215037,0.3152647614479065,535818000
2006-06-21,0.31389281630982135,0.3238016924427388,0.31389281630982135,0.3187708854675293,441174000
2006-06-22,0.32227687425700746,0.32319155643726216,0.30733716526619553,0.30947116017341614,532338000
2006-06-23,0.3088620418879846,0.3160268453546683,0.30596522945574417,0.30962398648262024,335202000
2006-06-26,0.309166609529012,0.31252079005445405,0.30520324958643413,0.3067271113395691,281736000
2006-06-27,0.30855652775104436,0.308862030694145,0.29285489772416456,0.29697102308273315,608514000
2006-06-28,0.29925775654085246,0.318313567370531,0.29148284702340765,0.31343552470207214,833376000
2006-06-29,0.3048977148486654,0.3276132345199585,0.30383119427947686,0.3276132345199585,687666000
2006-06-30,0.33081467196815334,0.3359973174263466,0.32212508100264287,0.3245636522769928,468240000
2006-07-03,0.3320338974572765,0.33233847347132434,0.32700306389489164,0.32928982377052307,174696000
2006-07-05,0.3241063010434909,0.32700311296198764,0.3145020008087158,0.3145020008087158,459708000
2006-07-06,0.31450189885201024,0.31755147486188084,0.30154434933986385,0.30474576354026794,470634000
2006-07-07,0.3068798191788414,0.30748992532245834,0.29194011043130746,0.295293390750885,541230000
2006-07-10,0.29605624892031507,0.29819024389531973,0.27989635436910204,0.282487690448761,449922000
2006-07-11,0.2815731231412238,0.2930068200903029,0.27745702386117715,0.29194027185440063,600582000
2006-07-12,0.29087270960039013,0.2942268900350964,0.2776096525271353,0.27791425585746765,461034000
2006-07-13,0.2736462287272198,0.2805064262380963,0.26937733971909866,0.27074939012527466,540582000
2006-07-14,0.275780268554289,0.2773050571502086,0.26175526659282206,0.2693774104118347,572148000
2006-07-17,0.26815815418978817,0.274561013035533,0.26678613053285044,0.271511435508728,502806000
2006-07-18,0.2808110805654396,0.28919606779697626,0.27074943936367957,0.2862992286682129,979332000
2006-07-19,0.2850798400125618,0.3024590148208384,0.28294494610214294,0.2988002598285675,1055550000
2006-07-20,0.30413583397928123,0.30947124524405023,0.292397563912633,0.292854905128479,505602000
2006-07-21,0.28294499602445505,0.28416520821709745,0.26876723274041575,0.2709021270275116,633918000
2006-07-24,0.2809639346970167,0.30505058670170043,0.2794391455927137,0.2981903851032257,983178000
2006-07-25,0.3018490354628259,0.31191064907891564,0.29742830758430133,0.3087092339992523,574104000
2006-07-26,0.3087092339992523,0.3123680174560154,0.29956227535734464,0.3087092339992523,495318000
2006-07-27,0.3126725905754934,0.3254783052943555,0.30748994558369896,0.3131299316883087,694338000
2006-07-28,0.3212103163435514,0.346211664819386,0.3193809247814142,0.34560155868530273,815298000
2006-07-31,0.3419427873076903,0.3454497323340006,0.3366073774965426,0.33752205967903137,594762000
2006-08-01,0.3334060015775257,0.3340161078537811,0.3178562105658198,0.3239544928073883,600966000
2006-08-02,0.33111922930341303,0.3504805670996631,0.33035731212332614,0.34880301356315613,756774000
2006-08-03,0.34758390940060296,0.3802083204985417,0.3427058377417335,0.3707558810710907,890568000
2006-08-04,0.3805127029429006,0.38112280911113333,0.3562732974628334,0.3657248318195343,818232000
2006-08-07,0.3593220061092372,0.36603036676711903,0.35444393685642794,0.36145690083503723,436146000
2006-08-08,0.3643528158564209,0.37883605671752635,0.3634381063757237,0.37106117606163025,619806000
2006-08-09,0.3783787139398819,0.3887449579220133,0.3681643354470818,0.3709084093570709,584706000
2006-08-10,0.3667922495730189,0.37045103260766327,0.3605421579472002,0.36831703782081604,1072140000
2006-08-11,0.34148548344016844,0.3660303666792807,0.34026619783732015,0.3567306697368622,1603272000
2006-08-14,0.36115131562678926,0.3648100984426119,0.3529190679211888,0.3549012243747711,809412000
2006-08-15,0.36404823516035295,0.3910317167262603,0.3605422166100612,0.38904955983161926,902172000
2006-08-16,0.3911843974608592,0.41862521616110426,0.3811227848367717,0.4169476628303528,1029246000
2006-08-17,0.41176499042753856,0.4225885739255903,0.40627681615499794,0.4103929400444031,814224000
2006-08-18,0.4108503084237973,0.41923436715119206,0.3965197802816392,0.4171003997325897,665898000
2006-08-21,0.4108504978504083,0.4116124152369029,0.4007888540064804,0.40170353651046753,500220000
2006-08-22,0.4004831954824192,0.41222236149776537,0.4001785922062133,0.4010932743549347,473928000
2006-08-23,0.40414191753592865,0.4082580413809194,0.3919463110463375,0.40078866481781006,485412000
2006-08-24,0.4018551200932856,0.4070386902174086,0.39545226484343865,0.40490472316741943,260802000
2006-08-25,0.4018552245050197,0.41085034420401806,0.3978918653167264,0.4036846160888672,238314000
2006-08-28,0.41039300401016543,0.42944883825715846,0.4096301600161624,0.41755780577659607,764562000
2006-08-29,0.42152122562905453,0.4384430661953237,0.4184725481539558,0.43646183609962463,727962000
2006-08-30,0.43890052002973456,0.45002961182859647,0.43783397195675483,0.4454561173915863,681564000
2006-08-31,0.4443884988377588,0.4463706555203433,0.43417504759863285,0.443779319524765,511278000
2006-09-01,0.4372237902023556,0.44072983638154656,0.42350339103642853,0.42518001794815063,605742000
2006-09-05,0.42655206643096527,0.4361563403424746,0.42030197316485535,0.4344797134399414,549354000
2006-09-06,0.42685752780296177,0.42746670718257573,0.4116123142884912,0.4126797616481781,493572000
2006-09-07,0.4059713878464895,0.4302107945915862,0.40155068715154607,0.4209119975566864,742836000
2006-09-08,0.42761947711560055,0.4294488689556897,0.4129843696548949,0.4222840666770935,447978000
2006-09-11,0.4128315729295734,0.43371769835815777,0.408106269080042,0.42883872985839844,598266000
2006-09-12,0.42685755030037503,0.4428647091181393,0.4257901028844286,0.4401206076145172,498432000
2006-09-13,0.4411870552067338,0.449419303327109,0.43981500476667046,0.4436265528202057,476286000
2006-09-14,0.4414926224429199,0.4497248717639268,0.4361562853776782,0.4419499635696411,428814000
2006-09-15,0.44347396178790277,0.4527736607309279,0.4413399661837754,0.45063966512680054,649764000
2006-09-18,0.4518588442068559,0.46847608083459563,0.4504868208126491,0.46771323680877686,793896000
2006-09-19,0.46466463941862357,0.46801882005616235,0.45170615763207334,0.4555176794528961,708054000
2006-09-20,0.46146319849284884,0.47274415451276464,0.46054851606852704,0.47213494777679443,511884000
2006-09-21,0.47167753006416424,0.47640283393011323,0.46390259486771585,0.46832334995269775,539106000
2006-09-22,0.4669513295172871,0.469848141444292,0.44926754475505354,0.45445019006729126,653334000
2006-09-25,0.46131047005068804,0.4727441362121544,0.44881022872236775,0.47076287865638733,684486000
2006-09-26,0.4703055020851646,0.47152478766788286,0.4549075237022293,0.46085304021835327,516120000
2006-09-27,0.45948103070259094,0.47411616636665505,0.45506032952918285,0.45948103070259094,578142000
2006-09-28,0.44149258982487805,0.4526207505794872,0.4395104603887876,0.4507913589477539,647346000
2006-09-29,0.45384114609610526,0.45734716571048517,0.4486575723970275,0.4510970711708069,373890000
2006-10-02,0.44896202845745786,0.451858840298024,0.4360044478332524,0.43966323137283325,647442000
2006-10-03,0.43143099546432495,0.4347842762164817,0.42182672244906116,0.43143099546432495,907692000
2006-10-04,0.4320400191833492,0.4739640934270664,0.43082070683519436,0.4738113284111023,1460382000
2006-10-05,0.4719822157051234,0.47670844778171645,0.459176497308318,0.46039578318595886,662682000
2006-10-06,0.4611586163066996,0.4764029042898441,0.459786565509394,0.47152483463287354,593610000
2006-10-09,0.47045718876163684,0.5081123508195945,0.46908513854300676,0.5018622875213623,932304000
2006-10-10,0.4992700859227745,0.5012522151371139,0.4847877195534858,0.4904286861419678,624648000
2006-10-11,0.4878365145734326,0.5018624420972158,0.48036710926467785,0.493172824382782,481944000
2006-10-12,0.49591698649192617,0.5053685225440198,0.48798933950352164,0.49515414237976074,414720000
2006-10-13,0.4934774125652058,0.5177167914170624,0.4853979285613164,0.5148199796676636,584190000
2006-10-16,0.5164973753720324,0.524881460559271,0.5047581840699711,0.5139051675796509,478968000
2006-10-17,0.505521180237645,0.5090271983836393,0.4893612863454227,0.49423930048942566,526506000
2006-10-18,0.5015568177982741,0.5068931266059431,0.4776229728474556,0.481128990650177,822750000
2006-10-19,0.479299658317407,0.4939347923533652,0.47548816425381707,0.4902760088443756,473040000
2006-10-20,0.4940876740981384,0.49439227751269216,0.47762322438314564,0.48463526368141174,359478000
2006-10-23,0.48356849471601443,0.4953067617833038,0.4802143146967216,0.48143360018730164,280248000
2006-10-24,0.4823483948621259,0.5009477892692052,0.48097634414030266,0.49545958638191223,519288000
2006-10-25,0.5001847995853738,0.5076551308125622,0.4918007130570054,0.5000329613685608,389436000
2006-10-26,0.5012524789458598,0.5175642180670713,0.5012524789458598,0.5158876180648804,366690000
2006-10-27,0.5158875755738483,0.5273212429938307,0.4878366401459923,0.4936303198337555,566988000
2006-10-30,0.4969834413145073,0.5084171056800243,0.49164805839733944,0.4995757043361664,479592000
2006-10-31,0.5105520198485062,0.5315899848937988,0.5079598112477032,0.5315899848937988,996174000
2006-11-01,0.5245770086758357,0.5294550778030139,0.4832630512706218,0.49058061838150024,1176540000
2006-11-02,0.4928674822080196,0.5035391778761421,0.4805190776133295,0.4872274398803711,862944000
2006-11-03,0.49271550315478163,0.4975935721839706,0.48478780273716576,0.49698343873023987,548070000
2006-11-06,0.49835544546773825,0.518936039406405,0.49210532636818033,0.5120758414268494,739602000
2006-11-07,0.515887463101253,0.5253389983663583,0.5129905966289261,0.5198508501052856,553254000
2006-11-08,0.5161920408135835,0.5338766971731159,0.5149727552605897,0.5274738669395447,648324000
2006-11-09,0.5382973787067362,0.5518650090079988,0.5334193103220284,0.5379927754402161,1207758000
2006-11-10,0.5334194428968536,0.5360107793665124,0.511771342791699,0.5250344276428223,1317192000
2006-11-13,0.526101938267727,0.5503413232337564,0.5259491731581111,0.5488165616989136,852282000
2006-11-14,0.5468343262576528,0.5553721068336944,0.535096056961023,0.5543046593666077,628530000
2006-11-15,0.5526278279584922,0.5602499968779078,0.5421088477576825,0.5451575517654419,491892000
2006-11-16,0.5474444032837588,0.5541518370636264,0.5427181722978031,0.5521706342697144,457182000
2006-11-17,0.5483590443107846,0.5552192426542212,0.5450048642530484,0.5536944270133972,361608000
2006-11-20,0.5468343243155732,0.5619267742149233,0.5427182263975776,0.5588781237602234,608634000
2006-11-21,0.5605548150614531,0.5614694974904961,0.5463770465912059,0.5501885414123535,387384000
2006-11-22,0.5521706980935221,0.5602501834831757,0.5492738313272522,0.5596400499343872,240258000
2006-11-24,0.5568958508979538,0.5649762609241084,0.5518650173835931,0.5637560486793518,144336000
2006-11-27,0.5604030109426191,0.5678723636146805,0.5344860440201862,0.5382975935935974,585294000
2006-11-28,0.5364680043462113,0.5532371052340406,0.5280829904822181,0.5483590364456177,480966000
2006-11-29,0.5533899151295035,0.5631469258169023,0.5512558927542163,0.5564385652542114,579792000
2006-11-30,0.5564383665682127,0.5684821604087714,0.5497309352407592,0.5639086961746216,583632000
2006-12-01,0.5576586486127794,0.5584205656275526,0.5369252919307678,0.5418033599853516,785010000
2006-12-04,0.5488163677118941,0.5707690115163687,0.5468341838692323,0.5637560486793518,621570000
2006-12-05,0.5578106062011978,0.5611647864241128,0.5517132515379856,0.5579633712768555,663354000
2006-12-06,0.5597929611647927,0.5597929611647927,0.5495785781481446,0.557201623916626,478242000
2006-12-07,0.5572014874278814,0.5602501925001555,0.5389076213935976,0.5437856912612915,486894000
2006-12-08,0.5398222184772673,0.5494265184354017,0.5320473375454509,0.5419561862945557,564858000
2006-12-11,0.5421089502339654,0.557810604820086,0.5408887378321712,0.5512558817863464,515484000
2006-12-12,0.5471399528048584,0.548969317870406,0.5382976218411623,0.5456151366233826,568116000
2006-12-13,0.5500357379368372,0.5564385683788451,0.5500357379368372,0.552017867565155,491952000
2006-12-14,0.5564384811946261,0.5687868807865984,0.5559811673890009,0.5617747902870178,715380000
2006-12-15,0.5654337037175481,0.5716838240623474,0.5619267580789881,0.5716838240623474,746094000
2006-12-18,0.5722937372762528,0.5884527571734701,0.5719882617038284,0.5815925598144531,688356000
2006-12-19,0.5741233151166292,0.5930263864860086,0.5733604710341172,0.5899776816368103,545622000
2006-12-20,0.5869290955995174,0.5939411338767735,0.5828129428800913,0.5832703113555908,306594000
2006-12-21,0.5864715099747588,0.5881481636306308,0.571683667889182,0.5782392621040344,367920000
2006-12-22,0.5773246427721671,0.5793058999008371,0.5617748274326142,0.564518928527832,370170000
2006-12-26,0.5675675713223015,0.5725983500909257,0.5620793697274342,0.5643661022186279,228192000
2006-12-27,0.5668057560907122,0.5738177937070122,0.5668057560907122,0.5718365907669067,264954000
2006-12-28,0.5724455371901735,0.5730556704941755,0.5651280265420425,0.5677202343940735,213912000
2006-12-29,0.5677204001352272,0.5796114333749243,0.5636043026014936,0.5642134547233582,386094000
2007-01-03,0.5651280403468011,0.5719882374145017,0.5303696322091183,0.5500355958938599,1154820000
2007-01-04,0.5480544224585961,0.5500356795564008,0.5340284961103454,0.5474443435668945,797298000
2007-01-05,0.5344858670829261,0.5366207615743046,0.5094845177622153,0.5131433010101318,1243344000
2007-01-08,0.5149730660972506,0.5268640514969727,0.5061306780602254,0.5169551968574524,657270000
2007-01-09,0.5177168030081742,0.521222821440021,0.5062831386258407,0.5068932175636292,764166000
2007-01-10,0.5015569040061169,0.5366207954203018,0.4939347882622661,0.5318945646286011,1108746000
2007-01-11,0.5318945416335875,0.5360106933141621,0.5212227949653889,0.5299124121665955,924504000
2007-01-12,0.5219856949995071,0.5392121098660086,0.5195461971652482,0.5370781421661377,698190000
2007-01-16,0.5411941901189465,0.5414987933854667,0.5318944948292706,0.5379927754402161,711864000
2007-01-17,0.5305226609930129,0.533724131498853,0.5247299081235879,0.5267111659049988,707934000
2007-01-18,0.5221375218514337,0.5221375218514337,0.4765555780503509,0.483111172914505,1501638000
2007-01-19,0.4779274686166758,0.4960686158082039,0.4745732893927186,0.4860070049762726,942606000
2007-01-22,0.4905804694016956,0.4985081130510758,0.48417758649410547,0.4860070049762726,730644000
2007-01-23,0.48372027415598257,0.4939347057187399,0.4747261092956765,0.4861597716808319,630354000
2007-01-24,0.49241008268837294,0.5078080640531273,0.49012334931780804,0.5012524127960205,685722000
2007-01-25,0.5058258362691319,0.5076552555211109,0.4812818503620045,0.48372042179107666,616284000
2007-01-26,0.48783649486186453,0.4925627255374123,0.4710673935734168,0.47975701093673706,829584000
2007-01-29,0.4776230908725102,0.4779276396819018,0.45597499167833383,0.46009114384651184,1258284000
2007-01-30,0.4631398141080978,0.4719821432854804,0.45902371628212835,0.46893349289894104,636174000
2007-01-31,0.46664671354694875,0.4716775477426166,0.4608530353299774,0.46725592017173767,467976000
2007-02-01,0.4628353515317734,0.4756410718584227,0.46192066890559164,0.47320157289505005,650898000
2007-02-02,0.47579361041756807,0.4878364806803798,0.4718293515248682,0.4855497479438782,586590000
2007-02-05,0.4878364028814611,0.497593465691892,0.487074485877523,0.49347731471061707,579906000
2007-02-06,0.5046065688925871,0.5174122860417371,0.4971362900788075,0.5110094547271729,775386000
2007-02-07,0.5151257995561777,0.5321995157206956,0.5120762206976169,0.5309802293777466,761058000
2007-02-08,0.5229004490994045,0.5315900130010336,0.5183269829364382,0.5241197347640991,726276000
2007-02-09,0.5267112791289671,0.5311329087897005,0.49576439666704714,0.4977465271949768,937956000
2007-02-12,0.5014050367867341,0.5195461880580714,0.4960687273703498,0.5087226033210754,789360000
2007-02-13,0.5169549469648337,0.5224430956133124,0.5117713471411506,0.518326997756958,849732000
2007-02-14,0.5229002841533289,0.5259489335135231,0.5102464102325223,0.5114666223526001,1081848000
2007-02-15,0.5111612196567674,0.5171067361788018,0.5062831504808148,0.5145153999328613,488682000
2007-02-16,0.5123814743563896,0.5129906265184923,0.49728902486906196,0.4988129138946533,915060000
2007-02-20,0.49957548533773116,0.5059783127676143,0.49606854160816877,0.5032342672348022,625578000
2007-02-21,0.4991185864110408,0.5044540265255425,0.49073356788198946,0.4957644045352936,655332000
2007-02-22,0.5035391774265882,0.5116187183787224,0.497746424507008,0.49896571040153503,655452000
2007-02-23,0.5036920464581462,0.5039966499145095,0.4975938165665047,0.4977465271949768,403050000
2007-02-26,0.49911830503869126,0.5029289265377032,0.4893612952137252,0.4901232123374939,494070000
2007-02-27,0.4847879148748215,0.49622163634566263,0.47457353375328776,0.4753364324569702,714630000
2007-02-28,0.47396440482637514,0.4828058086041702,0.4681707250914401,0.4725923538208008,780048000
2007-03-01,0.4623779023139384,0.475488222243317,0.45627962010848605,0.4667986035346985,837228000
2007-03-02,0.4626824872065956,0.46832340074765927,0.4529263210153624,0.45384103059768677,682728000
2007-03-05,0.445913400209369,0.4547557294601559,0.4369192054461853,0.4384430944919586,663558000
2007-03-06,0.4480471938146553,0.4693906824683359,0.44621780255576615,0.464359849691391,805974000
2007-03-07,0.4620732807192855,0.46420724869876767,0.4492675646418026,0.45124879479408264,811656000
2007-03-08,0.4607010484977578,0.47503064792152555,0.4603955184436898,0.46984797716140747,770622000
2007-03-09,0.4764028794944152,0.48173918963305745,0.4597865415787986,0.46512192487716675,555306000
2007-03-12,0.45978648041678544,0.46908524957069675,0.459176346997451,0.4623778164386749,428010000
2007-03-13,0.45765157020609526,0.46039561667869244,0.44255909652678266,0.44286462664604187,617070000
2007-03-14,0.44408388716224834,0.44667519568980407,0.42746662611951136,0.44072970747947693,971610000
2007-03-15,0.4396632797948164,0.44362666708246434,0.42960163758284076,0.4363090991973877,655752000
2007-03-16,0.43661370978189556,0.43737655389777913,0.4291443035205754,0.43219298124313354,525648000
2007-03-19,0.4344796845601194,0.4413398836494878,0.43295489601350523,0.4343269467353821,461508000
2007-03-20,0.43295492577869177,0.44286472990258485,0.4305163543367793,0.43219298124313354,656490000
2007-03-21,0.4497248867381793,0.4640544639391304,0.4411871342416058,0.45688968896865845,1268376000
2007-03-22,0.45734701076001,0.4696953573702052,0.45521304296128134,0.46695131063461304,810954000
2007-03-23,0.4634453438627224,0.47167759402707254,0.45841450917339227,0.4617677628993988,524640000
2007-03-26,0.46207321938838997,0.4664939198478062,0.4542983116375916,0.46268242597579956,447336000
2007-03-27,0.4616158258718883,0.46253050802331064,0.45353544294757375,0.4539927840232849,469020000
2007-03-28,0.4501822904032824,0.4539929128286114,0.4445413763157117,0.4453033208847046,459504000
2007-03-29,0.4520116724242958,0.4526208518777784,0.43036359854715317,0.4375284016132355,719016000
2007-03-30,0.4434738424098371,0.4466752574844467,0.43646180565224446,0.4387485384941101,581244000
2007-04-02,0.4376811751561069,0.44133993204900257,0.43112555141702746,0.4382912814617157,400830000
2007-04-03,0.438291142809863,0.4431691839304521,0.4324974654703268,0.4366135895252228,473724000
2007-04-04,0.4360043100347525,0.43951035465036964,0.4344795220584313,0.43569880723953247,361692000
2007-04-05,0.43752835119877137,0.47152479699146405,0.43752835119877137,0.4710674285888672,1332900000
2007-04-09,0.4710675272667674,0.4764029660545756,0.46161599007341714,0.4625306725502014,640950000
2007-04-10,0.461920509305368,0.4672559471211566,0.45688970207955015,0.457804411649704,794220000
2007-04-11,0.45871907516324034,0.4632925410465816,0.44804732764869426,0.4495721161365509,810150000
2007-04-12,0.4471326044366368,0.46374986698205534,0.4442366651251556,0.4623778164386749,743640000
2007-04-13,0.46085298579874456,0.4671040317325722,0.45521300010447124,0.46618929505348206,638694000
2007-04-16,0.46496914120575533,0.46847603165181817,0.457804339892698,0.46374985575675964,671838000
2007-04-17,0.4754879987068052,0.4863124527106915,0.46588370215456354,0.4681704342365265,1059108000
2007-04-18,0.4674084771538741,0.4780802209838424,0.4649690344956126,0.473964124917984,683802000
2007-04-19,0.4701528368256583,0.48326315822408444,0.4687807858737113,0.48051905632019043,568056000
2007-04-20,0.4875318220710511,0.48783642532664023,0.479756942553146,0.4861597716808319,590052000
2007-04-23,0.4838732988435571,0.4847879814211751,0.47686033260158434,0.47823238372802734,595272000
2007-04-24,0.48631258039686753,0.5006421830569524,0.483111165545555,0.49622148275375366,1028088000
2007-04-25,0.4954596461218875,0.50750251938087,0.4931729128164648,0.5047584176063538,509640000
2007-04-26,0.5047584071522181,0.5148200771037068,0.5001849406360946,0.5110094547271729,500070000
2007-04-27,0.5093318109700883,0.5149727236872202,0.4960687284137002,0.5041491389274597,554058000
2007-04-30,0.5110091777637622,0.5174120056080385,0.5012521164601585,0.501404881477356,563388000
2007-05-01,0.5105523048153702,0.5139056146877278,0.502624654148447,0.5067408084869385,544554000
2007-05-02,0.5093317383535779,0.511466632556305,0.4982035518908625,0.5007948875427246,659658000
2007-05-03,0.5055209751703491,0.513600455418909,0.5046062388494006,0.5102462768554688,500250000
2007-05-04,0.5129904310646848,0.5164973753720324,0.5081123633448397,0.5139051675796509,405246000
2007-05-07,0.5213755145153633,0.527168265023729,0.5030816540299136,0.5036917328834534,557100000
2007-05-08,0.5006422378400945,0.5087226490634179,0.4908860994771716,0.5075024366378784,737100000
2007-05-09,0.5038437112240126,0.5126860951792233,0.49805095910458724,0.509789228439331,417870000
2007-05-10,0.5119240296661528,0.518631462932356,0.4959169002198482,0.5003376007080078,802584000
2007-05-11,0.5273210887393954,0.5408887205594185,0.5192416047715399,0.535706102848053,1530630000
2007-05-14,0.5335712882476222,0.5386020684829049,0.5253390379753192,0.5303698182106018,731568000
2007-05-15,0.5318946012568595,0.5350960165761659,0.5244243232317224,0.5256444811820984,621360000
2007-05-16,0.526101850586054,0.5323519706726074,0.5160402361978149,0.5323519706726074,523104000
2007-05-17,0.5308270686980555,0.5335711696857449,0.5204608526646117,0.5235095024108887,443664000
2007-05-18,0.5274737688385612,0.5354004864590935,0.5230521421509203,0.5338765978813171,604266000
2007-05-21,0.5323519211161655,0.5488164191424397,0.5297605850083844,0.5355533361434937,645768000
2007-05-22,0.5360107379739214,0.5433282507046131,0.5273211200487066,0.5384501814842224,401736000
2007-05-23,0.5387548155815879,0.5419562309916608,0.5225949189230071,0.5241197347640991,448248000
2007-05-24,0.5265592615392557,0.5280830961028208,0.5030817959365024,0.5052157640457153,607800000
2007-05-25,0.5088744388675188,0.5157346370123591,0.5073505501109807,0.5131433010101318,308976000
2007-05-29,0.5110094016060491,0.520308171931289,0.5094845858057225,0.5186315178871155,316242000
2007-05-30,0.5125332827438455,0.5198508501052856,0.5061303976725815,0.5198508501052856,331650000
2007-05-31,0.523662384783328,0.5312845560566408,0.5212228865277264,0.528083086013794,481572000
2007-06-01,0.5340285307762035,0.5419561766424298,0.5308271156871794,0.5317417979240417,429084000
2007-06-04,0.5268636495184107,0.5376872332168545,0.5247296820607061,0.5346385836601257,322002000
2007-06-05,0.5361633408682314,0.5514076244258819,0.5352486587755708,0.5504929423332214,698586000
2007-06-06,0.546682405971721,0.5634515075764345,0.5443956731256158,0.5546091794967651,950736000
2007-06-07,0.5520178560150644,0.5602501053539807,0.5485118375493027,0.5486636757850647,791862000
2007-06-08,0.5440904278975195,0.5579635959212625,0.5373829370713581,0.557201623916626,533268000
2007-06-11,0.5572013272803559,0.5625367640734356,0.5541517507642321,0.5591825842857361,434634000
2007-06-12,0.5562867786433501,0.5640616604351238,0.5530853631432101,0.5533899664878845,526770000
2007-06-13,0.5594880925391006,0.5668056590848345,0.5523224187379793,0.5666528940200806,587232000
2007-06-14,0.5640616879349929,0.5788486626573279,0.5632988437956566,0.5767146944999695,508548000
2007-06-15,0.5832703489781903,0.6075097348226872,0.5831175838630379,0.6029362678527832,1081998000
2007-06-18,0.6090334196791266,0.6111683141728358,0.5983626000511513,0.6032406687736511,685662000
2007-06-19,0.599429345912931,0.6084244419421715,0.5953132472814051,0.6070524454116821,491952000
2007-06-20,0.6097961413188872,0.6128448450638939,0.6035451509956743,0.607661247253418,822792000
2007-06-21,0.6194006882009065,0.6605619399642434,0.6146744567457455,0.6552255749702454,1297326000
2007-06-22,0.6555309049047783,0.6687939860101827,0.6456211310977215,0.6649824380874634,882618000
2007-06-25,0.6463839268651816,0.6622382880082971,0.6404384119515162,0.6474504470825195,819702000
2007-06-26,0.6457739443783982,0.6476033633667855,0.6158936523147849,0.6174184679985046,868482000
2007-06-27,0.6174185549370126,0.6347977379137856,0.6143698499804826,0.6340357661247253,613140000
2007-06-28,0.6358653245990471,0.6469935172051448,0.629614275903014,0.640133261680603,597534000
2007-06-29,0.6444020168501111,0.6445547274187797,0.6294622781288352,0.6297668814659119,516570000
2007-07-02,0.6387609363751261,0.6562928247422868,0.6367796794613082,0.6559882760047913,563850000
2007-07-03,0.6555311312052152,0.6622385659174738,0.650194820519216,0.6570550203323364,238770000
2007-07-05,0.6572079018087138,0.6662020713846609,0.6540064310463377,0.6640681028366089,373290000
2007-07-06,0.6631532513380193,0.669860685529344,0.6619339656669487,0.6672693490982056,282720000
2007-07-09,0.6697089102812744,0.6898321961085943,0.6695561451779062,0.6866307258605957,536784000
2007-07-10,0.6831236584122888,0.697454133623891,0.6758060919025538,0.6933380365371704,552654000
2007-07-11,0.6931850183806327,0.6979112471575983,0.6806847844206252,0.6902890801429749,582612000
2007-07-12,0.6951676466052044,0.7043145807152684,0.6902895761546538,0.7035526633262634,438732000
2007-07-13,0.7015706317254128,0.709955595104059,0.6985219258606926,0.6992838978767395,372630000
2007-07-16,0.6998938385289555,0.7148335247374241,0.6997410734197448,0.7119367122650146,541710000
2007-07-17,0.71483333160273,0.7291638617033773,0.7082777365638977,0.7088878154754639,643812000
2007-07-18,0.6986733350853294,0.700808229324059,0.6822088396781598,0.6959292888641357,550656000
2007-07-19,0.7058393506586919,0.7093453698592687,0.6902895309772556,0.695167601108551,407376000
2007-07-20,0.6997411838023244,0.7021806826923718,0.6841914160645172,0.6875455975532532,505650000
2007-07-23,0.6851058000140843,0.708583261039918,0.6835809843874183,0.6944054961204529,360474000
2007-07-24,0.6916614553829109,0.6974542069016806,0.6718427759467605,0.67611163854599,457560000
2007-07-25,0.6762634669006143,0.6858677669983234,0.6573603968608352,0.672910213470459,437196000
2007-07-26,0.6657446454830044,0.6857160945354589,0.6567504766819664,0.6762636303901672,710268000
2007-07-27,0.6745866537094116,0.7056862225550536,0.6742820504905124,0.6745866537094116,615480000
2007-07-30,0.6770261894367964,0.6945572042592026,0.6768734243986925,0.6934906840324402,538158000
2007-07-31,0.7209316174933214,0.7306877552609833,0.6966922389827572,0.6976069211959839,711492000
2007-08-01,0.6875454525615554,0.7044672678888878,0.6601045987474738,0.6924235224723816,705828000
2007-08-02,0.7003507933992967,0.7009599452755187,0.6800747536679027,0.6893744468688965,468606000
2007-08-03,0.6870879342903431,0.6921187682053717,0.6482134225796891,0.6485180258750916,623412000
2007-08-06,0.6540061235427856,0.658884192016416,0.6357122627365557,0.6540061235427856,524724000
2007-08-07,0.6540061143621995,0.6751968408559874,0.6453165524092218,0.6643723845481873,565764000
2007-08-08,0.676416306038648,0.7157481930023428,0.6712327606678309,0.6950147747993469,660744000
2007-08-09,0.6997410511954415,0.7226084389492935,0.6837339179317613,0.7032470703125,1251834000
2007-08-10,0.6456214294441145,0.6751971271642604,0.6309862911827322,0.6706236600875854,1141014000
2007-08-13,0.6759589434507673,0.6805324094744926,0.6494327750891429,0.663305938243866,700410000
2007-08-14,0.6678794653880528,0.6997410199063818,0.6658973355216282,0.6890692710876465,1092174000
2007-08-15,0.6854105289059481,0.695167540640225,0.6590371237008453,0.6599518060684204,695142000
2007-08-16,0.6533961926704882,0.6581224239986058,0.6174185417734543,0.6489754915237427,780030000
2007-08-17,0.6669647626342643,0.6878499643413098,0.6462313991797602,0.6872398853302002,728712000
2007-08-20,0.6876970971789437,0.6951673739429423,0.6761115412879618,0.6844956278800964,519684000
2007-08-21,0.6886120410826015,0.7270291965918518,0.6783985317916195,0.7215410470962524,715338000
2007-08-22,0.7398344655610657,0.7422739626947749,0.7248947877518528,0.7380051016807556,566154000
2007-08-23,0.7415123278615376,0.7502019465375785,0.7285539007536802,0.7317553162574768,667986000
2007-08-24,0.729621391553766,0.7369389053515132,0.7242850263168014,0.7355668544769287,361644000
2007-08-27,0.7355667425320187,0.7599580153189245,0.7322125622467233,0.7521830797195435,635946000
2007-08-28,0.7546223657370217,0.757671069528856,0.7046188039830783,0.7062963843345642,560022000
2007-08-29,0.7210834572610252,0.7473049653229364,0.7195595684491718,0.7463902831077576,538560000
2007-08-30,0.7392253997695235,0.7605679642597802,0.7389199241847584,0.7421213388442993,465660000
2007-08-31,0.7576712190178548,0.7828252792133344,0.7535550673647707,0.7799293398857117,720834000
2007-09-04,0.7834355739430209,0.8073703535812922,0.771239936058457,0.8040161728858948,683268000
2007-09-05,0.800510046322099,0.8232246103301805,0.7973086311542406,0.7979177832603455,656274000
2007-09-06,0.8078276867867422,0.8151452000462646,0.7980706208005862,0.8014248013496399,425496000
2007-09-07,0.7791666070870139,0.7872470188005011,0.7572139586984387,0.7721545696258545,602304000
2007-09-10,0.7889237918059159,0.8026441923020127,0.7678858225705575,0.7742886543273926,872112000
2007-09-11,0.7836642691849636,0.7966986437000837,0.7754320183017237,0.7907531261444092,405424000
2007-09-12,0.7992139362380551,0.803101431487387,0.7518785675999019,0.7596534490585327,554452000
2007-09-13,0.77405973749452,0.774974419649868,0.7543938258145065,0.7598819732666016,452864000
2007-09-14,0.7523358487668008,0.7532505310421374,0.7351853243941809,0.7374720573425293,487308000
2007-09-17,0.7386155956997023,0.7463904783424276,0.727867954190048,0.7358714938163757,374828000
2007-09-18,0.7436462732546708,0.8117909467171631,0.7425028795391192,0.8003572821617126,844740000
2007-09-19,0.8076749653156121,0.8232247295368951,0.7779473786807695,0.7857223153114319,521360000
2007-09-20,0.786179566240472,0.7946404730969128,0.7724591679024573,0.7811487317085266,324172000
2007-09-21,0.7889235699923401,0.8003572338577344,0.7811486349478642,0.7886948585510254,457532000
2007-09-24,0.7934972908489129,0.8209380929550292,0.7877804298167916,0.8088183999061584,456360000
2007-09-25,0.8040159800616804,0.8225384983120728,0.8017292473942242,0.8191084265708923,360748000
2007-09-26,0.8232244051015577,0.8403749248995067,0.8211663841610035,0.838545560836792,518032000
2007-09-27,0.8465495630189926,0.8506657162071719,0.8321431359004241,0.8410614132881165,378280000
2007-09-28,0.8460920630392511,0.8490648215150655,0.8268834614232168,0.8287128806114197,404292000
2007-10-01,0.8358018047918033,0.8678161252475867,0.8348871223833574,0.8636999726295471,398200000
2007-10-02,0.8616417311304574,0.8632424931883743,0.8428905545321299,0.8554675579071045,284960000
2007-10-03,0.840375045830235,0.840375045830235,0.805616687476899,0.8191084265708923,467196000
2007-10-04,0.8181937328156699,0.8275693202634037,0.7946403267025705,0.8227671980857849,378976000
2007-10-05,0.8358017440232206,0.8490648288014452,0.8268834685192438,0.8444913625717163,344840000
2007-10-08,0.8504368150512676,0.8595837468167428,0.8403751464932337,0.8582116961479187,252484000
2007-10-09,0.8582115909059567,0.8620990309775678,0.8305420875444788,0.8431191444396973,403008000
2007-10-10,0.8488361993864506,0.8488361993864506,0.823682132691194,0.8440340757369995,389136000
2007-10-11,0.8362591342895256,0.8467781177965639,0.7973846158017702,0.806531548500061,529104000
2007-10-12,0.8154496286875281,0.8261972665786743,0.802872571983417,0.8261972665786743,409952000
2007-10-15,0.8289414743146072,0.8428905832952343,0.8250540338013216,0.8321428894996643,355900000
2007-10-16,0.8312282289753659,0.8545529271851284,0.8282554706486307,0.8396891355514526,276360000
2007-10-17,0.8723894971943925,0.9066904926911479,0.8714748148851489,0.9041751027107239,717944000
2007-10-18,0.9012026769999494,0.9071481959848803,0.8785639952588833,0.9034894108772278,340620000
2007-10-19,0.9014309546987633,0.9018883230897673,0.854781559616879,0.8550102710723877,505768000
2007-10-22,0.8495219202099751,0.8973147006690253,0.8426617226621695,0.8954852819442749,537656000
2007-10-23,0.9071477890626621,0.9071477890626621,0.8753621860706535,0.8998302221298218,294292000
2007-10-24,0.8803929497917155,0.8803929497917155,0.8266547014880697,0.8694166541099548,565500000
2007-10-25,0.8426620604456817,0.8506656547197204,0.76811448511958,0.7934972643852234,806192000
2007-10-26,0.8186511499105442,0.8241393525430712,0.7752032243631231,0.7866368889808655,616580000
2007-10-29,0.7596533629142345,0.7717730521453875,0.7445609156060052,0.7681142687797546,813896000
2007-10-30,0.7742884634027862,0.8124769511017333,0.7614827485267333,0.7962411642074585,525212000
2007-10-31,0.8010434494562156,0.8095043572747769,0.7761180399517918,0.8090470433235168,455188000
2007-11-01,0.7964699828234786,0.8252828335137266,0.785493630192896,0.8090470433235168,587236000
2007-11-02,0.8202518565120152,0.8460919984888452,0.8088181919081145,0.8401464819908142,491844000
2007-11-05,0.8330575717723865,0.8602697644056874,0.8277980806025909,0.8401464819908142,436636000
2007-11-06,0.8481501139147691,0.8735328341597879,0.8442626187006521,0.8666726350784302,554620000
2007-11-07,0.8662153315322122,0.8696454038538564,0.8186511967679391,0.8255113959312439,546768000
2007-11-08,0.8175078265276764,0.8323716180783648,0.7502777791384153,0.7738311886787415,996824000
2007-11-09,0.790066705451605,0.7957835631705873,0.7466187939633225,0.7628545761108398,871056000
2007-11-12,0.7626261508478267,0.7681142988511297,0.68670654296875,0.68670654296875,715732000
2007-11-13,0.6979115359418979,0.7479910012876565,0.6867065287160405,0.7473049759864807,726696000
2007-11-14,0.7662848737382205,0.7736023856570875,0.7317551718472883,0.7356426119804382,666720000
2007-11-15,0.7308404073019169,0.73770060462017,0.7088877104595049,0.7258095741271973,496436000
2007-11-16,0.7317553683055902,0.7441037172814124,0.7258098507927802,0.7420456409454346,423592000
2007-11-19,0.7315267314053796,0.7351855159802025,0.6880787940644243,0.6919662356376648,568412000
2007-11-20,0.7050004059931017,0.7061437996921298,0.6656685786827407,0.68670654296875,622628000
2007-11-21,0.6723000261572977,0.6956247200522242,0.6702419504995087,0.6793888807296753,648452000
2007-11-23,0.6841913422290549,0.6940243017738954,0.6755017221791817,0.6910515427589417,141976000
2007-11-26,0.6905939345404059,0.7047716991890115,0.6736721233443339,0.6750441193580627,385896000
2007-11-27,0.6846486832217648,0.7061440226792143,0.6793891904894128,0.7040859460830688,458856000
2007-11-28,0.7262670469890314,0.7612540638014575,0.7228369205760438,0.7511924505233765,574548000
2007-11-29,0.7500491492924284,0.7797767334676851,0.7468477339258673,0.7573667168617249,489084000
2007-11-30,0.7820635166131886,0.7820635166131886,0.7189496149552808,0.7212363481521606,652656000
2007-12-03,0.7317553162574768,0.7452470581892127,0.7205503074741698,0.7317553162574768,490688000
2007-12-04,0.734956767490066,0.7374721577196138,0.71689155838326,0.7310693264007568,371712000
2007-12-05,0.7589674658030402,0.783206848358987,0.7495918761427284,0.7690290808677673,666704000
2007-12-06,0.7671996776461498,0.7870942498160425,0.7603394784661862,0.7845788598060608,371152000
2007-12-07,0.7877802542001678,0.7886949364957931,0.7667422888007085,0.7747458815574646,320292000
2007-12-10,0.7772611260847843,0.7923535719590517,0.7749743935135318,0.7832066416740417,336360000
2007-12-11,0.7998998058668102,0.8145349381395509,0.7822919702786751,0.7841213345527649,582436000
2007-12-12,0.8172789467647016,0.8252825377638199,0.7953263038905524,0.8111047744750977,617504000
2007-12-13,0.8012720285870427,0.8065315201557249,0.7655989814133802,0.7889236807823181,500364000
2007-12-14,0.7852649848033016,0.8106477631535134,0.7800054926460517,0.8019581437110901,354016000
2007-12-17,0.7934969325332057,0.8010431551567779,0.7591958908696943,0.7610253095626831,507408000
2007-12-18,0.772687688011875,0.7889235280005619,0.7649128079012399,0.7804626226425171,396896000
2007-12-19,0.7777186701978159,0.7950978525716201,0.7745172547784351,0.7877802848815918,253536000
2007-12-20,0.8003573160372187,0.8060741758169193,0.783664159627714,0.8042447566986084,279940000
2007-12-21,0.8138491311661588,0.8209379877793647,0.796698604787087,0.8040161728858948,433408000
2007-12-24,0.8099614852931419,0.8220811737239307,0.8040159695316219,0.8181937336921692,104008000
2007-12-26,0.8197944016257174,0.8291699886322021,0.8117908105196908,0.8291699886322021,215340000
2007-12-27,0.8277982715054196,0.8323717929217166,0.8015008641118742,0.803558886051178,241368000
2007-12-28,0.8021867819564573,0.8117910836106277,0.7886950391498905,0.7955552935600281,262064000
2007-12-31,0.7891524357516211,0.8035588614864746,0.7777187688604694,0.7779474258422852,276236000
2008-01-02,0.7802340622347489,0.7832068207089267,0.7445610150646327,0.7548513412475586,483964000
2008-01-03,0.7591961093806435,0.7742885589716794,0.7461617359665722,0.7489058375358582,475308000
2008-01-04,0.7264957762134827,0.7301545599114689,0.681447087119551,0.68602055311203,736092000
2008-01-07,0.6905937735517645,0.6963106312696417,0.6025545027204302,0.6151315569877625,1006800000
2008-01-08,0.6185617801810934,0.6697846373015383,0.6041553584309696,0.6281660795211792,1106956000
2008-01-09,0.6366270141398742,0.660866447769462,0.6272514258125897,0.6606377363204956,741036000
2008-01-10,0.6425725343431334,0.6572076682850762,0.6341116282004545,0.6469173431396484,554432000
2008-01-11,0.6315961088001149,0.6448591348783499,0.6139882202969396,0.6185616850852966,572612000
2008-01-14,0.6277087295440733,0.6606377256628471,0.6176471160722306,0.6597230434417725,539188000
2008-01-15,0.6345692043346869,0.6421154307065794,0.600496802638541,0.6112444996833801,725692000
2008-01-16,0.572827153220762,0.579916008722475,0.5296078313412494,0.5421848893165588,1464472000
2008-01-17,0.5506456836770764,0.5652807600896229,0.5314370879581083,0.5328091382980347,1133900000
2008-01-18,0.5344099698727602,0.5709977511977127,0.5149727672676432,0.5680249929428101,920428000
2008-01-22,0.513829310172088,0.5529324765361056,0.5106278953755036,0.539669394493103,709092000
2008-01-23,0.5177167199803583,0.5657381572048268,0.5126859411709402,0.5495023727416992,929880000
2008-01-24,0.5602500149590521,0.5918069565799295,0.554990524688906,0.5915782451629639,597092000
2008-01-25,0.6142171873588326,0.6279375874348095,0.5677964404630846,0.5705404877662659,688012000
2008-01-28,0.5684822890585125,0.5741990933849377,0.551560423946679,0.563680112361908,577608000
2008-01-29,0.5737420009343187,0.5833463035131059,0.5588782058147703,0.5810595154762268,414484000
2008-01-30,0.5716837173648605,0.5847180882382167,0.5595640286629663,0.5760285258293152,530476000
2008-01-31,0.5634515314646328,0.5728271746951638,0.544928956461886,0.5623081922531128,588708000
2008-02-01,0.5611648198996713,0.617418517865852,0.5563626968923208,0.6142171025276184,593104000
2008-02-04,0.6274800599581967,0.6309101863680306,0.5918070178959708,0.5950084328651428,565128000
2008-02-05,0.5831177535096855,0.5833464650887387,0.5575063092190657,0.5577349662780762,494928000
2008-02-06,0.5636801632528904,0.5792299792838705,0.5456149574527855,0.555905282497406,557380000
2008-02-07,0.5398982762546695,0.5771720355516109,0.5282358979305797,0.5613935589790344,664128000
2008-02-08,0.5561336713009123,0.5757995751563577,0.5488161624495738,0.5714548230171204,393932000
2008-02-11,0.5762571453428252,0.5856327869218497,0.5693969477220778,0.573284387588501,503732000
2008-02-12,0.5819741996935758,0.6027834564527885,0.5787727294444469,0.5945512056350708,609688000
2008-02-13,0.599124466716621,0.619705113960477,0.5927216374549797,0.6178756952285767,742312000
2008-02-14,0.599810789102664,0.6002681576422436,0.5156589577822851,0.5170309543609619,2184296000
2008-02-15,0.5149727454084947,0.5289217993047755,0.5010236369922028,0.5092558860778809,817364000
2008-02-19,0.5186316361451004,0.5195463731778299,0.4973650087546603,0.5017098188400269,558608000
2008-02-20,0.48707448553521404,0.5053683444969121,0.4850164100460229,0.4980507791042328,759016000
2008-02-21,0.5030815375175709,0.5055969263957615,0.48387294484050364,0.4868457019329071,644272000
2008-02-22,0.49073331414590937,0.5113139642098925,0.4870745852207679,0.5103992819786072,723052000
2008-02-25,0.5099417432912187,0.5158872575888914,0.49667866454718046,0.5101704001426697,671784000
2008-02-26,0.5071978327488169,0.5222902809909,0.49942295169077827,0.5145153999328613,565420000
2008-02-27,0.5120001268518861,0.5266352100381897,0.5087986564036103,0.5225191116333008,537816000
2008-02-28,0.5179456618393196,0.5188603443461732,0.5028531551361084,0.5028531551361084,503608000
2008-02-29,0.49462090585257446,0.5012523942174036,0.48707468055740427,0.48913270235061646,540576000
2008-03-03,0.48844671234494136,0.49187683978248753,0.47701304508649733,0.4834159314632416,449028000
2008-03-04,0.4802143225386048,0.4811290592715245,0.4598623843313215,0.47861361503601074,778888000
2008-03-05,0.4831871843905915,0.49553558773686673,0.4781564038791664,0.48410192131996155,644656000
2008-03-06,0.47815616822031665,0.4813575823352315,0.4530020599802835,0.4536880850791931,1075284000
2008-03-07,0.44545591651729405,0.4646645136147566,0.4344795947901743,0.4470566511154175,767500000
2008-03-10,0.4415685349269707,0.44705671014519544,0.420759255003713,0.4214452803134918,776100000
2008-03-11,0.43447966698542156,0.4397391581931926,0.41710048575800607,0.43539437651634216,857940000
2008-03-12,0.43951043509751864,0.4433978750537496,0.4198444966330492,0.4235032796859741,743320000
2008-03-13,0.4168718145259031,0.456889696693156,0.4143564245726528,0.45048683881759644,1220528000
2008-03-14,0.45277349044593324,0.45323083151341337,0.41572837329999185,0.4189298152923584,1154972000
2008-03-17,0.4006359982271619,0.42258867321523047,0.3958338480178962,0.408410906791687,800952000
2008-03-18,0.41801516082486667,0.4344796594976201,0.4061241552078831,0.4337936341762543,1075256000
2008-03-19,0.42373201013676315,0.4296774991722338,0.4038374125957489,0.4038374125957489,880476000
2008-03-20,0.40863949057096827,0.42441796181920394,0.4013219517251212,0.4235032796859741,633460000
2008-03-24,0.4328791059892496,0.4605485948056055,0.4312783978430177,0.4580332040786743,887440000
2008-03-25,0.4600911421941434,0.47335417191949125,0.45574633309445367,0.46466460824012756,735388000
2008-03-26,0.458490407034497,0.4616918221706947,0.4447699824593469,0.4498007893562317,721652000
2008-03-27,0.4429406873871347,0.4555177210047608,0.4360804599720537,0.44339802861213684,601308000
2008-03-28,0.4514014859179695,0.46169181091342837,0.44682802025776813,0.4500294625759125,561788000
2008-03-31,0.45483157094871446,0.46329250396367033,0.4468280062934895,0.45254483819007874,569992000
2008-04-01,0.4660365589801034,0.48135766149534565,0.45940501828007174,0.48021426796913147,676872000
2008-04-02,0.48158634016244745,0.48158634016244745,0.4619204285906105,0.46557921171188354,616536000
2008-04-03,0.4616918391091415,0.46237786445206874,0.4433979480911146,0.45688968896865845,841984000
2008-04-04,0.44774273684947774,0.45002949711508994,0.4283055063018395,0.4294488728046417,1535528000
2008-04-07,0.4399678518929479,0.44637070970764753,0.4363090682102602,0.4397391676902771,729496000
2008-04-08,0.43447965845260933,0.4514014982122374,0.43447965845260933,0.43722373247146606,639476000
2008-04-09,0.4422546202509872,0.45048687056544306,0.4381384950937593,0.4459134042263031,675232000
2008-04-10,0.45071548890865587,0.4690094072177945,0.4411112158713672,0.4546029567718506,1092184000
2008-04-11,0.44591340574323896,0.448657480104056,0.4209879704941177,0.42373207211494446,1106280000
2008-04-14,0.4221312429564549,0.42304595237943954,0.40703879644724295,0.40955421328544617,780004000
2008-04-15,0.41161233878341424,0.4159571480203765,0.40269409061597977,0.41435644030570984,439916000
2008-04-16,0.43013491400378023,0.43630908789435713,0.4225886893552935,0.43082091212272644,646836000
2008-04-17,0.4109262396480808,0.4264760263252361,0.41069755549076886,0.42487531900405884,596968000
2008-04-18,0.4379098185035474,0.4417972867675647,0.42899156989082426,0.434937059879303,573540000
2008-04-21,0.4315069260030806,0.45734704194175196,0.4315069260030806,0.4543742835521698,679892000
2008-04-22,0.4461420611872543,0.4509442117473551,0.4363091031061014,0.4459134042263031,587668000
2008-04-23,0.45208749355817596,0.4724394313070261,0.4461419775281738,0.46740859746932983,1020496000
2008-04-24,0.47015272078933074,0.4724394536381889,0.44934344096071926,0.4562036395072937,655764000
2008-04-25,0.46054854140384205,0.4619205923758144,0.44614211523818437,0.46077725291252136,552208000
2008-04-28,0.45871903844639894,0.46557923672230606,0.45071544653116924,0.45254483819007874,535700000
2008-04-29,0.4475139321589682,0.46763720867663194,0.4475139321589682,0.4619203507900238,573408000
2008-04-30,0.4674087367712217,0.4749549625167643,0.464207320884028,0.4699241816997528,1068320000
2008-05-01,0.47564086386395377,0.49279138731520444,0.4733541310384544,0.4916480481624603,1014624000
2008-05-02,0.5051400820731037,0.5149730443954468,0.4975938539066534,0.5149730443954468,1131016000
2008-05-05,0.5115427560324431,0.5138294894736779,0.5010237712987582,0.5021671652793884,943392000
2008-05-06,0.5007948519945841,0.516344609442016,0.4930199187508709,0.5152012705802917,729036000
2008-05-07,0.516573526987928,0.5234337264560788,0.498965632618324,0.5033104419708252,715632000
2008-05-08,0.5071978342547411,0.5087985418585009,0.48044306434616224,0.5019383430480957,1360000000
2008-05-09,0.5033102411063752,0.5357818607713031,0.5023955591129964,0.5152012705802917,2030352000
2008-05-12,0.5218329804964046,0.5218329804964046,0.49553552386700606,0.500566303730011,1006652000
2008-05-13,0.5030817238658328,0.5030817238658328,0.4866172253353861,0.4902760088443756,854108000
2008-05-14,0.49645011394559824,0.5177167322418201,0.4902759414750828,0.5046823620796204,751148000
2008-05-15,0.5035391205618415,0.5460724245155769,0.501252387307556,0.5437856912612915,1165464000
2008-05-16,0.5529327008430077,0.5593355875536273,0.5403556389428815,0.5581921935081482,1091556000
2008-05-19,0.5584209323100733,0.5787728804286288,0.5426424520033255,0.5465299487113953,1158532000
2008-05-20,0.5316659453143167,0.5378401190189183,0.5261777969680058,0.5323519706726074,771404000
2008-05-21,0.5337241298801333,0.5543047312522619,0.5268638749027302,0.5280072689056396,1066660000
2008-05-22,0.5355532408147612,0.5451575387071868,0.527092336382863,0.5408127307891846,693108000
2008-05-23,0.5398982214023248,0.5442430307098783,0.5206896194742032,0.5284645557403564,802672000
2008-05-27,0.5293792332519137,0.5348673818155049,0.519317563945309,0.5341813564300537,832856000
2008-05-28,0.5488164677150479,0.5501884639053227,0.53303799358674,0.539212167263031,751736000
2008-05-29,0.5394407758521463,0.5403554580703418,0.5280071118246761,0.5378400683403015,693460000
2008-05-30,0.5531609584925256,0.5666526931767327,0.5515602516004995,0.5648233294487,830244000
2008-06-02,0.5648236859101784,0.5714552290194601,0.5586495112815458,0.5671104192733765,734660000
2008-06-03,0.568939715833958,0.5698544526854089,0.5412702618179951,0.5479017496109009,840696000
2008-06-04,0.5357820823697953,0.555447998701215,0.5328093237717887,0.5543046593666077,831724000
2008-06-05,0.5735131875715702,0.5796874160386468,0.5618508650626836,0.5682536959648132,827860000
2008-06-06,0.5613935510981938,0.5620795765499818,0.5469871256506915,0.5501885414123535,784876000
2008-06-09,0.5469870341140635,0.5545332583008707,0.5307512465254852,0.5417275428771973,637916000
2008-06-10,0.5270923505310978,0.5277783757218283,0.5062830469589452,0.5097131729125977,1225208000
2008-06-11,0.5097133778653562,0.522061727223699,0.4852452816108305,0.48593130707740784,999428000
2008-06-12,0.49690741059389854,0.5065116532649656,0.48478766978136706,0.48890382051467896,825992000
2008-06-13,0.4895898701276884,0.49530667373881987,0.4728967185319848,0.48730313777923584,705748000
2008-06-16,0.4820437843190729,0.48661725031003067,0.47678429297747005,0.4806717336177826,630496000
2008-06-17,0.4875319508156557,0.4877606077677404,0.46786603541592714,0.4690094292163849,687912000
2008-06-18,0.46420728478491535,0.4802144174961135,0.44774278361681735,0.4552890360355377,1065272000
2008-06-19,0.45780439138884743,0.4642072217965165,0.4431692569941517,0.4541455805301666,784928000
2008-06-20,0.44408396724849786,0.45688968260474666,0.443855283050705,0.45185884833335876,741008000
2008-06-23,0.45528914267030807,0.4557464839743127,0.4385959533639933,0.44248339533805847,776616000
2008-06-24,0.4399680077253257,0.4676375248284121,0.4399680077253257,0.45711851119995117,1078928000
2008-06-25,0.4642071432927644,0.46763726937394445,0.4523161394980152,0.4596336781978607,900976000
2008-06-26,0.44591341147879665,0.44934351128893996,0.4360804259777069,0.4360804259777069,845532000
2008-06-27,0.4379098050580341,0.44339798094813343,0.4278481901495327,0.4408825635910034,584140000
2008-06-30,0.4358516815812647,0.43973912180093866,0.42510401585745405,0.42807677388191223,653940000
2008-07-01,0.42304602055565965,0.42922019430079295,0.41527111187733684,0.42876285314559937,881464000
2008-07-02,0.42670477145303154,0.42944884543285633,0.4116122964139803,0.412298321723938,763196000
2008-07-03,0.2968181549500519,0.30024825368153923,0.283555101069634,0.28561314940452576,2987520000
2008-07-07,0.2899580409416823,0.29178743291033776,0.2689200741921591,0.27669498324394226,2202692000
2008-07-08,0.2785243979651169,0.285384597962974,0.26983477858915067,0.27509427070617676,1805288000
2008-07-09,0.27578031231093486,0.27989643800274067,0.27029216289520264,0.27029216289520264,1413168000
2008-07-10,0.27166413243694326,0.2748655750076181,0.2645752492004561,0.2696060836315155,1056992000
2008-07-11,0.26411775614143906,0.2734933669959657,0.258858267790363,0.26686185598373413,807760000
2008-07-14,0.2689200926367567,0.27097814170514495,0.25291293225813527,0.2547423243522644,882316000
2008-07-15,0.2524556852467422,0.262746016208281,0.2446808000207155,0.2574865221977234,1122484000
2008-07-16,0.2584010416118007,0.26571858083298255,0.2513121593056533,0.2588583827018738,1034392000
2008-07-17,0.2629745204366144,0.2629745204366144,0.2497114645884387,0.2597731053829193,862080000
2008-07-18,0.2579436833591972,0.26594724731296593,0.25062611736489243,0.26434653997421265,899720000
2008-07-21,0.26846269936339723,0.2723501397719964,0.26366054945512385,0.26594728231430054,571636000
2008-07-22,0.26343183677253995,0.2645752030784623,0.25519961572590066,0.2602304220199585,555924000
2008-07-23,0.26205988361199384,0.270749475311797,0.26091651700044105,0.2680054008960724,594876000
2008-07-24,0.26526122984171313,0.26777664663323036,0.251540834091626,0.252226859331131,705628000
2008-07-25,0.2547422414216883,0.26526122209349956,0.24948275108578263,0.26434653997421265,1039600000
2008-07-28,0.2609164761315882,0.2723501404561952,0.2597731096991275,0.2636605501174927,734808000
2008-07-29,0.2641178367558069,0.2730361094453278,0.2611450791926333,0.26640456914901733,764636000
2008-07-30,0.2716641463311438,0.27212151476463775,0.25657169678608127,0.26251721382141113,588492000
2008-07-31,0.2618311778902204,0.2673193535311192,0.2588584194922346,0.261602520942688,487236000
2008-08-01,0.25474240432940354,0.2556571142936496,0.2446807855428349,0.2478822022676468,881060000
2008-08-04,0.2478819892876787,0.2492540394251738,0.2412504499697809,0.24193647503852844,522052000
2008-08-05,0.2465101304467613,0.2558857500553131,0.24376605530231263,0.2558857500553131,685844000
2008-08-06,0.25657151143540274,0.26503243970262547,0.24833926721972263,0.2627457082271576,814864000
2008-08-07,0.26045919102653864,0.27212154204981615,0.2556570400734216,0.25862979888916016,819232000
2008-08-08,0.26068777037507246,0.2629745030508184,0.250626130245788,0.2515408396720886,853764000
2008-08-11,0.2533701659901625,0.26297443530199355,0.2524554567995139,0.25680026412010193,1196436000
2008-08-12,0.25885841449013747,0.25954443983949427,0.24948279832227852,0.2531415820121765,1410868000
2008-08-13,0.27326489798763354,0.2844698800911512,0.2666333551577875,0.28035375475883484,2095260000
2008-08-14,0.2782957108978054,0.30848061238942964,0.2782957108978054,0.2972756028175354,1635304000
2008-08-15,0.3025350537809969,0.30596518053906485,0.2943028040816491,0.29636088013648987,777652000
2008-08-18,0.2984189455284955,0.3050504879495767,0.2952175300562558,0.3023064136505127,893968000
2008-08-19,0.2961323256438191,0.30870938990569136,0.2961323256438191,0.30687999725341797,1014140000
2008-08-20,0.3114532413912492,0.32288690317477525,0.309166509034544,0.32197222113609314,1143692000
2008-08-21,0.31625537180149205,0.31877078815117804,0.30505036755107073,0.3114532232284546,1021560000
2008-08-22,0.31374011666258234,0.31739890100395696,0.30459318306915817,0.31122469902038574,459264000
2008-08-25,0.3093952763962881,0.31671281645403876,0.30573649273740916,0.30665117502212524,471600000
2008-08-26,0.30825181477906977,0.30848047164967807,0.2961321010568668,0.2993335425853729,613112000
2008-08-27,0.2924734035170521,0.30527911763873666,0.2897293024481166,0.30162033438682556,454620000
2008-08-28,0.3020777356621899,0.30527917846044644,0.29750426931611734,0.3004770278930664,365192000
2008-08-29,0.29636096884793467,0.2972756514172116,0.28812871668437917,0.2890434265136719,516004000
2008-09-02,0.29384536100886777,0.2963607773389353,0.2778382355702514,0.28172567486763,693928000
2008-09-03,0.2778381848829016,0.27898155077707015,0.2641177668928852,0.26663318276405334,714856000
2008-09-04,0.26366046614446914,0.26640453925641583,0.26137373400784736,0.26297444105148315,716128000
2008-09-05,0.2606876585985623,0.26754785368431583,0.26045900178503245,0.26686185598373413,791100000
2008-09-08,0.26937749601054667,0.26937749601054667,0.25154096668160425,0.2558857500553131,1314840000
2008-09-09,0.25497097186458717,0.2705207615351245,0.24628138111399217,0.24719606339931488,1098296000
2008-09-10,0.25016888594529424,0.25519972158621407,0.24582410308451547,0.24742481112480164,644284000
2008-09-11,0.2332469813214785,0.24056454864294066,0.2277588194603855,0.2355337142944336,1066976000
2008-09-12,0.23347569478133084,0.2350764026109944,0.2197552815941909,0.23301835358142853,1209200000
2008-09-15,0.2247860522533685,0.2282161652071456,0.20992227488701154,0.2126663625240326,863984000
2008-09-16,0.20512020383893037,0.22089868210577174,0.20123274852347442,0.21929796040058136,1240840000
2008-09-17,0.21426701093375744,0.23370424869880502,0.21220894918169364,0.22867344319820404,1392580000
2008-09-18,0.23141752849348188,0.2611450765662414,0.23096018747143945,0.2490253895521164,1611060000
2008-09-19,0.26091641187667847,0.2629744600442775,0.2492540662336192,0.26091641187667847,1107344000
2008-09-22,0.2588584136850934,0.26640463798453473,0.2540562635145378,0.2554283142089844,700072000
2008-09-23,0.2533702319983222,0.2627458469000293,0.24719603194792766,0.24811074137687683,821468000
2008-09-24,0.24490932578836086,0.2622885069604561,0.24353730238635762,0.25725769996643066,866036000
2008-09-25,0.25725758680894595,0.26846258959337005,0.2529127797970283,0.2622883915901184,588328000
2008-09-26,0.255885602032249,0.26914868328811314,0.25108348012236903,0.26731929183006287,646852000
2008-09-29,0.2602303809152508,0.2634317951621526,0.2286734431443681,0.2309601753950119,975240000
2008-09-30,0.2346189328645293,0.24719595890101184,0.2321035167532345,0.24490922689437866,659044000
2008-10-01,0.24125056501405193,0.24559537434801543,0.2337043401792811,0.23804914951324463,557208000
2008-10-02,0.23964982326465192,0.23964982326465192,0.2122090021421342,0.21335238218307495,787728000
2008-10-03,0.21678249769378125,0.22295668495445917,0.20512014852250196,0.20649218559265137,915828000
2008-10-06,0.19665919417424105,0.19711653524166892,0.16716031368510476,0.17950868606567383,1677440000
2008-10-07,0.18591157308183118,0.18636891422377752,0.1641875826093032,0.16555961966514587,1059984000
2008-10-08,0.15961410270094645,0.1788226743216903,0.15801338158421657,0.16898971796035767,1219456000
2008-10-09,0.17516398408500672,0.17767940237251292,0.1564127572300124,0.1582421362400055,909636000
2008-10-10,0.14452162099380517,0.1676176273536545,0.14360692537846476,0.1557266116142273,1200252000
2008-10-13,0.16898975919760087,0.18431088067069573,0.1669316964767367,0.18408221006393433,916536000
2008-10-14,0.19094233894095905,0.19208570517898868,0.17493519797854337,0.1799660176038742,1209012000
2008-10-15,0.1788227023918559,0.1797373983692829,0.16052882373332977,0.16052882373332977,854064000
2008-10-16,0.16533097749210818,0.17699332854495395,0.1577847519437969,0.17607863247394562,1019820000
2008-10-17,0.17104779595826133,0.18499687804370699,0.16784636705947045,0.1749352365732193,839416000
2008-10-20,0.18088075203447535,0.1822527890877699,0.1740205395079953,0.1783653348684311,595764000
2008-10-21,0.17493520865558923,0.17676460020009255,0.16373021611300986,0.16464491188526154,659116000
2008-10-22,0.16235819044350328,0.16921840296844196,0.1541259544955819,0.1584707498550415,600996000
2008-10-23,0.15801339978655024,0.16190085412070693,0.14314962144183863,0.14955247938632965,832192000
2008-10-24,0.13720412385333494,0.158928102179277,0.1365180984635667,0.15115320682525635,798336000
2008-10-27,0.1502384974179234,0.16876104498574787,0.1454363473788558,0.15938544273376465,698936000
2008-10-28,0.16784632964539833,0.1836247864201695,0.16487357198131078,0.183396115899086,849920000
2008-10-29,0.18225279585517834,0.20123269925552978,0.18133809990901628,0.1893416792154312,977284000
2008-10-30,0.20008934480956453,0.20123271140379023,0.18522556545462565,0.19734525680541992,657176000
2008-10-31,0.1911710762152789,0.20420546312881913,0.19071372141497664,0.20031800866127014,608672000
2008-11-03,0.20466276867040434,0.20832155191586524,0.18979899240322415,0.1930004209280014,723924000
2008-11-04,0.1996320014855161,0.20534883439540863,0.19437250975641307,0.20534883439540863,619560000
2008-11-05,0.19780260728896776,0.2035194401348898,0.1946011781692505,0.1946011781692505,787620000
2008-11-06,0.18316744653021685,0.19002764398588004,0.1737918324368099,0.17424918711185455,797936000
2008-11-07,0.1984885901321498,0.20740686442837702,0.185225534410072,0.1994032859802246,1132068000
2008-11-10,0.20694950903471782,0.20809288906369658,0.18225277573482954,0.1865975707769394,576396000
2008-11-11,0.1838535103416166,0.18522554739491115,0.17653595667403954,0.1783653348684311,576484000
2008-11-12,0.17287720455505065,0.17699333009564783,0.16578833379513874,0.16784639656543732,646092000
2008-11-13,0.16007146842017236,0.18179546033241234,0.156870039324369,0.18156678974628448,797228000
2008-11-14,0.1742491871402292,0.17516386923046598,0.16327285212737966,0.16395887732505798,741024000
2008-11-17,0.16235820205817916,0.16670299772845396,0.1589281023653314,0.16052882373332977,388224000
2008-11-18,0.16373021370877272,0.16464490946759286,0.1500098045864733,0.1552692949771881,564488000
2008-11-19,0.1538972586335743,0.15778471255746931,0.14177756938555244,0.1424635946750641,500220000
2008-11-20,0.1413202054764481,0.14840908757460383,0.13331664122498352,0.13491734862327576,847036000
2008-11-21,0.1392621225173922,0.1458936482667923,0.13148721709947644,0.1458936482667923,599064000
2008-11-24,0.15481197262923752,0.15732738989906525,0.14635105212982563,0.15549799799919128,600308000
2008-11-25,0.16235820787990377,0.16281556270001907,0.15526933765316495,0.15984280407428741,528256000
2008-11-26,0.15709874334324808,0.1744779432975713,0.15618406080407982,0.17402058839797974,600792000
2008-11-28,0.17127647341145474,0.17379187706513272,0.16853238554652986,0.17081911861896515,175248000
2008-12-01,0.16395892814634677,0.16555963593042292,0.15595534833595112,0.15618403255939484,547112000
2008-12-02,0.1591568117651837,0.16693172265435027,0.1570987487215817,0.1648736596107483,479988000
2008-12-03,0.15847073282889826,0.17356317968022128,0.15709868229332186,0.1733345091342926,584632000
2008-12-04,0.16990442910851564,0.17836534997545397,0.15801340850281964,0.1619008630514145,466292000
2008-12-05,0.1568700065523444,0.16898970864522328,0.15412593283207116,0.1683036834001541,438484000
2008-12-08,0.17150508443516815,0.17493518285267162,0.15892804327432256,0.16281549632549286,707992000
2008-12-09,0.16075747297194928,0.184996865449811,0.15892808126003447,0.17859400808811188,829760000
2008-12-10,0.1820241293896914,0.20008933725213532,0.17905137090498452,0.19551587104797363,961124000
2008-12-11,0.1943725191960035,0.20123271902103623,0.18499690186445442,0.18728363513946533,582700000
2008-12-12,0.1817954446121479,0.1978025887069906,0.17813666103046763,0.19665922224521637,679268000
2008-12-15,0.19780255001424296,0.1989459162523599,0.1840821415268388,0.19025632739067078,476996000
2008-12-16,0.19208573568593723,0.2035194135121246,0.1902563575925494,0.20306207239627838,521940000
2008-12-17,0.1994032837542779,0.21609645212779036,0.1966592098706884,0.21312369406223297,674180000
2008-12-18,0.21175167454206587,0.21243769988440644,0.19094238000110564,0.19345779716968536,550808000
2008-12-19,0.1959731580191238,0.20351938062105032,0.19414376659138385,0.1948297917842865,593120000
2008-12-22,0.1978025495473561,0.19825989058952312,0.17630724796549335,0.183396115899086,522464000
2008-12-23,0.18453955567376645,0.18842701060134473,0.17813669675187638,0.18088078498840332,377452000
2008-12-24,0.17722194583417403,0.18156675427173613,0.17287715102661383,0.1765359342098236,146616000
2008-12-26,0.1765359924034627,0.17882272583177078,0.16693170382656503,0.17173384130001068,226156000
2008-12-29,0.17402052525341552,0.17722195386886597,0.16281553191434023,0.17722195386886597,460168000
2008-12-30,0.1795086761506644,0.18614020304209003,0.17539255225115866,0.183396115899086,409860000
2008-12-31,0.18110941254215848,0.18911299110668695,0.17790798384234766,0.18453951179981232,441580000
2009-01-02,0.18453954806591186,0.200546694710724,0.1838535362575663,0.1991746574640274,497124000
2009-01-05,0.19688788296860163,0.20740686479505438,0.19551584600906513,0.2028333991765976,705736000
2009-01-06,0.20877885541685917,0.21563906595194746,0.20420539081346675,0.2096935510635376,657904000
2009-01-07,0.2048914617010475,0.2048914617010475,0.19002767116146008,0.19711655378341675,870096000
2009-01-08,0.1946011298801408,0.1946011298801408,0.1801946956012815,0.19208571314811707,1014496000
2009-01-09,0.19208578681073368,0.19208578681073368,0.1808807901901945,0.1813381314277649,761352000
2009-01-12,0.18133814412137783,0.18225284029055352,0.17150518415525218,0.17402058839797974,645532000
2009-01-13,0.16807503763152618,0.18156677857286044,0.1648736087327353,0.1749352365732193,1824424000
2009-01-14,0.16876102470238166,0.17081908681033764,0.16464491411647142,0.16716031730175018,974908000
2009-01-15,0.16807505923618118,0.1758499550954992,0.16464495932442372,0.1731058806180954,998204000
2009-01-16,0.17790800539813012,0.18431086357353818,0.1721911726093745,0.18271015584468842,831324000
2009-01-20,0.18225284653004697,0.18293887208791693,0.16350160849500836,0.1648736596107483,705788000
2009-01-21,0.16807501199311042,0.1740205141096412,0.16190082570940406,0.17287714779376984,648472000
2009-01-22,0.16738896064087705,0.1742491710959947,0.1635015075953104,0.16967569291591644,547656000
2009-01-23,0.164873625965725,0.18156679755066077,0.1646449553697681,0.1763073056936264,633616000
2009-01-26,0.1772219446728961,0.1875122552707422,0.1742492003935199,0.18225276470184326,581748000
2009-01-27,0.18522552697640013,0.1943724714600503,0.1845395017103757,0.1930004209280014,725300000
2009-01-28,0.19986067661353624,0.20420547244969953,0.19345781815708457,0.2010040432214737,723752000
2009-01-29,0.1943725001043205,0.19665923315472358,0.18842698326926915,0.1893416792154312,413128000
2009-01-30,0.1879696198464085,0.1930004265094005,0.1795087003841006,0.18179543316364288,506760000
2009-02-02,0.17905128252207414,0.19368638350724965,0.17813658700675097,0.1916283220052719,577992000
2009-02-03,0.1920857222116606,0.19551583485990598,0.18682623159835313,0.19391511380672455,396948000
2009-02-04,0.19437247926081724,0.20923625612452662,0.19437247926081724,0.1994032859802246,779232000
2009-02-05,0.19414379022496928,0.21632511968900014,0.19208572802572918,0.21403838694095612,919192000
2009-02-06,0.21472441334555437,0.2270727729758722,0.21106563002545844,0.2257007360458374,1157880000
2009-02-09,0.2247861216514426,0.22798755140134092,0.21655388345885213,0.22272805869579315,716128000
2009-02-10,0.2224993093628359,0.2254720674283933,0.20900756960684622,0.21312369406223297,1129664000
2009-02-11,0.19620188527451463,0.20329076888435285,0.1797373985539284,0.186368927359581,1983400000
2009-02-12,0.1822527500938514,0.19139969362878773,0.17973734709599423,0.19025632739067078,1024020000
2009-02-13,0.18591155823337036,0.19231441548925501,0.18453950765710753,0.19002766907215118,764304000
2009-02-17,0.18293882384812113,0.18728361943225103,0.17836534405166518,0.17905136942863464,779576000
2009-02-18,0.17905137150853193,0.18979902530254278,0.17882270092355393,0.18385352194309235,646252000
2009-02-19,0.18751222374322293,0.1891129445137502,0.16967569291591644,0.16967569291591644,743988000
2009-02-20,0.1673890582089653,0.17676467690550682,0.1657883501354134,0.17402058839797974,770056000
2009-02-23,0.1769933528057874,0.17790804900217497,0.1648736588711697,0.16601702570915222,679548000
2009-02-24,0.16693170045357184,0.18110945560061237,0.1667030162113567,0.18088078498840332,659524000
2009-02-25,0.18042341169709372,0.18842699134659938,0.1742492376483377,0.1829388290643692,702360000
2009-02-26,0.18934170252160998,0.1952872064584927,0.1865976143453524,0.18888434767723083,1117556000
2009-02-27,0.18408218774750246,0.1936864747371979,0.18271015064326143,0.1893416792154312,755444000
2009-03-02,0.1847681863607503,0.1886556265315443,0.17264848386650442,0.1733345091342926,700064000
2009-03-03,0.17653592153307712,0.18705490198445224,0.17081907662732929,0.180194690823555,1041372000
2009-03-04,0.1849968770108339,0.19894595901839915,0.18339615575537374,0.19345779716968536,1108668000
2009-03-05,0.19071373979473588,0.19848863584912363,0.1879696652484841,0.18888434767723083,955252000
2009-03-06,0.18888434085697745,0.19871731291101286,0.18636893700873877,0.19185709953308105,974756000
2009-03-09,0.19048509590606805,0.2048915369996392,0.18934172907975372,0.18979907035827637,682768000
2009-03-10,0.19665924745793698,0.2106083309839292,0.19482985543255946,0.20694954693317413,1254800000
2009-03-11,0.20694951668773953,0.2709780919181993,0.20351941736396556,0.2126663625240326,864916000
2009-03-12,0.2119803488779941,0.22753015241721178,0.2092362747198994,0.22524341940879822,1604604000
2009-03-13,0.22204199087309456,0.22730148225397126,0.2183832071490044,0.2241000533103943,1195156000
2009-03-16,0.22638679397462025,0.22661546455760379,0.21358107776749066,0.21541045606136322,699344000
2009-03-17,0.21609649930665292,0.22661548329362266,0.21335242482396852,0.22615814208984375,1005384000
2009-03-18,0.2227279710247307,0.23987849344762227,0.2224993004818926,0.23324695229530334,1359560000
2009-03-19,0.23484762440734677,0.23484762440734677,0.22890213666766696,0.23050284385681152,822648000
2009-03-20,0.23393298986800024,0.2341616740528782,0.2119803303699174,0.21792584657669067,1093672000
2009-03-23,0.22478603831966393,0.23416166709082242,0.21975523174197223,0.23370429873466492,816048000
2009-03-24,0.22798750248293376,0.23004557862699698,0.22249934032211163,0.22364270687103271,1114868000
2009-03-25,0.23050290727502273,0.23782044733867086,0.21861187400408624,0.2273014783859253,1243852000
2009-03-26,0.23096019323325467,0.24193651433610228,0.2284447902892689,0.24147917330265045,1333664000
2009-03-27,0.23896384628038403,0.24490936372334315,0.235533746354064,0.23919253051280975,731892000
2009-03-30,0.23004552008709522,0.23301827780981132,0.2206698922377593,0.22387132048606873,780052000
2009-03-31,0.2273014544645439,0.2309602241113162,0.2238713417350672,0.22547206282615662,805272000
2009-04-01,0.22272797530183233,0.23324695677440363,0.2142670560143294,0.23118890821933746,887920000
2009-04-02,0.23987842709228216,0.24628128230059868,0.2364483290085408,0.24193647503852844,1002860000
2009-04-03,0.242165228464175,0.2595444079669855,0.23804910413350888,0.2588583827018738,1003208000
2009-04-06,0.2545136544080824,0.2618311951516884,0.2510835546288911,0.2595444619655609,887288000
2009-04-07,0.25451367493598015,0.2572577495286556,0.24902549849061725,0.25062620639801025,607804000
2009-04-08,0.25337018982881654,0.26160243701921126,0.2513121144012182,0.26091641187667847,731652000
2009-04-09,0.2675481214322568,0.2762377160222942,0.26549007175094086,0.2753230333328247,904412000
2009-04-13,0.2718927432487226,0.27212142739204376,0.2604590812826705,0.26640456914901733,767628000
2009-04-14,0.26274590903092754,0.27440825937277,0.26160254241937475,0.2680054008960724,711960000
2009-04-15,0.258629703775041,0.26160246149751293,0.24948274645204985,0.2604590952396393,1045368000
2009-04-16,0.26526128627382684,0.2702921209271292,0.25519967148724004,0.26709067821502686,1038772000
2009-04-17,0.26709064247375447,0.27143545116019635,0.26068778516637003,0.26892003417015076,695764000
2009-04-20,0.2586296911222449,0.26091642352611966,0.2513121256218451,0.25268417596817017,590660000
2009-04-21,0.24925414177202776,0.26251719859380324,0.24559535807636293,0.2519982159137726,932184000
2009-04-22,0.24971150381321067,0.2700634455257514,0.24559537862617917,0.2595444619655609,916404000
2009-04-23,0.2620598562187996,0.2643465892028723,0.24742474876472997,0.2554283142089844,753952000
2009-04-24,0.25794368920331867,0.26320317965838635,0.2517694893482375,0.2613737881183624,759508000
2009-04-27,0.25794373260422604,0.2652612727355481,0.25039750826942203,0.2519982159137726,787024000
2009-04-28,0.24879673633358312,0.2579436659490823,0.24650997666970778,0.25268417596817017,634392000
2009-04-29,0.2538275673719384,0.2549709336873974,0.24582400316372502,0.2487967610359192,859668000
2009-04-30,0.25359893826841634,0.26983475437719545,0.2515408893577301,0.26251721382141113,1110276000
2009-05-01,0.2618310244461879,0.27303602610891387,0.26160236763265804,0.26686185598373413,840548000
2009-05-04,0.2714355472458028,0.2833265565916752,0.26777676255783517,0.28126850724220276,927704000
2009-05-05,0.2750941877780861,0.27692357934470724,0.2641178656383625,0.2698346972465515,837076000
2009-05-06,0.2728074449876248,0.2753228617056674,0.259087049638307,0.26434653997421265,935088000
2009-05-07,0.2702920620392857,0.2702920620392857,0.2419365340184452,0.245366632938385,1289196000
2009-05-08,0.2401071711334131,0.2401071711334131,0.20832156765891652,0.21152299642562866,2930564000
2009-05-11,0.2080929050172646,0.22089862057155737,0.20626351318665032,0.215639129281044,1038596000
2009-05-12,0.22044128418152875,0.22044128418152875,0.2012327092482841,0.20534883439540863,1201384000
2009-05-13,0.20397674432495388,0.20512011061041877,0.19048500580046673,0.19208571314811707,1305608000
2009-05-14,0.19185703412170924,0.19894591568170106,0.19048499736590457,0.1948297917842865,1017864000
2009-05-15,0.19620189306433802,0.20672087678818407,0.19391515984263327,0.19986067712306976,780308000
2009-05-18,0.20489148786883982,0.21335240853273157,0.2044341330699783,0.21198035776615143,938320000
2009-05-19,0.21335241624916884,0.21861189440126572,0.20992230283866403,0.21609649062156677,859768000
2009-05-20,0.21998390762050946,0.23439032968844142,0.21906921177603714,0.2224993109703064,1309436000
2009-05-21,0.21975524952390063,0.22410004480893053,0.2149530994757077,0.22112728655338287,965600000
2009-05-22,0.22112730015013737,0.22775882876873396,0.2170111751785935,0.22455739974975586,718260000
2009-05-26,0.22249934181429218,0.23850648723654294,0.22021260870111414,0.23667709529399872,865540000
2009-05-27,0.23553363036654607,0.24422321801940916,0.23324689820842406,0.23713433742523193,814152000
2009-05-28,0.24079320795598555,0.24239391560081924,0.23004556832923645,0.2403358668088913,995288000
2009-05-29,0.2405645120667087,0.2410218531397626,0.2302741879929787,0.23850643634796143,834232000
2009-06-01,0.2412505261636312,0.251540850924832,0.24033584395641577,0.2501688003540039,1022764000
2009-06-02,0.2501687898870058,0.2556569646806894,0.24353727601214242,0.24811074137687683,907984000
2009-06-03,0.244909332799849,0.2458240423540451,0.23439035011664325,0.2403358668088913,735688000
2009-06-04,0.24102182625637347,0.24948273057415882,0.24079314211535222,0.2490253895521164,673180000
2009-06-05,0.2535988045292603,0.2535988045292603,0.24468056093944496,0.2476532906293869,559992000
2009-06-08,0.24582401452411223,0.24971145472432454,0.24010715542261768,0.24628135561943054,473948000
2009-06-09,0.2497114645884387,0.26251717932323015,0.24788207287489628,0.2597731053829193,725032000
2009-06-10,0.2611451739667454,0.2696061087002442,0.25542834090898153,0.2680054008960724,833320000
2009-06-11,0.2686913072386137,0.2789816304862208,0.26297447613438807,0.26457518339157104,835156000
2009-06-12,0.260687816191046,0.2641179158075061,0.25474229928517833,0.2632032334804535,595000000
2009-06-15,0.2584010416118007,0.2618311406773551,0.2542849172811346,0.2588583827018738,445164000
2009-06-16,0.2588584261912021,0.2620598688795781,0.24811078609881612,0.2517695426940918,594912000
2009-06-17,0.25565707536009713,0.2604592269760238,0.24582411511701888,0.2579438090324402,799016000
2009-06-18,0.2570290640947345,0.261831215054639,0.2501688640148778,0.2529129385948181,566376000
2009-06-19,0.25542821390908593,0.2620597533148712,0.2522267998924977,0.255656898021698,747564000
2009-06-22,0.256571677390031,0.256571677390031,0.24033586250863087,0.24125054478645325,574864000
2009-06-23,0.2435372600432042,0.24399460109768864,0.23073151969762537,0.24010713398456573,589764000
2009-06-24,0.2430799076676659,0.25382757308279486,0.2430799076676659,0.24811074137687683,515096000
2009-06-25,0.2458240392751885,0.2616025131023775,0.2433086221076634,0.26114514470100403,870444000
2009-06-26,0.26000171850819054,0.2654898927242477,0.2577149860665003,0.26457518339157104,513956000
2009-06-29,0.2652612085760783,0.26937733242312095,0.2618311099135429,0.26457518339157104,510056000
2009-06-30,0.26366059889460164,0.26731938305935193,0.25337029909875386,0.2581724226474762,589844000
2009-07-01,0.2597731273556337,0.26274588573408797,0.25497097710889927,0.25931575894355774,696420000
2009-07-02,0.25085478490566526,0.25405619937107915,0.24582397906287184,0.24925407767295837,552312000
2009-07-06,0.24902545318797167,0.24925413738743082,0.2371344200162384,0.24125054478645325,752456000
2009-07-07,0.24216525378745182,0.2435373044611509,0.2300455637031334,0.2307315617799759,1072996000
2009-07-08,0.2321035904082548,0.232789615679945,0.22204196366014434,0.23118890821933746,1205860000
2009-07-09,0.2350763971525858,0.24010720475471906,0.23439037173865623,0.23621976375579834,714564000
2009-07-10,0.2362196554659822,0.23873507174391542,0.2311888501701133,0.23713433742523193,520008000
2009-07-13,0.24193655408704604,0.24193655408704604,0.22753013197628771,0.23987850546836853,556012000
2009-07-14,0.2417078129890905,0.2458239360530294,0.23896371277313405,0.24490922689437866,452568000
2009-07-15,0.25382763097000866,0.2600018051684641,0.2515408977661355,0.2549709975719452,1022808000
2009-07-16,0.25771500384726487,0.26914869410457204,0.25634298064359007,0.268233984708786,952076000
2009-07-17,0.26823402540869984,0.27692361605714805,0.26548995132498115,0.2760089337825775,850356000
2009-07-20,0.27829569528955517,0.28241182046756064,0.27463691129577034,0.2794390618801117,782756000
2009-07-21,0.27875297827963275,0.27989634463149327,0.2673193147610276,0.27372217178344727,941296000
2009-07-22,0.2682339385032458,0.2830977250993327,0.26640454728680446,0.2805823087692261,600908000
2009-07-23,0.2810397854170409,0.2981903124972881,0.27806702666286437,0.2972756028175354,1046120000
2009-07-24,0.2881286304371421,0.29727556243196956,0.28629923858617506,0.29636088013648987,650592000
2009-07-27,0.29361676537199044,0.30207767084474835,0.29087266434514675,0.2977328896522522,677484000
2009-07-28,0.29567496694644446,0.30139180161184004,0.2931595487896632,0.2981903851032257,563180000
2009-07-29,0.2947600592088157,0.2965894503567211,0.2892718857650996,0.29224464297294617,373972000
2009-07-30,0.29727556858226206,0.30116303656849713,0.29201607712442185,0.2945314943790436,468444000
2009-07-31,0.2945315236431587,0.29979101562357247,0.2876713238234914,0.2956748902797699,541560000
2009-08-03,0.30276371114954537,0.30710851981799286,0.297046879159487,0.30367839336395264,471900000
2009-08-04,0.29841891507920354,0.3109959732482924,0.29796157395269274,0.3057364821434021,695380000
2009-08-05,0.30390711432076983,0.30870926467748827,0.3002483305004121,0.30642253160476685,610768000
2009-08-06,0.30756575348488974,0.3130538993741989,0.29819014139232464,0.3000195324420929,957588000
2009-08-07,0.31625550559410265,0.3254024383571393,0.30916662179874527,0.3135114312171936,1401872000
2009-08-10,0.31579813538002494,0.32037160134115367,0.3013916848904605,0.30322107672691345,693312000
2009-08-11,0.3011629808913382,0.3057364461378576,0.2945314399278831,0.2961321473121643,481884000
2009-08-12,0.2963608842140077,0.31030996660204285,0.2961322000069876,0.3071085512638092,634940000
2009-08-13,0.3093953685003975,0.3173989362842762,0.3039071913783,0.3162555694580078,564028000
2009-08-14,0.31579827621074347,0.31625561755880693,0.3027638706008077,0.30687999725341797,427148000
2009-08-17,0.2975042474470957,0.2984189297450696,0.2908727053767579,0.294074147939682,465032000
2009-08-18,0.29407414953514105,0.30825191605071006,0.29384546532940303,0.30482178926467896,636200000
2009-08-19,0.30024817600980547,0.3032209329267337,0.29727541909287725,0.3013915419578552,552996000
2009-08-20,0.3000196424920328,0.31465474899847384,0.2993336171892299,0.31328269839286804,819840000
2009-08-21,0.31579813809954194,0.3189995533958983,0.30939528024682156,0.3185422122478485,607324000
2009-08-24,0.3167128708159613,0.3201429708624143,0.3077945943391762,0.30962398648262024,461456000
2009-08-25,0.31122467126158104,0.31556948068694196,0.3059652067224751,0.3123680651187897,444088000
2009-08-26,0.31168208365800637,0.3167128919430606,0.3105387168995843,0.31602686643600464,434308000
2009-08-27,0.3173987511321619,0.3217435316334814,0.31396865265427826,0.32037150859832764,551072000
2009-08-28,0.32906113292859673,0.34369623772768676,0.3286037918667507,0.336836040019989,883992000
2009-08-31,0.33294873398468416,0.3345494693658722,0.3276892410779615,0.33203405141830444,431796000
2009-09-01,0.3318052682704023,0.3411808844519787,0.3189995525970308,0.32082894444465637,736856000
2009-09-02,0.321286254590955,0.3286038212753922,0.31945686291984565,0.3254023790359497,404656000
2009-09-03,0.3254024484659447,0.333634699112421,0.3244877660652299,0.3331773579120636,534020000
2009-09-04,0.33180534305968346,0.3478125048894331,0.33180534305968346,0.3455257713794708,513048000
2009-09-08,0.3480410742001568,0.3551299571990967,0.3452970001315373,0.3551299571990967,549712000
2009-09-09,0.3544439234941377,0.3656489309613215,0.3494131166105071,0.3649629056453705,571684000
2009-09-10,0.36610617118982375,0.3770825187000485,0.36199004768848914,0.3766251504421234,607952000
2009-09-11,0.3757105585356284,0.37708260911840186,0.37045106764833713,0.3731951415538788,712732000
2009-09-14,0.36770707948081155,0.37067983826330675,0.36381961100985005,0.3670210540294647,490516000
2009-09-15,0.37045114493190884,0.3791407368289525,0.3670210450193925,0.37456727027893066,546136000
2009-09-16,0.3736524600417704,0.3743384852916274,0.3590173819248377,0.3645055294036865,707064000
2009-09-17,0.3635908195301687,0.3635908195301687,0.34232417470561105,0.3484983742237091,923096000
2009-09-18,0.35192864573746174,0.3544440363501819,0.3452971019184399,0.3480411767959595,604740000
2009-09-21,0.3439249872460022,0.3523859218386549,0.3409522559134592,0.3464404046535492,588776000
2009-09-22,0.3489557563635624,0.35101380493862705,0.34438229085452565,0.3471263647079468,361388000
2009-09-23,0.34918446182896845,0.352157220275136,0.34118089607544494,0.3416382372379303,478936000
2009-09-24,0.3473549761350896,0.3473549761350896,0.33592128749724,0.337064653635025,552876000
2009-09-25,0.3352353419228869,0.3368360767036824,0.3290611687655508,0.3315765857696533,377556000
2009-09-28,0.3327199155779768,0.34758367726166517,0.3327199155779768,0.3391227722167969,467708000
2009-09-29,0.3411807829151305,0.3452969065323103,0.33226251053457434,0.3329485356807709,470928000
2009-09-30,0.3398087989125878,0.34781239083288773,0.3322625753523085,0.343696266412735,875956000
2009-10-01,0.3425530258411165,0.3425530258411165,0.3189996370498595,0.31922832131385803,999960000
2009-10-02,0.31602686060065827,0.32357308651890765,0.31419746836895945,0.316712886095047,612476000
2009-10-05,0.3201428605641998,0.321286226852429,0.3096238798084903,0.31511205434799194,754276000
2009-10-06,0.3189994583031744,0.32585965525894167,0.3167127259845853,0.32037150859832764,761272000
2009-10-07,0.31808484697316686,0.32151494621338006,0.31442606354627056,0.31785616278648376,459608000
2009-10-08,0.3196855375890248,0.32060021976736075,0.30848053097438716,0.31991422176361084,1241524000
2009-10-09,0.31808491166198916,0.32448777033120213,0.3176275704556192,0.32403042912483215,618540000
2009-10-12,0.3185421172914565,0.3265456804065183,0.31831343315559774,0.32037150859832764,499008000
2009-10-13,0.322201080445765,0.32585983784963796,0.3162555621819511,0.31922832131385803,602124000
2009-10-14,0.3315766007317051,0.3315766007317051,0.3171701506145023,0.3187708854675293,1101948000
2009-10-15,0.3183135006888847,0.32128625878574985,0.3073371777789241,0.3093952536582947,1092196000
2009-10-16,0.3055078291227525,0.3064225387291132,0.29681823779237565,0.3023064136505127,1018832000
2009-10-19,0.3048217650916417,0.3157981154164768,0.30230637532803867,0.31328269839286804,695588000
2009-10-20,0.31854223878486176,0.32082897197562094,0.31099601380335457,0.3135114312171936,660180000
2009-10-21,0.3123680431106003,0.31717016612449056,0.30436445023410047,0.3059651851654053,503956000
2009-10-22,0.3043644602646973,0.3096239518665818,0.29910496866281283,0.30802324414253235,379328000
2009-10-23,0.3121392428176584,0.3121392428176584,0.29887619070518595,0.30070558190345764,429528000
2009-10-26,0.3029923363236915,0.3075658010250303,0.29521742997541567,0.2968181371688843,481652000
2009-10-27,0.29544625448532846,0.2997910371118702,0.28378390305196055,0.28675663471221924,591836000
2009-10-28,0.28035368546171935,0.2867565424782349,0.2734934873568821,0.2748655378818512,773632000
2009-10-29,0.27921039818841836,0.2883573588454591,0.2766950078602425,0.2869853079319,637100000
2009-10-30,0.2856130944619593,0.28675646048584236,0.2721213862841374,0.2734934091567993,604144000
2009-11-02,0.2730361755002127,0.2819544503473071,0.26823402540869984,0.2760089337825775,593136000
2009-11-03,0.26709064099385127,0.27600891524186666,0.2643465670944639,0.2746368646621704,876472000
2009-11-04,0.2766949763197683,0.2796677347869402,0.27280750826115424,0.27395087480545044,916840000
2009-11-05,0.27715221046089794,0.283326381963889,0.27623750122267815,0.2805823087692261,955156000
2009-11-06,0.2981902408677136,0.30710851498794567,0.2945314575476177,0.3009343147277832,1641112000
2009-11-09,0.30505028979006993,0.31213916877941805,0.30482160572202976,0.30779436230659485,818124000
2009-11-10,0.3089378851716437,0.3089378851716437,0.29636085475586477,0.30024829506874084,781472000
2009-11-11,0.3052791347310391,0.31602677365277265,0.30482176635393937,0.3087092339992523,871512000
2009-11-12,0.311453143835289,0.31671263206029004,0.306879680554417,0.30779436230659485,505864000
2009-11-13,0.3075658242926644,0.31168194828725776,0.30619377387446595,0.31008121371269226,388524000
2009-11-16,0.3128253273090939,0.31808481778005093,0.31122459266923513,0.3144260346889496,402820000
2009-11-17,0.31465480307726323,0.31465480307726323,0.3080232603570992,0.3139687776565552,350124000
2009-11-18,0.31099588226248465,0.31213924837425855,0.3039070014654871,0.30916649103164673,455516000
2009-11-19,0.30253496804555774,0.30253496804555774,0.2913299904312777,0.2968181371688843,833840000
2009-11-20,0.2899580334790867,0.29636089157458684,0.2892720081009959,0.29498884081840515,426748000
2009-11-23,0.2993336791519705,0.30482182819044146,0.2959035791879233,0.2972756028175354,390924000
2009-11-24,0.29590355823757947,0.2979616071662908,0.29064406654641683,0.2954462170600891,418504000
2009-11-25,0.2988762855529785,0.3029924102403343,0.29681820957929733,0.2988762855529785,441760000
2009-11-27,0.2881286264091092,0.2959035348520241,0.28652791878439376,0.2924734354019165,279932000
2009-11-30,0.29361680520165234,0.2988762965365574,0.29041536265605433,0.29864761233329773,509836000
2009-12-01,0.30024836594259324,0.308023275663624,0.2986476580547378,0.30459317564964294,461936000
2009-12-02,0.3052791386474276,0.31442607014667434,0.303449746895577,0.3137400448322296,602292000
2009-12-03,0.3173989362842762,0.3231157704156181,0.31579822817950354,0.3162555694580078,660036000
2009-12-04,0.3222009290514113,0.32746041931193826,0.3171700956874278,0.3260883688926697,824564000
2009-12-07,0.36244759766155965,0.37616799803814255,0.34529706993081866,0.36793574690818787,2732184000
2009-12-08,0.36199024448368594,0.3635909797366624,0.34804115927355117,0.35009923577308655,1075512000
2009-12-09,0.3537579806498362,0.3615328627507046,0.3503278535347349,0.35878878831863403,671588000
2009-12-10,0.3613040615756501,0.3635907938996732,0.35124242299394853,0.3523857891559601,417012000
2009-12-11,0.35535863823590363,0.35581597936660475,0.3468977046479026,0.3478124141693115,416744000
2009-12-14,0.35284311910607596,0.35947465899382414,0.3489556797291194,0.3583312928676605,405488000
2009-12-15,0.35581595996929705,0.36381952473027596,0.35490127775775865,0.3578740358352661,446152000
2009-12-16,0.37067987559645454,0.3908031363892835,0.3686217990351342,0.3866870105266571,1683400000
2009-12-17,0.38783035386912945,0.39972138947809355,0.3791407614087375,0.3848575949668884,1016132000
2009-12-18,0.3880588713968405,0.3894308945053378,0.380055280593935,0.3846287727355957,812828000
2009-12-21,0.3869156484889072,0.3999500227775333,0.3864583072833435,0.3983493149280548,427792000
2009-12-22,0.3983492703793994,0.41298437814082467,0.3978919292249816,0.4088682532310486,793044000
2009-12-23,0.4127556028421522,0.4157283605798189,0.40749611257704993,0.4145849943161011,442196000
2009-12-24,0.415728529458029,0.41641455494693896,0.41206977228386443,0.41367048025131226,136812000
2009-12-28,0.4129844750633671,0.4166432596773986,0.4029228310047876,0.40703895688056946,465760000
2009-12-29,0.4056667912977761,0.4132130148889858,0.4047520818339903,0.4120696485042572,475848000
2009-12-30,0.4159570560976958,0.42944879473407,0.4129842982788335,0.4269333779811859,704008000
2009-12-31,0.4278481958130008,0.433336344515738,0.42670482922826314,0.42716217041015625,700340000
2010-01-04,0.4232747801069212,0.42579019796024625,0.4141278457457605,0.4228174388408661,800204000
2010-01-05,0.42121661788609893,0.43356499232009005,0.42121661788609893,0.42899152636528015,728648000
2010-01-06,0.4287628170506157,0.4326502574325127,0.4246466924803695,0.4317355751991272,649168000
2010-01-07,0.42944886690931916,0.4312782587406911,0.4200732508110428,0.4232746660709381,547792000
2010-01-08,0.4198445796104341,0.4271621471625158,0.4173291896169131,0.42418938875198364,478168000
2010-01-11,0.4264761351644013,0.4283055271097619,0.4122983680328635,0.4182438850402832,556612000
2010-01-12,0.4120697087408266,0.41367041646143793,0.3953765243715647,0.4040661156177521,627432000
2010-01-13,0.4068101395364995,0.4109262637899213,0.39103166777505,0.40955421328544617,508868000
2010-01-14,0.4045234435656482,0.4074961744950114,0.3962911943120108,0.40315139293670654,608524000
2010-01-15,0.4001785996956157,0.40360869870752053,0.38600083530507273,0.3912603259086609,818192000
2010-01-19,0.38828757427812977,0.4010932883676321,0.3871442079222815,0.39857789874076843,545328000
2010-01-20,0.3935471164887249,0.3985779509210784,0.3882876251112694,0.3969772160053253,719728000
2010-01-21,0.39674854498504725,0.40383742797187044,0.3862295626033109,0.38988834619522095,608632000
2010-01-22,0.38531484373839703,0.3924037265534427,0.3741098635572021,0.3763965964317322,1067916000
2010-01-25,0.38257079218024787,0.39011701656081416,0.37982671802186224,0.3827994763851166,643676000
2010-01-26,0.38097006392213284,0.3834854809996158,0.3704510817472118,0.3706797659397125,714636000
2010-01-27,0.3704512053978011,0.3821135579079169,0.3663350793789358,0.38074150681495667,812504000
2010-01-28,0.38371422369726566,0.3850862746389289,0.36267625464516196,0.36793574690818787,687764000
2010-01-29,0.37205178682896456,0.37616791144643347,0.34644035688027175,0.3519285321235657,774700000
2010-02-01,0.35330054300241015,0.37959799733456423,0.3503277849248619,0.37891197204589844,949832000
2010-02-02,0.37753998501320624,0.38760162660729724,0.3763966185088783,0.3827994763851166,849812000
2010-02-03,0.37936932789110966,0.38760157656339456,0.3775399362683792,0.3860008418560028,562296000
2010-02-04,0.3825707538494876,0.3825707538494876,0.3594747418721087,0.36359086632728577,783480000
2010-02-05,0.3631335287354342,0.3718231188337375,0.3567306441787842,0.3709084093570709,604856000
2010-02-08,0.36976504858273884,0.3791406641162039,0.3629048500733758,0.37022238969802856,445160000
2010-02-09,0.37616794293898365,0.37799733483990383,0.36359091110266867,0.36724966764450073,930144000
2010-02-10,0.36953632629642275,0.3777685466956492,0.3670209097172141,0.37433844804763794,535828000
2010-02-11,0.38028407982824497,0.395605213626475,0.37754000552080397,0.39148908853530884,695980000
2010-02-12,0.38874506517858565,0.4047521992066377,0.3844002553006781,0.3967486321926117,780212000
2010-02-16,0.40200806672839584,0.40566685059837226,0.3972059163065529,0.4040661156177521,457024000
2010-02-17,0.4090968371812029,0.40932549407237095,0.39629112443574327,0.4079534709453583,876560000
2010-02-18,0.38554348532013194,0.38760156103575705,0.3706797232784084,0.3811987042427063,1515508000
2010-02-19,0.3795980758729452,0.3837142011965561,0.37731134261094035,0.3791407346725464,510548000
2010-02-22,0.3807414068443965,0.38645826672398864,0.37731130727264617,0.37982672452926636,458084000
2010-02-23,0.38097006392213284,0.38257077148961915,0.36679229822723763,0.3706797659397125,489764000
2010-02-24,0.37388113065105216,0.38211337883074536,0.37273776436276157,0.3784545958042145,445868000
2010-02-25,0.36976509527596524,0.37593929652206276,0.3603894785585653,0.37502458691596985,576972000
2010-02-26,0.3731951968343688,0.3759392984063928,0.3681643893856737,0.3704511225223541,393396000
2010-03-01,0.37067982953326,0.3871443036777638,0.3677070708207776,0.3853149116039276,555868000
2010-03-02,0.38874502237754394,0.39354714570123545,0.38234216401927884,0.3850862383842468,538648000
2010-03-03,0.38737298477724147,0.3894310338061592,0.3770826851126315,0.3802841007709503,399300000
2010-03-04,0.3818847131940275,0.3848574711397898,0.3761678814752554,0.3809700310230255,557396000
2010-03-05,0.3782260304618088,0.3953765289378828,0.3782260304618088,0.39263245463371277,632832000
2010-03-08,0.3928611109596461,0.39400447744354467,0.385314859453907,0.3869155943393707,439312000
2010-03-09,0.39080314097831953,0.4052095680366733,0.3905744567154827,0.4013221263885498,830832000
2010-03-10,0.4001786216396652,0.40658147893165975,0.3999499374556633,0.402236670255661,418520000
2010-03-11,0.39903516692966357,0.40040721721001743,0.3914889449077157,0.3930896520614624,540660000
2010-03-12,0.39743459886563237,0.3985779654127368,0.39240376425036577,0.39446184039115906,520352000
2010-03-15,0.39400448653410586,0.3978919272170514,0.3887449951348229,0.3924037516117096,358904000
2010-03-16,0.39217506356920934,0.4084108776317937,0.39194637938128335,0.40612414479255676,664988000
2010-03-17,0.40841094505022585,0.4193872699424809,0.40841094505022585,0.41389909386634827,651168000
2010-03-18,0.41458505284697583,0.41458505284697583,0.39560516473769053,0.3992639482021332,740964000
2010-03-19,0.40520948048193917,0.4063528470290436,0.38943100577589246,0.39446184039115906,584612000
2010-03-22,0.3894309111814918,0.40246530846037987,0.3894309111814918,0.4008646011352539,435336000
2010-03-23,0.40383737632781735,0.4111549153158397,0.4010932753548061,0.4090968668460846,493612000
2010-03-24,0.40566689030626013,0.4068102569700428,0.3946905376219327,0.3953765630722046,436252000
2010-03-25,0.40109339581921816,0.403608813379958,0.3956052467448912,0.3965199291706085,495184000
2010-03-26,0.39995002915706573,0.4040661545928167,0.39331851342058644,0.3965199291706085,344676000
2010-03-29,0.3990352337480965,0.4024653327633519,0.3935470589676856,0.40155065059661865,394456000
2010-03-30,0.4061241511260759,0.40818219980948217,0.3962911943120108,0.40315139293670654,324104000
2010-03-31,0.40155066237599607,0.40338005402313104,0.3958338032561975,0.3978918790817261,389840000
2010-04-01,0.399721277262847,0.4042947428254417,0.38965963666913567,0.3937757611274719,339664000
2010-04-05,0.3962912544135824,0.400407379664653,0.3958338859612332,0.3997213542461395,413636000
2010-04-06,0.39469046899209526,0.3956051785200762,0.3830281201453879,0.38988834619522095,809260000
2010-04-07,0.38737294441848547,0.39903529372733,0.38417150183370075,0.3924037516117096,817468000
2010-04-08,0.38988830927680657,0.39286106725624304,0.3839427933179337,0.3860008418560028,1037600000
2010-04-09,0.3850862959996898,0.3898884473018744,0.3830282194730333,0.3885163962841034,817572000
2010-04-12,0.3889735762596381,0.39720582443296404,0.3882875510351938,0.3956051170825958,546460000
2010-04-13,0.39720587099540894,0.40520943594547026,0.3956051634573978,0.4038374125957489,648696000
2010-04-14,0.4125270369864069,0.41458508581129094,0.4024653952891755,0.4088682532310486,900720000
2010-04-15,0.4102403271283327,0.4143564522706242,0.4061242019860412,0.4118410348892212,957596000
2010-04-16,0.3951478236921122,0.3967485312355973,0.3814273993279387,0.39011698961257935,1917736000
2010-04-19,0.38714423741219123,0.38943097029807494,0.3752532318575973,0.38828760385513306,1094492000
2010-04-20,0.3910316339543783,0.39514775785179285,0.3846287775872891,0.389659583568573,678188000
2010-04-21,0.39171786178750295,0.3921752030660256,0.3750246734112955,0.37959814071655273,895908000
2010-04-22,0.3734237969725721,0.38234207055360814,0.3681643064904232,0.3811987042427063,656932000
2010-04-23,0.38005522678581827,0.3809699359886465,0.36930759128756546,0.37593913078308105,752916000
2010-04-26,0.37639672450687883,0.38417160802181,0.37571069895908715,0.37959814071655273,491092000
2010-04-27,0.37685406720592485,0.3807415089780438,0.3677071325609316,0.3688504993915558,606704000
2010-04-28,0.3686217200590132,0.3747959211601555,0.3619901777955663,0.369536429643631,672164000
2010-04-29,0.3706798896666329,0.3811988753526203,0.36519171255480737,0.38074150681495667,987128000
2010-04-30,0.37616791490054885,0.3768539402197607,0.35901741822028443,0.35924607515335083,1068048000
2010-05-03,0.36107534144973125,0.363133416692217,0.34987033782285615,0.3553585112094879,1078972000
2010-05-04,0.3498703539634584,0.35055637907593545,0.3322624942032063,0.3372933268547058,1311376000
2010-05-05,0.33043321936051684,0.34003749174526243,0.3274604612447608,0.3315765857696533,1330840000
2010-05-06,0.32928979181975954,0.33614998900100446,0.29819019310078215,0.3247162997722626,1002888000
2010-05-07,0.3276892301815818,0.3276892301815818,0.30779462605421254,0.31922832131385803,1153712000
2010-05-10,0.3384367095903438,0.3425528332075236,0.3292897803343884,0.3329485356807709,979156000
2010-05-11,0.3297471648416481,0.33592133745184416,0.32677440698933063,0.32928982377052307,829124000
2010-05-12,0.3315766675902775,0.337522158028907,0.3295185911899728,0.33569279313087463,901236000
2010-05-13,0.3343207182518777,0.34964185262562575,0.33180530080722975,0.3350067436695099,1252000000
2010-05-14,0.3123680383874456,0.3132827206829253,0.2881286304371421,0.29636088013648987,2493068000
2010-05-17,0.2968182453754198,0.3007057135967531,0.2876713126381834,0.2970469295978546,856060000
2010-05-18,0.2995623609434385,0.3013917531944843,0.2856132756967297,0.2872140109539032,674112000
2010-05-19,0.2858417822292959,0.2922446374969922,0.28378373426396336,0.2917872965335846,826520000
2010-05-20,0.28332645458793265,0.2917873877252343,0.27463686452746383,0.2849271893501282,1129136000
2010-05-21,0.27669505736115724,0.2991050536450425,0.27669505736115724,0.29110148549079895,1069600000
2010-05-24,0.29018667822362637,0.29361677738754566,0.2817257451446214,0.2826404273509979,664564000
2010-05-25,0.2737222602157223,0.29155878651924744,0.2709781582767085,0.2901867628097534,966652000
2010-05-26,0.30184906872166467,0.307565901465255,0.2906440601882224,0.29155874252319336,995028000
2010-05-27,0.29887627731170663,0.3087092339992523,0.2981902520060628,0.3087092339992523,713560000
2010-05-28,0.3082519370373955,0.3082519370373955,0.2959035615469939,0.3004770278930664,545116000
2010-06-01,0.296360796784787,0.29979089531812947,0.28744252424209665,0.28767120838165283,527492000
2010-06-02,0.2881285895029082,0.29133003160227566,0.2862991979118416,0.2908726632595062,649088000
2010-06-03,0.2849270524516532,0.2911012225707534,0.28401234341845816,0.2904151976108551,586360000
2010-06-04,0.2819544749313231,0.28698528240011845,0.2750942482338629,0.27669498324394226,671456000
2010-06-07,0.27783822719952217,0.2796676183608191,0.26183107498317226,0.26297444105148315,577248000
2010-06-08,0.2618310692022592,0.2618310692022592,0.24902535861591274,0.255656898021698,967636000
2010-06-09,0.257029081244108,0.26388930904170155,0.24856817269976236,0.24948285520076752,697152000
2010-06-10,0.2545136544080824,0.26068782855862466,0.25382762900024214,0.2595444619655609,611768000
2010-06-11,0.25680051869346054,0.2666334818656375,0.2561144929353973,0.2654901146888733,442104000
2010-06-14,0.2693773778040101,0.2698347189173943,0.2590870800828402,0.2597731053829193,375080000
2010-06-15,0.26274582087065984,0.2739507990002171,0.26228845257149336,0.27257877588272095,528632000
2010-06-16,0.27074950477516196,0.2732649224983137,0.26549001233767133,0.2691487967967987,366480000
2010-06-17,0.27852437951167036,0.2801250872864476,0.2689200783429877,0.2794390618801117,859068000
2010-06-18,0.28103982297669916,0.2846986076646668,0.2789817736272267,0.28126850724220276,932832000
2010-06-21,0.2872139222827057,0.2878999203125487,0.2721214749460675,0.2746368646621704,579836000
2010-06-22,0.2780669353235305,0.28149703416085997,0.2629744895352799,0.26434653997421265,818164000
2010-06-23,0.26686195078055075,0.2700633653871374,0.2593157007935927,0.26731929183006287,614060000
2010-06-24,0.26571859336551473,0.2670906439604505,0.25314156286529044,0.25405624508857727,725028000
2010-06-25,0.25588579554807306,0.25611447987577446,0.2492542771650002,0.25337040424346924,507220000
2010-06-28,0.255199682302591,0.25748641551100043,0.24925416505672235,0.25382763147354126,372008000
2010-06-29,0.24833942274957466,0.2485681069443374,0.238049124665368,0.23964983224868774,660808000
2010-06-30,0.2401071697450028,0.24262258680930476,0.23347565531730652,0.23347565531730652,623072000
2010-07-01,0.23416165547528764,0.2389637776366924,0.22707275979654154,0.2373630702495575,737008000
2010-07-02,0.23827780091619197,0.23873514203046367,0.226386768385094,0.23439033329486847,737096000
2010-07-06,0.23347563530024143,0.24102185858616473,0.22981685211312597,0.23187492787837982,712020000
2010-07-07,0.23278958969377608,0.2444519362306352,0.23233224865037014,0.24307988584041595,608412000
2010-07-08,0.24468069297890407,0.24490934993844868,0.232789658762281,0.23576241731643677,783272000
2010-07-09,0.2369057795093201,0.2382778302812305,0.23370433679486546,0.23667709529399872,571516000
2010-07-12,0.23667703362548856,0.2439945994890023,0.23644837672975494,0.24102184176445007,565396000
2010-07-13,0.2449092750501597,0.2513121313797063,0.24353725193240042,0.24971142411231995,723316000
2010-07-14,0.2606877645916841,0.26251715614369636,0.24856807622710647,0.252226859331131,1355664000
2010-07-15,0.2524555441801607,0.25268422837197485,0.24216524622863458,0.2451380044221878,953088000
2010-07-16,0.24513796897485965,0.24582399419109566,0.2289021569839505,0.22981683909893036,1288604000
2010-07-19,0.2330183560974359,0.2401072129224907,0.23141762099047775,0.23919253051280975,798440000
2010-07-20,0.2330183147161669,0.24651002779305425,0.230960238769858,0.2451380044221878,1160988000
2010-07-21,0.24742465939677852,0.24765331625659215,0.23484760526710996,0.23713433742523193,624940000
2010-07-22,0.23964979135004078,0.24353725843753316,0.23827776819563337,0.24102184176445007,462612000
2010-07-23,0.24079310315390623,0.24102178725792534,0.23461893220534277,0.23690566420555115,817604000
2010-07-26,0.23621973773841606,0.24216525432428268,0.23256095410711242,0.24125054478645325,683548000
2010-07-27,0.2419366050018636,0.24239394620670404,0.2362197717913302,0.23919253051280975,683472000
2010-07-28,0.23530502288227773,0.23942114708260928,0.2309602145141487,0.23164623975753784,1320808000
2010-07-29,0.21495308968474325,0.21952655532803478,0.20740686592131113,0.20877890288829803,2664476000
2010-07-30,0.20717822831690758,0.21380975728042756,0.20397679913141464,0.21015098690986633,984288000
2010-08-02,0.2138097381328248,0.21472443405105132,0.20900758796963667,0.20992228388786316,917020000
2010-08-03,0.2083215809480915,0.2085502515253004,0.20283341894505802,0.2044341266155243,955444000
2010-08-04,0.2062634957232567,0.21380971934813162,0.2053487998853927,0.21312369406223297,855496000
2010-08-05,0.21380972531444048,0.21632512871625634,0.20992227130254063,0.2158677875995636,800504000
2010-08-06,0.2149530790520922,0.22066991082342363,0.21312368743326532,0.21838317811489105,739904000
2010-08-09,0.22066995238342135,0.22089863660134562,0.2151817901233267,0.2204412817955017,466456000
2010-08-10,0.21678250007807218,0.21723984122981746,0.21037964217361454,0.21129433810710907,772560000
2010-08-11,0.20694951277097998,0.20694951277097998,0.20237604709250617,0.20306207239627838,796148000
2010-08-12,0.19940331214739937,0.20946495416658234,0.1978026044257138,0.20489148795604706,1343584000
2010-08-13,0.2115230074684738,0.21769719476160826,0.2110656526893506,0.21472443640232086,1797392000
2010-08-16,0.21175171292685435,0.21609650907926217,0.2064922206955176,0.20923630893230438,814008000
2010-08-17,0.21129434601286579,0.21586781222145449,0.20923628349299997,0.21198035776615143,481224000
2010-08-18,0.21129431601650747,0.21495308573796099,0.2099222654447102,0.21312369406223297,352920000
2010-08-19,0.21541044174833168,0.22661544950005108,0.21426707527938113,0.22592942416667938,1615100000
2010-08-20,0.22432872788564204,0.23347567372896225,0.22410005730630997,0.22798749804496765,1305308000
2010-08-23,0.22867352472129973,0.23439035738733055,0.22387137437783047,0.22455739974975586,748620000
2010-08-24,0.21723978835358837,0.22455734041044614,0.21678244731316004,0.22227060794830322,641332000
2010-08-25,0.21975517558085833,0.22867343371668974,0.21861179587267598,0.22684404253959656,757532000
2010-08-26,0.2298168858417803,0.2323323030595933,0.2241000533103943,0.2241000533103943,657596000
2010-08-27,0.22547207864220745,0.23324697320573073,0.2197552464087349,0.23141758143901825,1060416000
2010-08-30,0.228673532000646,0.23050292396401242,0.2204412817955017,0.2204412817955017,602804000
2010-08-31,0.2172398225282631,0.22410003462389388,0.21266635688451105,0.21335238218307495,931488000
2010-09-01,0.2165538008993694,0.2192978747074066,0.21380971346133007,0.21495307981967926,851440000
2010-09-02,0.215639125523783,0.2195265660585997,0.21358106315770217,0.218840554356575,596292000
2010-09-03,0.22410008200417672,0.2270728271231255,0.22135599385975593,0.22638681530952454,566484000
2010-09-07,0.2257007567426241,0.2337043221367577,0.22524341560067507,0.22844484448432922,899820000
2010-09-08,0.22890221916808104,0.23759181066103402,0.2263868017785387,0.23599107563495636,1224156000
2010-09-09,0.2389637785205872,0.239192462688168,0.2298168479774078,0.23278960585594177,697748000
2010-09-10,0.23439032483942376,0.2350763501160863,0.2282161518694701,0.23027420043945312,609292000
2010-09-13,0.23439035821923654,0.2462813920147914,0.23439035821923654,0.2433086335659027,1015792000
2010-09-14,0.24125049866018372,0.24422325638473594,0.23896376614283615,0.24102184176445007,698536000
2010-09-15,0.23873509984193877,0.24170785744937678,0.23553365808777443,0.24147917330265045,555572000
2010-09-16,0.2382778655540876,0.24376601493413552,0.2382778655540876,0.2417079657316208,365280000
2010-09-17,0.2439946461399345,0.24422330307938656,0.24056454670809,0.24125054478645325,416884000
2010-09-20,0.24125044477976723,0.2458239360530294,0.23896371277313405,0.24490922689437866,443168000
2010-09-21,0.2435373405084971,0.26228854801781754,0.2435373405084971,0.2581724226474762,1779624000
2010-09-22,0.2572576533615919,0.26274582775538663,0.2556569460525691,0.2604590952396393,999996000
2010-09-23,0.2634319056868832,0.2739508893571585,0.26114517247682417,0.26571863889694214,1240872000
2010-09-24,0.27166416289283607,0.2812684644215778,0.26960611385668326,0.28035375475883484,1086976000
2010-09-27,0.282411847756729,0.28264050474092933,0.2707494965021274,0.2744082808494568,999504000
2010-09-28,0.27463685396093407,0.2776096119277722,0.26892002220163147,0.27372217178344727,723192000
2010-09-29,0.2712068609457261,0.2796677970656761,0.2686914430841169,0.27166420221328735,974904000
2010-09-30,0.2750942441052692,0.27829568681737155,0.26480394510352906,0.26709067821502686,787632000
2010-10-01,0.27097812789619846,0.2714354963414318,0.2574864130020501,0.2595444619655609,999120000
2010-10-04,0.25702908635139465,0.26137389646753684,0.25176959371607216,0.25702908635139465,749500000
2010-10-05,0.26251716594246677,0.2629745070325399,0.2581723574367621,0.2588583827018738,753588000
2010-10-06,0.2588584966749575,0.2600018635335565,0.24399472751317036,0.2465101182460785,1057604000
2010-10-07,0.24765331344078093,0.247881997557992,0.23736301884623232,0.24468058347702026,761488000
2010-10-08,0.24376590505128642,0.2503974454278789,0.2403358064199457,0.24833936989307404,706932000
2010-10-11,0.24948279637262896,0.25154087240461603,0.24605269691265783,0.24719606339931488,442680000
2010-10-12,0.2451380169294067,0.2531415824111669,0.24307994087809243,0.2519982159137726,605208000
2010-10-13,0.25611434361907337,0.26297454268011805,0.253370269446657,0.25931575894355774,968732000
2010-10-14,0.2595444224779176,0.26000176359356025,0.25405624731018833,0.2551996409893036,599172000
2010-10-15,0.25931578929145926,0.26228854801781754,0.255199691181129,0.2581724226474762,639940000
2010-10-18,0.2584010547827611,0.2609164717963826,0.2538275891289078,0.2597731053829193,448156000
2010-10-19,0.25405629727713486,0.26000181472985134,0.25199824822196976,0.2581724226474762,866136000
2010-10-20,0.25840110688027723,0.26526130674417575,0.2538276403043449,0.2581724226474762,763532000
2010-10-21,0.2584010787372589,0.25885841989304,0.24971148773738736,0.2535989284515381,1014428000
2010-10-22,0.255199619233589,0.27189277298150155,0.2524555182536556,0.2698346972465515,1322676000
2010-10-25,0.2718928211100751,0.2744082383669413,0.269377403853209,0.27235016226768494,673136000
2010-10-26,0.26914873642989784,0.2755515941672783,0.2668620034708339,0.2714354693889618,675248000
2010-10-27,0.2689201727264804,0.2762377160222942,0.2682341470793686,0.2753230333328247,496796000
2010-10-28,0.2789816866968651,0.2798963689538357,0.2730361702465373,0.27555158734321594,704448000
2010-10-29,0.27509419479601,0.27783829584594816,0.2721214640919171,0.2748655378818512,554664000
2010-11-01,0.2766950846270482,0.28103986829205724,0.2730362993491317,0.2753230333328247,473920000
2010-11-02,0.2764662493434653,0.28561318028299953,0.2748655418810477,0.2810397148132324,581036000
2010-11-03,0.2828691194047211,0.284927195316351,0.27555157977005024,0.2830978035926819,671748000
2010-11-04,0.2858419429998864,0.28881470182404634,0.283097868416051,0.28355520963668823,700016000
2010-11-05,0.28561324553321293,0.2908727374770113,0.2842412219348377,0.28835734724998474,735116000
2010-11-08,0.2881286624925158,0.2920161035708081,0.28584192923940144,0.28950071334838867,605156000
2010-11-09,0.28950061614907846,0.2917873486344265,0.28629917431359025,0.2878998816013336,633964000
2010-11-10,0.289958137265514,0.2913301885128021,0.28584201078366817,0.2913301885128021,521016000
2010-11-11,0.28446987890456155,0.29315947073431403,0.2805824378191491,0.28835734724998474,1089980000
2010-11-12,0.29933363611195546,0.3128253770532898,0.2979615854196139,0.30322107672691345,2142560000
2010-11-15,0.30459304887298616,0.30893782951165466,0.2988762178957905,0.2995622158050537,733548000
2010-11-16,0.29453152051802073,0.29864764581814895,0.29018673824900293,0.2906440794467926,739356000
2010-11-17,0.29041538232766695,0.2988763167812809,0.2876713080027154,0.2954462170600891,551764000
2010-11-18,0.2993336835095363,0.3075659344470955,0.2993336835095363,0.30459317564964294,993120000
2010-11-19,0.3039070537470355,0.31556940099741837,0.30344971267564863,0.3144260346889496,716484000
2010-11-22,0.31236809371418606,0.31648419203289707,0.3096239918216955,0.3146548271179199,462668000
2010-11-23,0.31099597827237385,0.3141973934696742,0.3050504617516654,0.3073371946811676,457832000
2010-11-24,0.3105386587682794,0.3160268072773454,0.310309974555398,0.31488344073295593,397784000
2010-11-26,0.3146547797981305,0.31648414443799616,0.31099599599838257,0.31099599599838257,143104000
2010-11-29,0.30962388528937945,0.31556940099741837,0.30825186207521876,0.3144260346889496,468192000
2010-11-30,0.309623991093539,0.3128254342072449,0.30550786552449566,0.31122469902038574,720936000
2010-12-01,0.3173988091146972,0.3270030811552836,0.316941468019432,0.32494503259658813,626536000
2010-12-02,0.32494491927778696,0.33089043322285455,0.32471623517990167,0.32883235812187195,529316000
2010-12-03,0.3272318147004006,0.3382081389427185,0.3265457893240041,0.3382081389427185,606044000
2010-12-06,0.3393515745525499,0.3400376000685751,0.3304333246242651,0.33180534839630127,438424000
2010-12-07,0.3395801422717763,0.3505564649812066,0.33889411699118605,0.34255290031433105,1026812000
2010-12-08,0.34209567111452743,0.34918452863940225,0.33958025334956343,0.3455257713794708,613252000
2010-12-09,0.33729343182955257,0.3420955818514528,0.3324912818076523,0.3398088216781616,942408000
2010-12-10,0.33980895289422125,0.3450684460777123,0.33889427027970853,0.34186702966690063,451900000
2010-12-13,0.3432390006199803,0.343924998790511,0.33226264825133806,0.3331773579120636,609108000
2010-12-14,0.3395801914960521,0.34575436539634036,0.3331773333824164,0.3336346745491028,755160000
2010-12-15,0.33432063621644725,0.33843676045221766,0.32585970357514005,0.32631707191467285,624176000
2010-12-16,0.3297472364566247,0.33157662839843793,0.3258597683577681,0.3267744779586792,631872000
2010-12-17,0.32700309910251363,0.33043322565527256,0.3231156586893948,0.3286038339138031,593156000
2010-12-20,0.32974724176603704,0.331347949518394,0.3270031401791286,0.32723182439804077,344088000
2010-12-21,0.3304332803451797,0.3400375545024872,0.33020459611714437,0.3400375545024872,466952000
2010-12-22,0.33935145781257187,0.3441536075127509,0.3361500428524557,0.343696266412735,477988000
2010-12-23,0.3436963680874369,0.3436963680874369,0.3398088994372711,0.3411809504032135,273784000
2010-12-27,0.34026620241252914,0.3455256937558815,0.33409200151467644,0.343010276556015,255500000
2010-12-28,0.3430102879853949,0.34529702105783017,0.3395801883767419,0.3416382372379303,194260000
2010-12-29,0.3414095802866919,0.3441536545216125,0.3384368218405243,0.3416382372379303,177660000
2010-12-30,0.3411809253028284,0.3448397094361593,0.34003755866866386,0.3427816331386566,174488000
2010-12-31,0.3430103314978199,0.3526146334284044,0.34255299027731867,0.35215726494789124,391252000
2011-01-03,0.35490136983049847,0.3651916700499607,0.3544440013460682,0.36176156997680664,817448000
2011-01-04,0.3624475660855862,0.3640482738714001,0.35261460788700083,0.3606181740760803,651384000
2011-01-05,0.3672496394969981,0.38874497224031485,0.36359088323558797,0.38828760385513306,1428216000
2011-01-06,0.3983493154706753,0.44225464372482864,0.3972059488252031,0.44202595949172974,3493312000
2011-01-07,0.4369951016284649,0.45574633427351785,0.42716214415215836,0.4543742835521698,2579984000
2011-01-10,0.4461421020045111,0.4726682201023845,0.4427120019363385,0.4717535376548767,1750348000
2011-01-11,0.4781562660773115,0.4827297313260275,0.4543742031679833,0.4644358158111572,2711088000
2011-01-12,0.4646646380055687,0.5344100269345788,0.4630639302389378,0.5339527130126953,3431896000
2011-01-13,0.5282356866166513,0.5451575503622248,0.5117711911690671,0.5348672270774841,2695192000
2011-01-14,0.5257204129615868,0.5483590855536153,0.5225189977312023,0.5394408106803894,1595352000
2011-01-18,0.532123184856323,0.5357819680826504,0.5138293232446943,0.526863694190979,1813348000
2011-01-19,0.5270922612357016,0.5396692603884022,0.5113137935619563,0.5124571323394775,1197896000
2011-01-20,0.5074265688033535,0.51588747560254,0.4982795821198906,0.5129147171974182,1111408000
2011-01-21,0.5184028151191618,0.5257203819454784,0.5071978079538677,0.5081124901771545,739244000
2011-01-24,0.5314371129802562,0.5728270639301677,0.5254916520939741,0.5655094981193542,2056900000
2011-01-25,0.5629941902195825,0.5689397070622605,0.5444716688435625,0.548130452632904,1086856000
2011-01-26,0.5538470526726869,0.5716835965879912,0.5499596133752479,0.5611646175384521,1074660000
2011-01-27,0.5691681716646851,0.5705401672855942,0.5488162399612869,0.5595638751983643,657396000
2011-01-28,0.5609363021978241,0.5703118935928819,0.5305226853747704,0.5433284044265747,1094796000
2011-01-31,0.5442427725682748,0.5545330395232263,0.535324501225989,0.5469868183135986,750160000
2011-02-01,0.5517889970932436,0.5636799711010773,0.5481302148908359,0.5595638751983643,654104000
2011-02-02,0.5563626814595959,0.5984386116635938,0.5563626814595959,0.584946870803833,1606616000
2011-02-03,0.5858616510879471,0.5858616510879471,0.5613935551828735,0.5739706158638,1030776000
2011-02-04,0.5819743564733706,0.5915786062480064,0.5796876225479758,0.5870051383972168,872900000
2011-02-07,0.579001518320245,0.5815169089407097,0.5604789378749181,0.5625370144844055,934236000
2011-02-08,0.5632227180655153,0.5668815006620106,0.543328097919572,0.5458435416221619,1076584000
2011-02-09,0.5479016581699022,0.5533898602825948,0.5227475983934243,0.532580554485321,1277520000
2011-02-10,0.5206894303424694,0.5307510960862843,0.5168019908814494,0.5218328237533569,1042352000
2011-02-11,0.5200034020756152,0.5536184157777586,0.5115424980618779,0.5366965532302856,1359276000
2011-02-14,0.5430996368836722,0.5602501626366341,0.5264064795651966,0.5284645557403564,1287828000
2011-02-15,0.5293791322809749,0.5312084966132429,0.5133719490335966,0.5156587362289429,886980000
2011-02-16,0.5225188959180446,0.542184806387082,0.5206894771999926,0.5346385836601257,1318364000
2011-02-17,0.519546241849913,0.5947798272329851,0.5170307974257887,0.5872336030006409,3470096000
2011-02-18,0.584032131084125,0.593407774364935,0.5769432752786462,0.5860902070999146,1394412000
2011-02-22,0.5668815767529516,0.568482284131277,0.5289217499240699,0.5307511687278748,1396648000
2011-02-23,0.5307511056463203,0.535781884088845,0.49805077316991214,0.5055969953536987,1491604000
2011-02-24,0.5081123410127273,0.5268635664254377,0.5044536131936573,0.5179453492164612,1246120000
2011-02-25,0.5318944946259319,0.5373826418616581,0.5245769286316271,0.5286930799484253,775652000
2011-02-28,0.5373825930798197,0.5376113044788833,0.5062830222071493,0.5181740522384644,903696000
2011-03-01,0.5190889634048664,0.525720506504933,0.4950782358646393,0.4950782358646393,988448000
2011-03-02,0.4943923144680734,0.5037679613816314,0.4630640662935879,0.4744977355003357,1718140000
2011-03-03,0.4854738855011885,0.48821798706740044,0.46283521113999454,0.4772416353225708,1593704000
2011-03-04,0.4776988983666531,0.4825010205280579,0.4694666500042403,0.474726140499115,959760000
2011-03-07,0.4781563760118314,0.4797570837649054,0.45620369960677754,0.46809470653533936,1019140000
2011-03-08,0.4731254186248272,0.475640808081874,0.4372236684069536,0.4470566511154175,1947184000
2011-03-09,0.44568467398012834,0.45002948290963496,0.4337936409183265,0.43768110871315,1318976000
2011-03-10,0.4276194995851835,0.4308209150285547,0.4093256074830335,0.4097829759120941,1722736000
2011-03-11,0.41321306638451555,0.4241893904978049,0.403837449957329,0.41275569796562195,1486832000
2011-03-14,0.41595717163896595,0.42647615537835737,0.40932562893021557,0.4161858558654785,1003360000
2011-03-15,0.3958338203856818,0.4106976111243729,0.38897362185705786,0.4038374125957489,1256280000
2011-03-16,0.40017857592162787,0.4196158297610219,0.39560511084412386,0.4008646011352539,1476520000
2011-03-17,0.41161232209119236,0.4122983474439457,0.39331845807114413,0.408410906791687,1238516000
2011-03-18,0.41481366075276216,0.41618571111461283,0.4024652892761087,0.4029226303100586,886960000
2011-03-21,0.41161229270272304,0.4157284172653506,0.40200802022992915,0.40612414479255676,751832000
2011-03-22,0.40498094269245477,0.4088683846444715,0.39720603152840445,0.39903542399406433,718332000
2011-03-23,0.39834926561868345,0.4084109071956671,0.3896596747485637,0.4072675406932831,782396000
2011-03-24,0.4159571282728223,0.4447700020689745,0.4150424459821541,0.4397391676902771,1780592000
2011-03-25,0.44362667154482155,0.4447700381308645,0.4253327789081246,0.4260188043117523,1196392000
2011-03-28,0.4360803671615476,0.44911476649009113,0.4321929266863707,0.4417972266674042,1204284000
2011-03-29,0.4417972877989708,0.44339799559729776,0.4324216707144682,0.43836718797683716,715764000
2011-03-30,0.441797255894884,0.4436266477865824,0.41641448088008076,0.4219026565551758,1176320000
2011-03-31,0.42258860870657894,0.4271620740134461,0.41435636025021666,0.4221312403678894,655112000
2011-04-01,0.4276195219908995,0.42807686318391425,0.4104689955427577,0.4161858558654785,850072000
2011-04-04,0.4161859219725772,0.41732928876673203,0.3983493672717443,0.4013221263885498,924328000
2011-04-05,0.4072675782914616,0.41046899388968233,0.4010933768005913,0.4020080864429474,821076000
2011-04-06,0.40498078032782114,0.40543812144587504,0.39583382166671455,0.3992639482021332,856984000
2011-04-07,0.40017869456603206,0.41641451130874363,0.39857798676633055,0.41389909386634827,1021208000
2011-04-08,0.4171006045038952,0.4171006045038952,0.400178759594395,0.4013221263885498,746552000
2011-04-11,0.4029227219765763,0.40498079798757275,0.3917177414256214,0.3960625231266022,546208000
2011-04-12,0.3921751116166576,0.3999499933186027,0.38485754382658094,0.3972059190273285,840756000
2011-04-13,0.40132199492615694,0.4086395345597139,0.3962911881318369,0.40612414479255676,749588000
2011-04-14,0.4024653851015966,0.42350335027236236,0.40017865212738357,0.4232746660709381,1254704000
2011-04-15,0.42007328104135344,0.43310768174038605,0.41801520486044913,0.4278481900691986,969720000
2011-04-18,0.41778660592475886,0.42053068062038557,0.4070389368718669,0.41367048025131226,743584000
2011-04-19,0.4138990129118191,0.415499747658443,0.40086464157791407,0.4120696485042572,659860000
2011-04-20,0.4271621224973067,0.43333629591035916,0.4177865066500741,0.4246467053890228,650516000
2011-04-21,0.4292201111686676,0.43196421208836266,0.42258859755274425,0.4235032796859741,421300000
2011-04-25,0.4253326539026862,0.43722365745076025,0.42510396974868414,0.4301348030567169,619612000
2011-04-26,0.4337937437144844,0.4456847795941065,0.4294489610154009,0.44133996963500977,676000000
2011-04-27,0.44362673037033296,0.44362673037033296,0.43219303573377016,0.44133996963500977,450004000
2011-04-28,0.44133983826626344,0.45506026229412927,0.43630903157004886,0.4461419880390167,684000000
2011-04-29,0.4491146393881529,0.46740849739761003,0.4484286142607985,0.4573468863964081,836000000
2011-05-02,0.46695127070236797,0.4671799276141102,0.44888606619454885,0.451172798871994,613824000
2011-05-03,0.44591323450091774,0.44728525752442877,0.42418925039866806,0.42967739701271057,808000000
2011-05-04,0.4310496171516604,0.4358517677762383,0.41847258455015746,0.4264761507511139,639356000
2011-05-05,0.42304598094714607,0.43173557112227606,0.41732914889245604,0.4267047643661499,544000000
2011-05-06,0.43562302603388087,0.44591335133641763,0.4321929266863707,0.4417972266674042,841080000
2011-05-09,0.44316927098446635,0.4539169379223592,0.4420259044812869,0.45163020491600037,706328000
2011-05-10,0.45528904289426686,0.45574638409804574,0.44774279036186554,0.4523162841796875,690976000
2011-05-11,0.45460296775906384,0.4591764065568721,0.44820010982611946,0.4543742835521698,616000000
2011-05-12,0.452773536770188,0.46923803496401423,0.4516301703545059,0.46878066658973694,1224000000
2011-05-13,0.43905311065606956,0.44019647706689247,0.41435639073029423,0.41755780577659607,2025192000
2011-05-16,0.41641448484490545,0.417329194429468,0.40452347832566016,0.40475213527679443,728188000
2011-05-17,0.40338007712819884,0.40360873405968506,0.39148904437072135,0.40315139293670654,1420364000
2011-05-18,0.40475220403341466,0.41595721434268146,0.40338018031351325,0.4125271141529083,658844000
2011-05-19,0.4157283922358398,0.4159570764099975,0.40040728858738217,0.40658146142959595,650884000
2011-05-20,0.40566691315406,0.41458516272985013,0.4038375209369712,0.41367048025131226,575820000
2011-05-23,0.4077248101972672,0.4161857426361688,0.4024653197584914,0.41321298480033875,588000000
2011-05-24,0.4152711875882908,0.43150700600778685,0.4141278208618478,0.4148138463497162,720372000
2011-05-25,0.41275568463197376,0.4225886691604095,0.4086395598149564,0.4198445677757263,545312000
2011-05-26,0.41984452454718907,0.43402228937490606,0.41870115817463155,0.4303635060787201,706436000
2011-05-27,0.43219297794887346,0.44659940236916634,0.4317356367669614,0.4459134042263031,658824000
2011-05-31,0.45460285350673624,0.45849032048687505,0.4436265322745818,0.4582616090774536,1200716000
2011-06-01,0.456203656377874,0.45688968170990213,0.43676639918377697,0.43768110871315,762208000
2011-06-02,0.43836715117134206,0.44156856649920384,0.4303635583316719,0.43562304973602295,607592000
2011-06-03,0.4305921729935965,0.4344796130524329,0.4200731918838006,0.4221312403678894,549300000
2011-06-06,0.4214452330749446,0.42533267304795175,0.4127556164717473,0.41321298480033875,435988000
2011-06-07,0.4164144706756781,0.41870120366926167,0.41115497933843437,0.41298437118530273,433956000
2011-06-08,0.410926404078144,0.4134417945150853,0.3985780271022044,0.401779443025589,569288000
2011-06-09,0.4015507283101876,0.40246541065394265,0.3827994949231276,0.3972059190273285,741632000
2011-06-10,0.39789194675934403,0.40040736410950367,0.3882876457932866,0.39148908853530884,493548000
2011-06-13,0.39148911418871585,0.3965199219586835,0.3860009379541967,0.3887450397014618,574760000
2011-06-14,0.39217497009647884,0.40063587413304463,0.3903455788091134,0.39194628596305847,534576000
2011-06-15,0.38668703150919964,0.38897376519474064,0.3754820200940391,0.3834856152534485,935916000
2011-06-16,0.38371412978911257,0.3896596460678961,0.36473424179454045,0.37022238969802856,1024908000
2011-06-17,0.37456726836372806,0.37479595259406423,0.3500992006382105,0.36153286695480347,1467884000
2011-06-20,0.35833138258866987,0.365877606362815,0.35444391497834876,0.35718801617622375,745960000
2011-06-21,0.35856004812983777,0.3677070069091746,0.3551299488100888,0.3649629056453705,704276000
2011-06-22,0.36244745183541416,0.36724957367913785,0.3592460100129304,0.3599320352077484,651720000
2011-06-23,0.3553586338023262,0.37319515575718926,0.35215719140734725,0.3706797659397125,744024000
2011-06-24,0.36885030822038045,0.3720517227828629,0.35764530273168915,0.3599320352077484,529052000
2011-06-27,0.3599320112772364,0.3622187436012595,0.3398087341138333,0.3523857891559601,1142152000
2011-06-28,0.3523858591413732,0.3585600321904543,0.34987044218137486,0.35444390773773193,692200000
2011-06-29,0.3567305933852646,0.36359081807344384,0.344382248918545,0.3599320352077484,960544000
2011-06-30,0.36084674624445157,0.3683929694728715,0.35535859876560266,0.3645055294036865,652300000
2011-07-01,0.36450560592680686,0.37067980721170807,0.3571880653321199,0.3693077564239502,540804000
2011-07-05,0.36885041229578763,0.37228051197771883,0.3599321367667611,0.36313357949256897,535296000
2011-07-06,0.362904757372315,0.3635907825000129,0.3539864852322396,0.3583312928676605,529580000
2011-07-07,0.3601607899856137,0.36199015451719196,0.3533005639521684,0.3597034215927124,986136000
2011-07-08,0.35467267671887,0.35718809428028403,0.34987052583253836,0.3528432846069336,619516000
2011-07-11,0.3462117916933721,0.34758381542276917,0.33958024825790645,0.34049493074417114,714388000
2011-07-12,0.33889404494721054,0.3420954864893834,0.3302044568470256,0.3359212875366211,867604000
2011-07-13,0.3404948787294728,0.34278161185582184,0.33203397161398335,0.3352353870868683,634368000
2011-07-14,0.3366073245750065,0.3386653727920412,0.32037151393839947,0.32197222113609314,1088996000
2011-07-15,0.3238016777748252,0.3258597264069084,0.31579811291227106,0.3224296271800995,827736000
2011-07-18,0.3199141788999991,0.32174354301156416,0.31145324721400897,0.31556937098503113,818200000
2011-07-19,0.31648411800495274,0.3258597336712416,0.31648411800495274,0.3251737356185913,602224000
2011-07-20,0.32631713911436133,0.3281465038092061,0.320142937859228,0.32105764746665955,662956000
2011-07-21,0.3215149723292386,0.3384368129781459,0.3167128220988712,0.33615007996559143,1143420000
2011-07-22,0.3391228359144094,0.34415364305413476,0.3347780268655498,0.343010276556015,737192000
2011-07-25,0.3377507438546557,0.3391227943883931,0.332719937330959,0.33752205967903137,566920000
2011-07-26,0.32791777329714483,0.3361500216174082,0.32448767437370224,0.32928982377052307,698276000
2011-07-27,0.32471638088700655,0.32631711577049716,0.3160267901680873,0.316941499710083,652212000
2011-07-28,0.31579822817950354,0.32288708614635825,0.31076739233591033,0.3162555694580078,648176000
2011-07-29,0.31305412598844706,0.3192283286583087,0.3114534178836744,0.3162555694580078,677656000
2011-08-01,0.3235730564045043,0.3340920403127784,0.3208289819423491,0.3331773579120636,1019620000
2011-08-02,0.3308906860646079,0.3516999735132406,0.3297473192214966,0.3297473192214966,1356432000
2011-08-03,0.3304332625171218,0.3398088519405472,0.32723181979740834,0.3386654853820801,765236000
2011-08-04,0.3324913049897964,0.3324913049897964,0.30642253160476685,0.30642253160476685,979732000
2011-08-05,0.3135113534129425,0.3173987934204834,0.2881285831307553,0.2961321473121643,1270588000
2011-08-08,0.28172584567630254,0.2917874898368884,0.2709781759861289,0.2728075683116913,1084180000
2011-08-09,0.27806702226794855,0.29613223148241224,0.27440826538679924,0.2956748902797699,1329832000
2011-08-10,0.28698520024482127,0.29521744811711914,0.2805823438174787,0.28218305110931396,1140052000
2011-08-11,0.2821831104158858,0.31076729982336226,0.2821831104158858,0.30665117502212524,1078792000
2011-08-12,0.33935150024498373,0.3398088414021855,0.28972934407840506,0.2945314943790436,3195784000
2011-08-15,0.2975042328261819,0.3064225074631715,0.29590352525339086,0.3057364821434021,864152000
2011-08-16,0.30230642137376745,0.3064225465575258,0.2915587535995069,0.2970469295978546,716868000
2011-08-17,0.29796158900708947,0.30299242343290855,0.2890433411795151,0.2929307818412781,553328000
2011-08-18,0.2796677239834764,0.28241179813178297,0.2698347393703633,0.2730361819267273,802564000
2011-08-19,0.26846266887273323,0.28332643076922887,0.26640459317721676,0.268233984708786,761332000
2011-08-22,0.27578025607503387,0.2789816986313978,0.270063423574392,0.2730361819267273,611876000
2011-08-23,0.27966772683236163,0.30276374127422934,0.2792103584196451,0.3025350570678711,938312000
2011-08-24,0.30184917019308605,0.3027638528355422,0.2904154736022769,0.2981903851032257,687500000
2011-08-25,0.29224470377406975,0.2975041941960288,0.2849271649200411,0.28538450598716736,690968000
2011-08-26,0.2842411609345641,0.300476974481091,0.27921032704014404,0.2975042164325714,732660000
2011-08-29,0.30596514747972803,0.3066511454972124,0.2988762650456829,0.3055077791213989,601528000
2011-08-30,0.30344976549057323,0.3153407717162578,0.3013916894211229,0.31282538175582886,684760000
2011-08-31,0.315112140482835,0.31831355606097184,0.3018490824619637,0.30436447262763977,705808000
2011-09-01,0.3084805431396037,0.3151120846040745,0.30344973644035345,0.30367839336395264,762312000
2011-09-02,0.2968182405925602,0.3009343657099922,0.2931594566526185,0.2954462170600891,471356000
2011-09-06,0.28584175961237984,0.30207756697868393,0.2830976867890594,0.3013915419578552,696248000
2011-09-07,0.32585978507995605,0.3347780610314527,0.3169415363884698,0.32585978507995605,1606620000
2011-09-08,0.3226583054464026,0.33043321324053443,0.31899952210092825,0.3242590129375458,880164000
2011-09-09,0.32151494081830995,0.33020453086637186,0.31465474245299874,0.3173988163471222,869828000
2011-09-12,0.3130540005596669,0.3276891064281836,0.3130540005596669,0.32494503259658813,916480000
2011-09-13,0.32768928645506207,0.33386349004315913,0.3226584771232958,0.3322627544403076,853836000
2011-09-14,0.3409521620978719,0.3537578753145054,0.3407234779382882,0.34941306710243225,1547192000
2011-09-15,0.35718800887955016,0.359017400554094,0.351242492752284,0.35444390773773193,752908000
2011-09-16,0.3551299522406758,0.3681643515896404,0.3516998528877917,0.3535292446613312,1391588000
2011-09-19,0.3475837848448872,0.35009920235084707,0.3372934851096148,0.3462117612361908,968204000
2011-09-20,0.35055637907593545,0.3519284293008895,0.33569261976559145,0.3372933268547058,792436000
2011-09-21,0.3391229069320044,0.3450683976113005,0.3306619712660611,0.3308906555175781,715252000
2011-09-22,0.3178561208172921,0.31831346187026616,0.30299235940562114,0.30893784761428833,1314632000
2011-09-23,0.3071085062224288,0.3242590014333587,0.30527911461459545,0.31534072756767273,1011440000
2011-09-26,0.3192283097155947,0.3201429922183268,0.30184912408357395,0.31602686643600464,972124000
2011-09-27,0.3240305273425296,0.326774602672524,0.31396888145252416,0.316484272480011,781388000
2011-09-28,0.31717030025493387,0.32517389651613243,0.3018491879046808,0.30687999725341797,1236532000
2011-09-29,0.3123679383100068,0.317627427973982,0.29155863652471425,0.2993335425853729,866416000
2011-09-30,0.29453155336832487,0.2961322613691275,0.2856132763466868,0.28607064485549927,677784000
2011-10-03,0.28241180492531315,0.29133008019685175,0.2700634300708771,0.2700634300708771,949896000
2011-10-04,0.2634318915062956,0.29498884081840515,0.26228852496281374,0.29498884081840515,1361548000
2011-10-05,0.29430277228242446,0.3082518802313549,0.28835728348419737,0.3055077791213989,856708000
2011-10-06,0.30710847938371305,0.3185421418584597,0.3066511110767219,0.3176274597644806,773192000
2011-10-07,0.3189994395038817,0.32837505236157266,0.3123679270747818,0.32357290387153625,806976000
2011-10-10,0.32906116176322553,0.33797943592071533,0.32837513648034095,0.33797943592071533,534376000
2011-10-11,0.33523531675814594,0.3407234914660297,0.3331772682801917,0.33432063460350037,816080000
2011-10-12,0.34072344184457914,0.34095212597993774,0.3338632449038157,0.3340919017791748,612064000
2011-10-13,0.33249128015563706,0.3542152699839093,0.33157659789887056,0.3535292446613312,854832000
2011-10-14,0.359703405299118,0.3633621887165549,0.3507851582016231,0.3594747483730316,702452000
2011-10-17,0.35535866293255053,0.35535866293255053,0.3398088453279804,0.3416382372379303,611780000
2011-10-18,0.33980873926198724,0.35490121099319255,0.3377506910431865,0.3539865016937256,590916000
2011-10-19,0.3544439761698423,0.36061817767097465,0.3459830687090446,0.34689775109291077,557568000
2011-10-20,0.33752203101497036,0.33889408143218636,0.31648407000433515,0.32951846718788147,990308000
2011-10-21,0.3336346565010076,0.3391228319843856,0.325631091106921,0.33111923933029175,628428000
2011-10-24,0.33249135669214014,0.34872717493713246,0.3318053312116452,0.34346768260002136,535256000
2011-10-25,0.33866550255837075,0.34140960424587335,0.32974725385401854,0.33043327927589417,577996000
2011-10-26,0.33683605141878087,0.338665415728072,0.32471633567970465,0.33432063460350037,503116000
2011-10-27,0.3466689990143351,0.35215714633181633,0.3388940918445668,0.3487270474433899,577732000
2011-10-28,0.34575434605049843,0.3599321122445555,0.34483966376830444,0.3567306697368622,490156000
2011-10-31,0.34529704158995006,0.34735511783352463,0.3384368419647217,0.3384368419647217,519984000
2011-11-01,0.326088460238054,0.3270031426004567,0.3183135511175923,0.3215149939060211,790824000
2011-11-02,0.32471645925201503,0.3263171945218169,0.30939535014116226,0.31602686643600464,961608000
2011-11-03,0.319456925069881,0.3356927690871421,0.3109960176124446,0.3350067436695099,749372000
2011-11-04,0.332033959473549,0.3400375251231295,0.32677446802325166,0.33889415860176086,654840000
2011-11-07,0.3363786285003542,0.3420954864492785,0.3292897748020862,0.337064653635025,613536000
2011-11-08,0.3414095923855748,0.3468977410499053,0.33592141646123486,0.3448396921157837,549728000
2011-11-09,0.33683599149564264,0.34118077184727763,0.32608832816054806,0.327460378408432,532244000
2011-11-10,0.335464122467812,0.3388942226804874,0.32265840410315183,0.3308906555175781,990484000
2011-11-11,0.3402661675523666,0.3452969741766874,0.321743594016448,0.34255290031433105,1751560000
2011-11-14,0.3425528274925513,0.3459829259063086,0.3350066055302854,0.3359212875366211,500292000
2011-11-15,0.3327199736798898,0.34278158782649265,0.3318052641374668,0.3402661979198456,505660000
2011-11-16,0.33386331008478753,0.34278155694491197,0.33226257534476106,0.3334059417247772,512420000
2011-11-17,0.33272000277550745,0.33363468513791017,0.3155694767703745,0.3215149939060211,657504000
2011-11-18,0.3233443624523907,0.3233443624523907,0.3151121127474634,0.3185422122478485,501352000
2011-11-21,0.3135113742830383,0.3377507526071804,0.308709224550518,0.33454933762550354,1330788000
2011-11-22,0.33820814961470747,0.3466690840905637,0.33637875763992753,0.3448396921157837,1287480000
2011-11-23,0.34118083901315394,0.34369625587613417,0.32997583247624657,0.3302045166492462,825340000
2011-11-25,0.3258597706806409,0.3334059954569079,0.320142937859228,0.32105764746665955,406620000
2011-11-28,0.33157654929461616,0.3441535784115832,0.33157654929461616,0.3391227722167969,690616000
2011-11-29,0.33866536858363194,0.34529690869167046,0.33546395422802683,0.3409521281719208,623440000
2011-11-30,0.35124251593924105,0.3583313989235627,0.348269757679364,0.35741668939590454,730324000
2011-12-01,0.3544440013460682,0.36267625242564283,0.35284329343059867,0.36176156997680664,529760000
2011-12-02,0.3656489215374516,0.3670209721339918,0.3560446491416866,0.3594747483730316,546464000
2011-12-05,0.36542019074706295,0.36587753176679644,0.3510137441754579,0.3539865016937256,644696000
2011-12-06,0.35604466319632666,0.35673066126167063,0.34529699670585035,0.34895578026771545,573832000
2011-12-07,0.34666909412694935,0.349413168538558,0.33958021024195084,0.34689775109291077,510016000
2011-12-08,0.343467509498887,0.3491843401884825,0.334777921398702,0.3359212875366211,491488000
2011-12-09,0.33340600610833687,0.34346764855147177,0.3288325397050965,0.34072357416152954,555840000
2011-12-12,0.333406121436619,0.3347781727362005,0.32608857811223,0.3322627544403076,573208000
2011-12-13,0.33660747972533245,0.3407236053166212,0.3210576870804709,0.323115736246109,516596000
2011-12-14,0.32037154550919034,0.3222009370268306,0.30710849108130167,0.3105385899543762,636020000
2011-12-15,0.3157979503081122,0.31785599788050806,0.30710836462245716,0.30779436230659485,435148000
2011-12-16,0.3103098980332126,0.31625541350188174,0.30756582445536607,0.30893784761428833,619116000
2011-12-19,0.31030992994802603,0.313968713268122,0.2997909483477538,0.3009343147277832,463276000
2011-12-20,0.3077945219925217,0.31899952919988817,0.3077945219925217,0.31785616278648376,445208000
2011-12-21,0.3160267777070413,0.31945687701925884,0.3075658715222393,0.3137400448322296,548424000
2011-12-22,0.3146547920780783,0.3281465067536707,0.3146547920780783,0.32723182439804077,576560000
2011-12-23,0.32883255268173356,0.3292899211481146,0.3212863273665901,0.32403042912483215,248948000
2011-12-27,0.32265836048902935,0.3265458014192554,0.32060028428360876,0.3215149939060211,195712000
2011-12-28,0.3215149973848507,0.3222010227940804,0.31328274699411374,0.3135114312171936,233960000
2011-12-29,0.3167127717947102,0.3201428707687319,0.31213930649601457,0.3194568455219269,211112000
2011-12-30,0.31831352313306566,0.32174362258053324,0.31648413130908154,0.316941499710083,186956000
2012-01-03,0.3270031372449235,0.3292898976334979,0.32037162207608816,0.32105764746665955,468044000
2012-01-04,0.32128620118164014,0.3260883501125117,0.31831344361776726,0.3247162997722626,347372000
2012-01-05,0.3231156383642747,0.337979428291225,0.321743587829478,0.33637869358062744,563548000
2012-01-06,0.3361500019183261,0.33637865881048734,0.32860377927697604,0.3324912190437317,533252000
2012-01-09,0.3327199031958944,0.3388940754442712,0.33020448656211054,0.3324912190437317,508244000
2012-01-10,0.3375220970975625,0.3377507812985393,0.3288325063605527,0.33111923933029175,546328000
2012-01-11,0.3281465023958111,0.33111926090214344,0.3231156949866383,0.32448774576187134,484272000
2012-01-12,0.325173728369551,0.325402385295335,0.31534074454069216,0.3224296271800995,652364000
2012-01-13,0.320142951922907,0.32082897734361504,0.3123680698482433,0.3139687776565552,504300000
2012-01-17,0.31877078817854626,0.31877078817854626,0.30870915003893684,0.30916649103164673,627176000
2012-01-18,0.31511214172745233,0.3222010255841963,0.3135114339320615,0.31968560814857483,632676000
2012-01-19,0.3224296842207247,0.3286038857292553,0.3189995843871012,0.3281465172767639,608312000
2012-01-20,0.32768912541832307,0.3315765931033735,0.32403036918416617,0.3251737356185913,546272000
2012-01-23,0.32540231353554117,0.33432058591453334,0.3212861899190832,0.3340919017791748,562792000
2012-01-24,0.3318052795744569,0.3430102879853949,0.33157662262321846,0.3416382372379303,730920000
2012-01-25,0.33249120750286704,0.3404947709107351,0.322886909605425,0.33958008885383606,1274152000
2012-01-26,0.34461094226939926,0.34849840969798856,0.33454932921423747,0.33637869358062744,799672000
2012-01-27,0.3343205880638822,0.34278149222655246,0.33157651472193506,0.3409521281719208,449996000
2012-01-30,0.33500674215210746,0.3400375497586063,0.32997590728559856,0.3384368419647217,399076000
2012-01-31,0.33935144029614595,0.3395801244643522,0.3318052171253828,0.33775073289871216,357900000
2012-02-01,0.34163816131402763,0.3452969443208184,0.33683603928511746,0.34140950441360474,428020000
2012-02-02,0.3432389411146433,0.35558728768358605,0.33980881455659695,0.35421526432037354,696236000
2012-02-03,0.3594748365947039,0.3647343288255426,0.35878881112807065,0.36176156997680664,495232000
2012-02-06,0.3599320542662034,0.36038939533363124,0.35581593013934704,0.35901737213134766,278868000
2012-02-07,0.35947469416453687,0.36199008353220125,0.3535291788227822,0.3599320352077484,410296000
2012-02-08,0.3599320413865795,0.3800552929733505,0.3581026499223273,0.3729664385318756,847612000
2012-02-09,0.37754000519808584,0.3795980541119051,0.37205182932788583,0.372737854719162,561944000
2012-02-10,0.3690790140941852,0.3704510646659126,0.3615327904696947,0.36359086632728577,440268000
2012-02-13,0.3727378561333356,0.37410990692109347,0.3617615316113004,0.3693077564239502,610668000
2012-02-14,0.36930767751223553,0.37456716806147483,0.3661062354448708,0.3713657259941101,453756000
2012-02-15,0.37479593765002955,0.3864582877319521,0.3688504204984593,0.36976510286331177,1110856000
2012-02-16,0.34438229168890927,0.37914065144980635,0.34301024112887213,0.376167893409729,1888588000
2012-02-17,0.37639651920072814,0.3789119084905868,0.3590173420162475,0.36244744062423706,1020360000
2012-02-21,0.36221878052658074,0.37319510225284036,0.3615327553074391,0.36427685618400574,518176000
2012-02-22,0.36244759544343985,0.37136584472963563,0.3613042287523885,0.36176156997680664,492432000
2012-02-23,0.36244760524358155,0.3658777054094814,0.3567307443737356,0.3638196289539337,323968000
2012-02-24,0.36496290130831477,0.36542026968685115,0.3594747533659376,0.3610754609107971,366668000
2012-02-27,0.3565021119601766,0.3581028200292692,0.3487272013588466,0.3537580370903015,745268000
2012-02-28,0.3537579653568289,0.3578740904569993,0.34689773868320534,0.35055652260780334,699884000
2012-02-29,0.3516998964311412,0.3576454136162469,0.3462117476910512,0.3464404046535492,689196000
2012-03-01,0.34781236531047727,0.3528431715615022,0.3464403148511056,0.3487270474433899,449944000
2012-03-02,0.3475836752509524,0.3567306054649241,0.3475836752509524,0.3516997992992401,684076000
2012-03-05,0.349184437526631,0.34987046285261764,0.33729343182955257,0.3398088216781616,514848000
2012-03-06,0.33592134155523906,0.3386654152755123,0.3306618510230467,0.3366073668003082,471400000
2012-03-07,0.33843682842639206,0.34003753615624427,0.3338633621925233,0.3386654853820801,441984000
2012-03-08,0.3395801647428371,0.34323894830809504,0.33775077296020817,0.3398088216781616,430852000
2012-03-09,0.34072355048795233,0.34323896773896656,0.3370647667155694,0.33889415860176086,367836000
2012-03-12,0.3402662168760861,0.34255294996952684,0.33271999221572995,0.3336346745491028,299948000
2012-03-13,0.33500672353287975,0.34003753085977295,0.3334059885679517,0.3382081389427185,553288000
2012-03-14,0.3382081064815102,0.33889413179206196,0.3274604674828855,0.3286038339138031,735708000
2012-03-15,0.3295185014847231,0.3352353333848041,0.3283751351047069,0.3334059417247772,382380000
2012-03-16,0.33363472312678405,0.3352354310732561,0.33180533093366765,0.33386340737342834,428340000
2012-03-19,0.33569275023966333,0.33729345795092647,0.3331773329362435,0.3347780406475067,405400000
2012-03-20,0.3329485795995266,0.3329485795995266,0.3263170659182056,0.32928982377052307,449616000
2012-03-21,0.3292899288443976,0.33363471129647687,0.32563114458790116,0.33066195249557495,467840000
2012-03-22,0.3281464408722613,0.3329485904252222,0.32723175870027066,0.3302045166492462,425372000
2012-03-23,0.32928985264385113,0.33363463409051003,0.3270030925677083,0.33271995186805725,315456000
2012-03-26,0.33592134155523906,0.33820807419880067,0.3327199267582542,0.3366073668003082,288600000
2012-03-27,0.3379794762886692,0.34301028353068963,0.3372934509238464,0.33889415860176086,419968000
2012-03-28,0.34323891918964855,0.35124248370716743,0.3407235022944266,0.3466690182685852,892448000
2012-03-29,0.34621171185914384,0.35101383469471437,0.34186690290123867,0.3482697606086731,372700000
2012-03-30,0.3512425825068889,0.35421534133016447,0.34621177456135205,0.35215726494789124,527240000
2012-04-02,0.3512425480011666,0.35421530653240135,0.34552571515648806,0.35055652260780334,407776000
2012-04-03,0.35307194237228884,0.35352928355098145,0.34301030014100375,0.3448396921157837,430476000
2012-04-04,0.3395802101070442,0.34392499231869766,0.33294866741661333,0.3350067436695099,495896000
2012-04-05,0.3354640198316955,0.33958014427956934,0.33340594397775614,0.33454933762550354,369424000
2012-04-09,0.32928983447725557,0.3313478829942365,0.3238016596652997,0.3302045166492462,365504000
2012-04-10,0.32883253360100495,0.33340599991934844,0.3222010183434107,0.323801726102829,470360000
2012-04-11,0.32814641154267443,0.33500663625945626,0.3270030452998777,0.32791775465011597,372960000
2012-04-12,0.3283752244986965,0.337522158028907,0.32700317356516,0.33569279313087463,384868000
2012-04-13,0.33272000177960454,0.3345493937589439,0.32357304188290803,0.323801726102829,311324000
2012-04-16,0.3260883946173886,0.3270030767957245,0.31465473108816905,0.31991422176361084,463468000
2012-04-17,0.3208289554362663,0.3247163962081498,0.31945690468853877,0.3206002712249756,460696000
2012-04-18,0.31854216382068673,0.32014287122551344,0.3132826732676818,0.317170113325119,400764000
2012-04-19,0.3130540632691009,0.324945097687975,0.3107673300747036,0.3123680651187897,667188000
2012-04-20,0.3141973326829536,0.3151120420337927,0.3055077437799899,0.3061937689781189,509592000
2012-04-23,0.300934349403387,0.3039071077860048,0.29521751684450964,0.3025350570678711,706244000
2012-04-24,0.3034497814286741,0.30596519878122813,0.2915587473184287,0.29315945506095886,730440000
2012-04-25,0.29750425110153855,0.30139169180569125,0.2920160754662571,0.2991049587726593,727112000
2012-04-26,0.29887620158415745,0.3018489589820564,0.29681812618868947,0.2993335425853729,539208000
2012-04-27,0.29887621264048664,0.30070560397302215,0.2936167227819471,0.2968181371688843,475356000
2012-04-30,0.2952175537431116,0.2988763379420998,0.2931594774086765,0.2972756028175354,262268000
2012-05-01,0.29567485799721827,0.3057364996568472,0.29567485799721827,0.3025350570678711,408680000
2012-05-02,0.3013917299380869,0.3025350965992628,0.29224479664867964,0.2938455045223236,684008000
2012-05-03,0.29453140536738964,0.29636079670333615,0.28698518314411026,0.28881457448005676,419536000
2012-05-04,0.28698529758868085,0.2885860054234676,0.28035375475883484,0.28035375475883484,545092000
2012-05-07,0.2853845169398277,0.2901866664789603,0.28286910008409083,0.2851558327674866,604440000
2012-05-08,0.282640429298421,0.2867565537754857,0.2776096226086775,0.2849271893501282,462312000
2012-05-09,0.2798964425866677,0.2883573783595069,0.27715236783386127,0.28607064485549927,520608000
2012-05-10,0.288814646518556,0.2892719876516164,0.2794390306207877,0.28401249647140503,597092000
2012-05-11,0.30756588614498814,0.3128253774591107,0.3009343441367441,0.3020777106285095,1435140000
2012-05-14,0.29956226977587913,0.3048217606744787,0.29338809666013416,0.30024829506874084,437472000
2012-05-15,0.30024836157171186,0.30687990452487657,0.2959035791879233,0.2972756028175354,599940000
2012-05-16,0.2977330489001158,0.30116314975831765,0.2904154785946039,0.2913301885128021,470484000
2012-05-17,0.29247339276446516,0.2952174664725123,0.2892719507217407,0.2892719507217407,335364000
2012-05-18,0.2899580327495275,0.291330083502257,0.2748655835095374,0.2762376070022583,567288000
2012-05-21,0.2766949335209555,0.28241176535816437,0.2748655418810477,0.2810397148132324,416260000
2012-05-22,0.28081111900418393,0.2812684601986836,0.27349355085214755,0.2776096761226654,410140000
2012-05-23,0.2746370295574117,0.28492736056355683,0.27052090260695794,0.28446999192237854,496000000
2012-05-24,0.2860705552705913,0.28652789637617065,0.2748655482538685,0.27692359685897827,520420000
2012-05-25,0.27669500954709386,0.2858419429998864,0.27669500954709386,0.28355520963668823,391752000
2012-05-29,0.2881285895029082,0.2927020548505728,0.28698522316599206,0.2908726632595062,310000000
2012-05-30,0.28767136844037877,0.28972941780147127,0.2824118756442349,0.287442684173584,379792000
2012-05-31,0.28744258475888274,0.28858595117738245,0.28058238624788445,0.2842411696910858,358192000
2012-06-01,0.2782956840297812,0.2810397582840904,0.2734935336397337,0.27395087480545044,440984000
2012-06-04,0.27532286667111583,0.27692357403873785,0.2659472521093251,0.268233984708786,432856000
2012-06-05,0.266862001996844,0.27669495911850894,0.266862001996844,0.2760089337825775,365224000
2012-06-06,0.27806695627779565,0.28401247228120335,0.2760089077243108,0.2833264470100403,368968000
2012-06-07,0.28744263721178914,0.2890433722977975,0.2716641614012129,0.27189284563064575,526780000
2012-06-08,0.27280752026775257,0.2780670120549936,0.2723501790819077,0.27715232968330383,370308000
2012-06-11,0.2860706151859487,0.2911014229209972,0.2796677565867911,0.28035375475883484,839080000
2012-06-12,0.2835552270970854,0.28881471960830574,0.2830978858482866,0.28607064485549927,496128000
2012-06-13,0.2858418788675118,0.28652790417455487,0.27715228858498003,0.27852433919906616,494276000
2012-06-14,0.2780670294905838,0.28035376282320285,0.2723501961590362,0.27509427070617676,589884000
2012-06-15,0.2771522746159313,0.2812683989907226,0.27463685770355756,0.2810397148132324,385288000
2012-06-18,0.278981742910292,0.2858419429998864,0.27669500954709386,0.28355520963668823,304424000
2012-06-19,0.29521753519118465,0.30710856946063964,0.2938454843877831,0.30276376008987427,960476000
2012-06-20,0.3057363872953603,0.31328260895176047,0.30390699609683935,0.3075657784938812,972720000
2012-06-21,0.30733719928276176,0.30733719928276176,0.29293077615919694,0.29361680150032043,516376000
2012-06-22,0.2972756028175354,0.3007057300415939,0.2931594774086765,0.2972756028175354,865360000
2012-06-25,0.2975041798477966,0.2984188619379352,0.2867565153586596,0.2878998816013336,494616000
2012-06-26,0.28950077731195356,0.293159534969312,0.28538465109491074,0.29110148549079895,437152000
2012-06-27,0.2913300952009214,0.30253507684479514,0.2913300952009214,0.3004770278930664,506064000
2012-06-28,0.2977329525774178,0.30459315207440657,0.29521753519118465,0.30276376008987427,545896000
2012-06-29,0.3098526913925283,0.3167128919430606,0.30962400713683835,0.31602686643600464,616508000
2012-07-02,0.31762741645574744,0.31785607331806387,0.3050503621884152,0.3075657784938812,581684000
2012-07-03,0.30756580758693264,0.3162553961568682,0.30733712344298675,0.31556937098503113,219284000
2012-07-05,0.31351143171598833,0.31488345527662076,0.3075659145065513,0.3123680651187897,280076000
2012-07-06,0.31008128816511604,0.3109959977502097,0.30299243199568465,0.30642253160476685,382760000
2012-07-09,0.30459314677640087,0.3059651975559374,0.2997909963080321,0.3023064136505127,306336000
2012-07-10,0.2991049721160816,0.30802324769876566,0.2908727219259131,0.29315945506095886,512028000
2012-07-11,0.29407418039324157,0.2977329645089302,0.28698529639159887,0.28835734724998474,485216000
2012-07-12,0.28515591753892455,0.2856132587595618,0.28103979203316554,0.28355520963668823,472160000
2012-07-13,0.2837839107056974,0.28858603469717736,0.28195451845465164,0.2872140109539032,324260000
2012-07-16,0.2853845109132107,0.2904153172584424,0.2826404099430814,0.2881285846233368,334460000
2012-07-17,0.28904345289856803,0.2906441611709288,0.2780670975051901,0.28286924958229065,447476000
2012-07-18,0.282183112978811,0.3027637371719194,0.28081108953927547,0.29864761233329773,616008000
2012-07-19,0.3007056522038499,0.3055077745544784,0.29864757640214834,0.30162033438682556,403036000
2012-07-20,0.29979098086556843,0.30184905692886016,0.28972933927393796,0.2929307818412781,451000000
2012-07-23,0.2851557912764705,0.29887621264048664,0.2819543768895333,0.2968181371688843,451584000
2012-07-24,0.29727555788630045,0.2991049497092941,0.2901867020547101,0.29361680150032043,351164000
2012-07-25,0.2927020026577524,0.30230629998327185,0.29132997965410595,0.2993335425853729,415044000
2012-07-26,0.3048216780245716,0.30825180355882975,0.29841882246061957,0.30070558190345764,338440000
2012-07-27,0.30184905943439294,0.3091665996690412,0.2995622991473069,0.30825191736221313,376516000
2012-07-30,0.30825191605071006,0.3121393567282015,0.30230639930159997,0.30482178926467896,363552000
2012-07-31,0.3048218355135812,0.31396879623080126,0.30436449429272316,0.30962398648262024,387788000
2012-08-01,0.31145325915043914,0.31442601683566374,0.3048217185818609,0.3061937689781189,335912000
2012-08-02,0.30459312061776633,0.311910660540172,0.29956228636485605,0.3073371946811676,367912000
2012-08-03,0.31213933727186266,0.31694148721296966,0.30482177026446033,0.3137400448322296,326548000
2012-08-06,0.3167127259845853,0.3219722157693401,0.31625538497286737,0.32037150859832764,360324000
2012-08-07,0.324258928978684,0.3270030021472772,0.32174351267247486,0.32357290387153625,407340000
2012-08-08,0.32334433044345484,0.32883247819677786,0.3224296209778977,0.3254023790359497,517064000
2012-08-09,0.3258597121738639,0.3370647188480258,0.32540237108226644,0.33637869358062744,822300000
2012-08-10,0.3452969567592645,0.3480410304832046,0.3299758262189253,0.33432063460350037,1278744000
2012-08-13,0.3347780445352935,0.33889416959777713,0.3334059937611293,0.3386654853820801,447244000
2012-08-14,0.33980884844939097,0.3402662168760861,0.3322626237890348,0.3336346745491028,388828000
2012-08-15,0.3347780229858771,0.3375220970975625,0.3295185317034759,0.33111923933029175,594404000
2012-08-16,0.334091968404371,0.33912280230552133,0.332948602019565,0.33797943592071533,371008000
2012-08-17,0.33797950230590923,0.33797950230590923,0.33203398503311055,0.3350067436695099,309864000
2012-08-20,0.3338633770601263,0.3354640848612613,0.329975908780214,0.3350067436695099,314392000
2012-08-21,0.33614997721740353,0.33820802539563277,0.3306618033087931,0.3340919017791748,340248000
2012-08-22,0.3320339663910543,0.33615009140573726,0.33089059984586505,0.3347780406475067,313556000
2012-08-23,0.3340920238452931,0.3343207080642052,0.32585977360458657,0.32723182439804077,379040000
2012-08-24,0.32723186408088306,0.33546411531990045,0.3265458386009628,0.33386340737342834,347724000
2012-08-27,0.33363469336656776,0.3345494030115402,0.3279178603105285,0.3281465172767639,340944000
2012-08-28,0.325631111402547,0.3299758934118457,0.32494508601686595,0.3267744779586792,310764000
2012-08-29,0.32654566915650984,0.3295184265202594,0.32585964403256784,0.327460378408432,250412000
2012-08-30,0.32677443620589763,0.327917802615939,0.3196855535596387,0.32128626108169556,307488000
2012-08-31,0.32357301858609094,0.325859751580621,0.31762752915631726,0.32082894444465637,485064000
2012-09-04,0.31556942571127816,0.3167127921092898,0.30070566253712644,0.30367839336395264,694452000
2012-09-05,0.3048218326279013,0.309166642334951,0.30139173261392027,0.30459317564964294,480256000
2012-09-06,0.3068798937425892,0.32220102818503116,0.3066512095156831,0.3139687776565552,657296000
2012-09-07,0.30596519044222426,0.30848058046621274,0.29613220551751185,0.30642253160476685,781064000
2012-09-10,0.30573646923637676,0.310081250644819,0.3029923953331498,0.30367839336395264,371108000
2012-09-11,0.3034497541530152,0.31213934473712496,0.3023063876882641,0.3073371946811676,382808000
2012-09-12,0.30985255128260575,0.31236796791771226,0.3068797936029349,0.3107672333717346,322608000
2012-09-13,0.3135114071123123,0.3146547736197821,0.3068798650129827,0.31282538175582886,433836000
2012-09-14,0.3125968301575172,0.3219724504000192,0.3125968301575172,0.316484272480011,339468000
2012-09-17,0.31716997293637894,0.31716997293637894,0.30436426484594087,0.30779436230659485,493348000
2012-09-18,0.3043644249182563,0.31351138355058955,0.3041357679899516,0.30985260009765625,359952000
2012-09-19,0.31053867261720475,0.3178562133756321,0.3068798886079861,0.3135114312171936,451936000
2012-09-20,0.3128254342072449,0.31442614213409165,0.30870930863820156,0.31122469902038574,320596000
2012-09-21,0.3116819370566746,0.31442601053419456,0.3105385708360412,0.3125966191291809,340136000
2012-09-24,0.3075659145065513,0.3128254063056672,0.30710857331967384,0.3123680651187897,357832000
2012-09-25,0.3164841322528561,0.31785618293993756,0.3061938338797672,0.30665117502212524,481544000
2012-09-26,0.3055076648228332,0.3057363489164409,0.2977327872800927,0.3013915419578552,436812000
2012-09-27,0.30207768585873734,0.30413576173116147,0.2995622688791096,0.30367839336395264,558888000
2012-09-28,0.3023063884143675,0.3093952714168537,0.29841892061687114,0.30505046248435974,485508000
2012-10-01,0.30642238748628403,0.3082517785360523,0.2988761664434872,0.3000195324420929,504236000
2012-10-02,0.30207770000703427,0.30207770000703427,0.29773291839509713,0.3011630177497864,295492000
2012-10-03,0.30184917019308605,0.3027638528355422,0.2965896768489185,0.2981903851032257,430872000
2012-10-04,0.2988761960000214,0.3132826144591354,0.2972754616356767,0.3114532232284546,502608000
2012-10-05,0.31236801878846643,0.3155694338817859,0.3029924031780217,0.3041357696056366,483068000
2012-10-08,0.30299240952428863,0.3043644329101604,0.29887628484666023,0.3011630177497864,240596000
2012-10-09,0.3007057146041729,0.301620396976957,0.29384548776825276,0.29476019740104675,366360000
2012-10-10,0.2933881407035965,0.29476019149529237,0.2885859901926703,0.28972935676574707,326568000
2012-10-11,0.29247355546553605,0.29338823812371584,0.2890434546073342,0.2913301885128021,320516000
2012-10-12,0.2892719154990434,0.29155864785397656,0.28698518314411026,0.28881457448005676,260696000
2012-10-15,0.2892719928924784,0.292702092342586,0.2858418934423708,0.2924734354019165,249580000
2012-10-16,0.2949887986476285,0.30184902418780957,0.2922447247875589,0.3009343147277832,367696000
2012-10-17,0.2972755616337546,0.3000196630328408,0.29430280329141634,0.29864761233329773,391752000
2012-10-18,0.2979615885960827,0.2979615885960827,0.29293078143721074,0.294074147939682,254772000
2012-10-19,0.2897293113752314,0.29178738724034625,0.2753228893594479,0.27692359685897827,709412000
2012-10-22,0.2780669530165156,0.2796676877171236,0.2714354390797262,0.27372217178344727,480840000
2012-10-23,0.2712066853290609,0.2837837392329702,0.270520660241939,0.2819543480873108,573948000
2012-10-24,0.28378384139204654,0.28492720786218345,0.2755515919030582,0.2782956659793854,332916000
2012-10-25,0.28058238786018946,0.2835551460173722,0.27738097277399637,0.27852433919906616,307356000
2012-10-26,0.2789816866968651,0.2805823942765668,0.27555158734321594,0.27555158734321594,389376000
2012-10-31,0.2766949763197683,0.2789817094083607,0.27326487668687965,0.27395087480545044,347112000
2012-11-01,0.27532295694668346,0.28721399217083043,0.275094272707753,0.2869853079319,473220000
2012-11-02,0.2899579574870773,0.2904152985326086,0.2837837852224004,0.28561314940452576,256700000
2012-11-05,0.2849271757269943,0.2988762559934358,0.2849271757269943,0.2977328896522522,444840000
2012-11-06,0.29841889863519055,0.29841889863519055,0.29247340979815617,0.2975042164325714,350804000
2012-11-07,0.2952175470218929,0.2970469390797372,0.28698529639159887,0.28835734724998474,324620000
2012-11-08,0.291558677741323,0.2991049007381571,0.2892719451519795,0.2899579703807831,839024000
2012-11-09,0.2915586656890732,0.29498876443129735,0.27783827072017636,0.2787529528141022,846280000
2012-11-12,0.27921028910062196,0.280353655328536,0.2698346751277263,0.27257877588272095,643624000
2012-11-13,0.27120686164800917,0.27738106418612596,0.27029217911051806,0.2705208361148834,492120000
2012-11-14,0.27212147221264904,0.2748655460844726,0.26366053915618615,0.26388922333717346,619300000
2012-11-15,0.26548984097580464,0.2723500369637076,0.26320310897983695,0.26503250002861023,466688000
2012-11-16,0.26503257140883363,0.26594725354957033,0.254970931560715,0.2602304220199585,624552000
2012-11-19,0.2650325459718133,0.26846264456036995,0.26183110426649353,0.26754793524742126,404092000
2012-11-20,0.26651215961425856,0.2676629018733447,0.2616790311517529,0.2644408345222473,336976000
2012-11-21,0.26444104591430045,0.27272638034143487,0.2642108863041516,0.27203595638275146,422312000
2012-11-23,0.27318666275599873,0.27709918355023405,0.2718057601529143,0.2738771140575409,276932000
2012-11-26,0.2743373744640001,0.27940063770420215,0.27387708279414075,0.27871018648147583,364600000
2012-11-27,0.2775594280967965,0.2840035934227676,0.2752579424400835,0.2798609137535095,451404000
2012-11-28,0.2787102285062494,0.2835433603582135,0.27525799930795475,0.28216245770454407,398332000
2012-11-29,0.28262289687578007,0.2840037726798632,0.27617872748238737,0.2770993113517761,488688000
2012-11-30,0.27686895340949064,0.2789403067862212,0.27387704425844234,0.27548807859420776,460504000
2012-12-03,0.27894039343776544,0.27894039343776544,0.26973444873261204,0.27042487263679504,391380000
2012-12-04,0.27088517339792095,0.2789403744670979,0.2692741112353836,0.27848008275032043,528068000
2012-12-05,0.27617849598970917,0.27801966218522206,0.27134536613681903,0.2752578854560852,633024000
2012-12-06,0.2745675584247839,0.2775594959976187,0.2736469749112409,0.2757183015346527,412896000
2012-12-07,0.2759483364973363,0.27732923857983843,0.2720358171780701,0.2752578854560852,338288000
2012-12-10,0.2752579110664007,0.286535205960441,0.27456745996090925,0.2844638526439667,513644000
2012-12-11,0.28538448796792415,0.2948205898761257,0.28469403680266286,0.2911382019519806,816724000
2012-12-12,0.29205886516653545,0.2936698998845796,0.28699557400142917,0.28814631700515747,399404000
2012-12-13,0.28768602904254104,0.29390003585653485,0.28561470258316907,0.28837648034095764,377556000
2012-12-14,0.2895270899010395,0.2927491578939216,0.287455736960588,0.28975722193717957,338660000
2012-12-17,0.28906696288270683,0.2906779977958865,0.2842338307072873,0.2886066436767578,445232000
2012-12-18,0.2886066808853848,0.29228907039244534,0.2876860972265618,0.28906700015068054,416436000
2012-12-19,0.2911382019519806,0.29459043034241444,0.28998745915516927,0.2911382019519806,458544000
2012-12-20,0.2922890630814874,0.2925192227083783,0.287686090030737,0.29090818762779236,334332000
2012-12-21,0.2869954960824416,0.2869954960824416,0.2810116231133191,0.2842337191104889,462172000
2012-12-24,0.2840037407693703,0.2849243519712102,0.28101180237619355,0.28193241357803345,127376000
2012-12-26,0.28124189885801126,0.28584487152554605,0.2805514474707048,0.2817021906375885,196740000
2012-12-27,0.28216239941022253,0.28262271849026366,0.27663884480846057,0.2798609137535095,299804000
2012-12-28,0.277329339740438,0.28285289521352264,0.27686902058778307,0.27848008275032043,220600000
2012-12-31,0.2775594854401512,0.28331320077064226,0.2768690341133165,0.28216245770454407,326460000
2013-01-02,0.28906698344422543,0.2929795049219277,0.2879162402192611,0.2927493453025818,478836000
2013-01-03,0.29274934901611643,0.29620157873480113,0.28952727891969726,0.29297950863838196,298888000
2013-01-04,0.29343971268938535,0.30356626663055575,0.2925191293474038,0.3026456832885742,524968000
2013-01-07,0.3024155632600133,0.3033361467223125,0.2918287162641807,0.2939000427722931,610732000
2013-01-08,0.2945904436342477,0.2955110543747579,0.285384500844388,0.28745582699775696,466424000
2013-01-09,0.2897573529837449,0.29113825556857714,0.2791705337649149,0.281011700630188,695020000
2013-01-10,0.2835433838201288,0.28492428658806157,0.2798609947295621,0.2814720571041107,506368000
2013-01-11,0.28262276279111814,0.2828528949313385,0.27824992289640094,0.281011700630188,513172000
2013-01-14,0.28285292354997726,0.28285292354997726,0.2775594996870428,0.2807815968990326,305684000
2013-01-15,0.27940069046058474,0.27940069046058474,0.2741072666680124,0.2757183015346527,375888000
2013-01-16,0.275257982142075,0.2805514054031894,0.275257982142075,0.27824991941452026,337376000
2013-01-17,0.27917063484428856,0.2830831570034178,0.27848018330188046,0.28193241357803345,580736000
2013-01-18,0.28193233112326566,0.28193233112326566,0.27663890742745073,0.28009113669395447,397088000
2013-01-22,0.2798609293740615,0.2823925747120999,0.2773293114718978,0.27871018648147583,308224000
2013-01-23,0.2796308645383299,0.27986099671069375,0.2761786350299408,0.27917057275772095,421808000
2013-01-24,0.27824985867003144,0.2817020868993822,0.2768689564039427,0.28055134415626526,396980000
2013-01-25,0.2810116117041254,0.28584474178571795,0.27963073699214813,0.28561460971832275,393920000
2013-01-28,0.2869956004514719,0.29205889208322044,0.2863051490984262,0.29021769762039185,422492000
2013-01-29,0.2890668758306021,0.2897572995598441,0.28285284278044454,0.2840035855770111,388872000
2013-01-30,0.28423376973498654,0.28814629009509585,0.2826227351673974,0.28354331851005554,287592000
2013-01-31,0.2835433603582135,0.2867654574048158,0.28032129074748996,0.28216245770454407,470544000
2013-02-01,0.2844640351322628,0.2856148060035668,0.28216254826143017,0.28469419479370117,288816000
2013-02-04,0.28308301013443166,0.28883672427621415,0.2796307816493621,0.2798609137535095,511744000
2013-02-05,0.2812419535040944,0.28791628163038885,0.28032136976606803,0.2863052189350128,367296000
2013-02-06,0.2794006143907447,0.2863050711701443,0.27778957996272596,0.2840035855770111,530688000
2013-02-07,0.2830829880246994,0.28538447350165863,0.28009105141747814,0.28285282850265503,440000000
2013-02-08,0.28469419479370117,0.2869956816645338,0.2828529998098575,0.28469419479370117,307232000
2013-02-11,0.28699563202568795,0.290908180978098,0.2842338537455442,0.28791624307632446,408308000
2013-02-12,0.2853844852312828,0.2892970052157483,0.28492419360414667,0.2860749363899231,277804000
2013-02-13,0.2863052301161065,0.29159865540619917,0.28377361101972315,0.28469419479370117,856396000
2013-02-14,0.2807816248118527,0.2932096682606474,0.277329395093168,0.29297950863838196,882096000
2013-02-15,0.2922890572074684,0.29436041150020903,0.28653534100966055,0.29297950863838196,733860000
2013-02-19,0.29320968148715254,0.2934398136839162,0.2872258053971503,0.28906700015068054,433552000
2013-02-20,0.2899875024957457,0.29459047437093583,0.2840036280836479,0.2849242389202118,713012000
2013-02-21,0.2844638628493523,0.2876859589786179,0.282162377372393,0.28285282850265503,580408000
2013-02-22,0.28469408799397267,0.28837647658025406,0.28308305327592853,0.28814631700515747,370148000
2013-02-25,0.28883685764866895,0.29113834436810965,0.28262284899335616,0.28308314085006714,644444000
2013-02-26,0.28366206746765527,0.2880617087011451,0.2827358083208846,0.28644078969955444,487504000
2013-02-27,0.2864406854771114,0.2938506455383113,0.2857459982708493,0.29176658391952515,476980000
2013-02-28,0.2908403624933028,0.2975556079698403,0.28968255964533446,0.2931559681892395,591392000
2013-03-01,0.2910719236857664,0.29524001970538355,0.2885247738323663,0.29431378841400146,389396000
2013-03-04,0.2922297093483464,0.2959346895035241,0.2899141036524097,0.2931559681892395,353680000
2013-03-05,0.2947769163864502,0.29686095068130786,0.2933875417870784,0.2963978350162506,366168000
2013-03-06,0.2982502751132871,0.301028996240434,0.29477686680330467,0.29616624116897583,342928000
2013-03-07,0.2977870043558846,0.30079729551011214,0.29385048250997836,0.2954714000225067,314824000
2013-03-08,0.2961663033815952,0.29825033776367826,0.29477692872407235,0.2968609631061554,246464000
2013-03-11,0.29385056122690417,0.2952399076366015,0.2915349286690317,0.2940821051597595,299748000
2013-03-12,0.29361913564664316,0.29593474175140483,0.29084041384176956,0.29500851035118103,310856000
2013-03-13,0.29500851035118103,0.3001028382608163,0.2922297609421053,0.29500851035118103,485840000
2013-03-14,0.29686096329247086,0.2977872222661345,0.29338755425068497,0.29524004459381104,383304000
2013-03-15,0.2952400498171656,0.2952400498171656,0.2915350690653654,0.2926928997039795,355776000
2013-03-18,0.290840365110442,0.2933875148363746,0.28852475939366823,0.29060879349708557,298312000
2013-03-19,0.29084031266696714,0.29222965928399,0.28667221760751355,0.28875625133514404,355480000
2013-03-20,0.29153493557905424,0.29315588116840385,0.2889877866321418,0.29222962260246277,340588000
2013-03-21,0.2906088136790511,0.29107192933372844,0.2871354048626719,0.28759852051734924,339032000
2013-03-22,0.2885246998531506,0.29014561799955696,0.28736689723369013,0.28898781538009644,232476000
2013-03-25,0.2906086728793813,0.2908402443966235,0.28528277642048594,0.2873668372631073,362076000
2013-03-26,0.2880615988839395,0.2896825448717863,0.28690379609501804,0.2894509732723236,232540000
2013-03-27,0.2882931046393686,0.294545232750765,0.287598417603838,0.29292431473731995,254944000
2013-03-28,0.29222968494932344,0.29732403913840105,0.2901456510386608,0.297092467546463,349276000
2013-04-01,0.2963976847685749,0.2963976847685749,0.28528277642048594,0.2873668372631073,442828000
2013-04-02,0.28759855082353786,0.28829323818085745,0.2825042228768648,0.2843567132949829,371524000
2013-04-03,0.28389354806528355,0.2855144943085953,0.27879922051199013,0.2808832824230194,353156000
2013-04-04,0.27995706979935686,0.2845882824511185,0.2790308383106865,0.2836620509624481,294676000
2013-04-05,0.2794938684281159,0.2885247468948364,0.278799181222338,0.2885247468948364,551352000
2013-04-08,0.2887562261525726,0.2887562261525726,0.28250409791073966,0.2878299951553345,326660000
2013-04-09,0.28806155003539957,0.29454525007471416,0.28597751641042296,0.29246121644973755,380584000
2013-04-10,0.29269282813319963,0.29755558312614416,0.2919981409615804,0.297092467546463,384688000
2013-04-11,0.2929243918100159,0.29755560312650675,0.2848197720061569,0.29570311307907104,969220000
2013-04-12,0.2970923997294859,0.30635481962556577,0.2945452232163885,0.3031129837036133,770548000
2013-04-15,0.3021868624877247,0.303113121460807,0.29500850036839327,0.2968609631061554,430420000
2013-04-16,0.2996396249769105,0.3021867743000956,0.29801867914810987,0.30010274052619934,468844000
2013-04-17,0.29778715952612855,0.30056588065327544,0.2943137512161461,0.29616624116897583,532948000
2013-04-18,0.29686093114893075,0.2987134212914727,0.2903772294521332,0.2903772294521332,402548000
2013-04-19,0.2901457497172614,0.2919982402702132,0.28644076861135775,0.29107198119163513,303028000
2013-04-22,0.2908402115979447,0.29408204684862993,0.28852460710340294,0.2915348708629608,245568000
2013-04-23,0.29408224809811767,0.3021868693752543,0.2936191324031217,0.2991766035556793,376948000
2013-04-24,0.300102789988176,0.3119123902645237,0.29987121837326813,0.3093652129173279,556556000
2013-04-25,0.31098612665230624,0.31260704497539676,0.308207377979357,0.3119123578071594,353224000
2013-04-26,0.31144917248442383,0.31191228795814124,0.30890199597269496,0.3105229139328003,324332000
2013-04-29,0.3109861612498446,0.31538580113115405,0.3095967867588006,0.31422799825668335,269712000
2013-04-30,0.31492266574338795,0.31885918974876404,0.3128386041375797,0.31885918974876404,276712000
2013-05-01,0.31885911193242494,0.3209431730296261,0.3149225888877421,0.31608039140701294,341316000
2013-05-02,0.31584883548039183,0.32071161734347237,0.31399634583711394,0.31978538632392883,323480000
2013-05-03,0.3218694577420271,0.3234903760187935,0.32001696788106804,0.3211747705936432,293864000
2013-05-06,0.32117483513531403,0.3230273253685402,0.31839611358757464,0.3202486038208008,217116000
2013-05-07,0.3202484859972257,0.3209431730296261,0.31307009933607094,0.31608039140701294,448068000
2013-05-08,0.3165435939564963,0.3237219825920055,0.3153857911187817,0.32186949253082275,334032000
2013-05-09,0.31608038318356135,0.3234903135932727,0.31561726770873977,0.322100967168808,566800000
2013-05-10,0.32881624878305216,0.3380786973770171,0.32881624878305216,0.3366893231868744,861136000
2013-05-13,0.3343736410708507,0.33576301494159266,0.32835305776988305,0.329742431640625,289812000
2013-05-14,0.3336791071183711,0.3373840874028597,0.33043727007259227,0.3346053659915924,454140000
2013-05-15,0.33298441719877875,0.3415521805875441,0.33298441719877875,0.34039437770843506,313172000
2013-05-16,0.3399312321710157,0.3434046405027578,0.3376155990123253,0.3387734293937683,308368000
2013-05-17,0.34039441200554,0.34664654266183487,0.337847234373175,0.34433093667030334,312116000
2013-05-20,0.34294143825858486,0.3450254994613001,0.3417836356806956,0.3436361253261566,236380000
2013-05-21,0.34561451443980384,0.3486400986820128,0.34165799400510793,0.34724366664886475,357784000
2013-05-22,0.3486400091435603,0.3486400091435603,0.33374483967825436,0.33514127135276794,480404000
2013-05-23,0.33118483337255716,0.3416580188953167,0.3302538971122504,0.3404943346977234,393884000
2013-05-24,0.33863227728636947,0.34142511251566116,0.33467573065509876,0.3383995294570923,283304000
2013-05-28,0.3409598465635074,0.34189078294322733,0.33490867686205816,0.3381669819355011,279300000
2013-05-29,0.33607223629951477,0.3381668562475798,0.3346758045045294,0.33607223629951477,335052000
2013-05-30,0.33560684997006357,0.3439853872905033,0.3346758859653371,0.3404943346977234,284504000
2013-05-31,0.33863243478233657,0.34351989177062303,0.33677053451538086,0.33677053451538086,577508000
2013-06-03,0.33723601814839194,0.3397961346011943,0.32932294858617983,0.33630508184432983,444468000
2013-06-04,0.3383996868448097,0.3444508557763108,0.3346758863108983,0.33677053451538086,363676000
2013-06-05,0.3363050450578692,0.3388651334862173,0.32862469653957094,0.3295556604862213,464520000
2013-06-06,0.32955560731896677,0.33421034306801556,0.32932285943374895,0.3316502273082733,341044000
2013-06-07,0.3339776855953325,0.3383997024006801,0.3325812811392393,0.33630508184432983,274584000
2013-06-10,0.3353740204020221,0.3381668562475798,0.3335121205901792,0.33607223629951477,224148000
2013-06-11,0.3316502890749135,0.33630505343528044,0.3297884166240692,0.3297884166240692,296336000
2013-06-12,0.33141750759546135,0.3342103434996146,0.32513359213059967,0.32699549198150635,312588000
2013-06-13,0.3258317799440859,0.3360722143687646,0.3255990598230501,0.334443062543869,236256000
2013-06-14,0.33560678965217544,0.3360722576986713,0.33165024189592424,0.333977609872818,236012000
2013-06-17,0.33653771166903984,0.340261511374083,0.33467581181651823,0.3372359275817871,255336000
2013-06-18,0.3388650429107865,0.3425888422132156,0.33234840800374077,0.33514127135276794,486772000
2013-06-19,0.3381668264203594,0.3602768465872622,0.3370031426086492,0.3453816771507263,1159588000
2013-06-20,0.3425888717687582,0.34305433978561567,0.33374486847081447,0.33607223629951477,628696000
2013-06-21,0.3379342415905714,0.3390979258681416,0.3300211718564408,0.3356068730354309,714228000
2013-06-24,0.33071928362018604,0.33490855124648583,0.32373718015782404,0.3286246359348297,580772000
2013-06-25,0.3321157621782804,0.3328139504273037,0.32746099813681856,0.33095207810401917,457360000
2013-06-26,0.33467563831402064,0.3351411338441391,0.3276935382950342,0.3290899693965912,579752000
2013-06-27,0.33002101636313075,0.3304864843059638,0.32257344604457655,0.32606449723243713,808036000
2013-06-28,0.32606454974707516,0.33002106951498983,0.3218752820980542,0.32676276564598083,431536000
2013-07-01,0.32909014708227186,0.3297883630100381,0.326064563224894,0.3281591832637787,199524000
2013-07-02,0.3262973661755247,0.33281400358104357,0.32490096171004146,0.32792654633522034,256392000
2013-07-03,0.325133621833001,0.33281394207936393,0.325133621833001,0.328857421875,140388000
2013-07-05,0.3297882600724463,0.33211562727561117,0.3276936129429546,0.33141741156578064,184684000
2013-07-08,0.3323485051161895,0.3339776573828876,0.3279265164288062,0.3297884166240692,262084000
2013-07-09,0.33048644803787136,0.3335120309508668,0.32955551225436763,0.33141741156578064,157364000
2013-07-10,0.33141749249362396,0.33677044391690536,0.3304865287383854,0.33583948016166687,208468000
2013-07-11,0.33770147042796367,0.34095980282787675,0.3370032543605237,0.3404943346977234,239832000
2013-07-12,0.33979603559347016,0.34398530322994814,0.33863235168024924,0.34072697162628174,216360000
2013-07-15,0.3414251347906924,0.3414251347906924,0.33467575248979126,0.34002870321273804,201332000
2013-07-16,0.3414251353586198,0.34375250282947595,0.33979598367790226,0.3418906033039093,162560000
2013-07-17,0.3418906027352076,0.3430542864687,0.3390977673237076,0.34002870321273804,166100000
2013-07-18,0.3395633110988326,0.3407269950921966,0.33421035918047515,0.33863237500190735,344488000
2013-07-19,0.3365376138638622,0.33816676535719653,0.3279263607610333,0.33141741156578064,480532000
2013-07-22,0.33397749045269,0.337003073289679,0.3297882517877565,0.33118465542793274,292384000
2013-07-23,0.33537399770389437,0.33537399770389437,0.32909011054057996,0.3307192623615265,246792000
2013-07-24,0.33374484588294784,0.334675781853657,0.3302537943761719,0.3307192623615265,284252000
2013-07-25,0.3304864328812132,0.33630487836668727,0.32815906578478526,0.33188286423683167,243320000
2013-07-26,0.32792638892464776,0.3325811237307445,0.32792638892464776,0.3304864764213562,227360000
2013-07-29,0.3297884166240692,0.3339776573828876,0.3288574526542284,0.3297884166240692,179540000
2013-07-30,0.33095203962038566,0.3397960431052596,0.33071929173483094,0.33537402749061584,266076000
2013-07-31,0.33374486847081447,0.33933054016193,0.3335121205901792,0.33607223629951477,270160000
2013-08-01,0.3372359198866189,0.34142518752309686,0.3332794001305503,0.34072697162628174,277648000
2013-08-02,0.3400287551283859,0.34421802275745833,0.33770138730605814,0.34351980686187744,209628000
2013-08-05,0.34258883537780943,0.34631263460594053,0.3407269357637439,0.3451489508152008,185188000
2013-08-06,0.3453816539356848,0.346079869724662,0.3393304874237609,0.34002870321273804,206608000
2013-08-07,0.3381669161224236,0.34328714844766806,0.33793419594499663,0.3397960960865021,244380000
2013-08-08,0.34165804029406255,0.343752660883153,0.33770149157890267,0.34212350845336914,345696000
2013-08-09,0.3286246442319265,0.34235613136791126,0.3283919240906198,0.3372359275817871,906224000
2013-08-12,0.32350441226726045,0.3393305180185558,0.3051181909736927,0.334443062543869,257568000
2013-08-13,0.33490865692000443,0.3370032775218622,0.332814008573725,0.3356068730354309,197468000
2013-08-14,0.33490863110005625,0.3518984257916293,0.33467588316471736,0.3498038053512573,828508000
2013-08-15,0.34608001879735917,0.35492402453030614,0.3446835866178968,0.352131187915802,723616000
2013-08-16,0.35143283884770854,0.3584149416142275,0.3507346230221746,0.3535274863243103,660456000
2013-08-19,0.35143301802792454,0.35259670241565577,0.34770921688941486,0.34794196486473083,393432000
2013-08-20,0.34782490142342,0.3520352918711586,0.3473570864590721,0.34969618916511536,234192000
2013-08-21,0.3475909174017699,0.3520352284734625,0.3466552876415708,0.3480587601661682,261540000
2013-08-22,0.347824957691597,0.3532049003626789,0.347824957691597,0.34993016719818115,129016000
2013-08-23,0.3503979822382082,0.3532049003626789,0.3492284306959864,0.34993016719818115,245120000
2013-08-26,0.3501639585683535,0.35156743116309,0.3492283287613959,0.3506317734718323,300152000
2013-08-27,0.34735705338743667,0.34969615587077557,0.3450179509040978,0.3461875021457672,277464000
2013-08-28,0.3468892384676291,0.3494622344687212,0.34478402950204345,0.3461875021457672,318824000
2013-08-29,0.3450180510142453,0.34876062722725076,0.34408239301883936,0.3454858660697937,276216000
2013-08-30,0.3457196761052738,0.3466553059147927,0.3433805736971763,0.3450179398059845,378120000
2013-09-03,0.3459535945843419,0.35016398479965793,0.3431466770688986,0.3452518582344055,284680000
2013-09-04,0.34525192545412037,0.3506318680053581,0.3447841104245144,0.3485266864299774,222080000
2013-09-05,0.34712313840775566,0.3508657136040624,0.346889244885675,0.34946224093437195,174904000
2013-09-06,0.349696126188666,0.351567413593363,0.3454857364991725,0.3480587601661682,226756000
2013-09-09,0.35086564419817134,0.3539064824581146,0.3499300145263255,0.3539064824581146,246408000
2013-09-10,0.3564795945285181,0.3616256147719321,0.3548422003691701,0.36139169335365295,292132000
2013-09-11,0.36092381248339395,0.36840896188962596,0.3583507888894644,0.367473304271698,396164000
2013-09-12,0.36560208110249603,0.3719176805082608,0.36560208110249603,0.36723947525024414,303808000
2013-09-13,0.3684090188375139,0.37121593635658934,0.3658359948458518,0.3695785701274872,159696000
2013-09-16,0.3726194942053443,0.37519249090065815,0.36840910302246593,0.369812548160553,231412000
2013-09-17,0.37121597233007514,0.374022890121161,0.36957860594230046,0.3709820508956909,168608000
2013-09-18,0.37121598019670793,0.37519244947537245,0.3693446923348936,0.37425681948661804,268168000
2013-09-19,0.3758941528469065,0.3765958892189031,0.3709820261272336,0.3726194202899933,227572000
2013-09-20,0.3735551022379542,0.37589420521427747,0.36864297483395253,0.36934471130371094,356036000
2013-09-23,0.3691105765915184,0.37215141428069676,0.36373063727747845,0.36583584547042847,271244000
2013-09-24,0.36606992393574,0.36864292009706745,0.3639647148390508,0.36723947525024414,229732000
2013-09-25,0.3665377310153691,0.37051419982245065,0.36490033690277474,0.3677072823047638,233156000
2013-09-26,0.36864290106870357,0.3693446373980449,0.3644325109769571,0.3665377199649811,148816000
2013-09-27,0.36373062865454403,0.3667714662716335,0.36232718444347295,0.36443236470222473,151920000
2013-09-30,0.3606899446718435,0.36653770063411334,0.3585847357948464,0.36396467685699463,226640000
2013-10-01,0.36443243500698547,0.36606982872888283,0.3616255181590545,0.36373069882392883,226976000
2013-10-02,0.3599882751786943,0.36490037436790684,0.3599882751786943,0.36349692940711975,162036000
2013-10-03,0.3637307024502886,0.3670054620424367,0.35811686869845727,0.3597542345523834,436768000
2013-10-04,0.3592864907999058,0.3677072709778741,0.3583508330666308,0.3646664321422577,246228000
2013-10-07,0.36326295948449583,0.36723945605338726,0.3613916719022472,0.3646664321422577,169952000
2013-10-08,0.36373070306452465,0.3688767498774054,0.3588186054944511,0.3616255223751068,290712000
2013-10-09,0.36396468349591493,0.36419860489239253,0.3541404588769622,0.3560117185115814,275860000
2013-10-10,0.3585847696705201,0.3609238722764042,0.3560117456503266,0.3599882423877716,223484000
2013-10-11,0.3543744274607817,0.3588187397452487,0.3532048759992335,0.3569474518299103,213704000
2013-10-14,0.3560117087735521,0.36232730746269226,0.3560117087735521,0.36232730746269226,166628000
2013-10-15,0.36232736701993906,0.36443254833949,0.36022215781608385,0.36045607924461365,208820000
2013-10-16,0.3625612182929926,0.36630379340729496,0.36209340337478,0.3649003207683563,210072000
2013-10-17,0.36209342215856055,0.36653773382288324,0.36209342215856055,0.3656020760536194,213324000
2013-10-18,0.3649004204664768,0.37098209971777985,0.3634969753283898,0.369812548160553,255068000
2013-10-21,0.37425678644176197,0.37449067997614627,0.36957858114243924,0.3707481324672699,195008000
2013-10-22,0.3707481622940039,0.370982055847205,0.3656021137433062,0.3688768744468689,179452000
2013-10-23,0.36817511894399413,0.36817511894399413,0.3613917043351073,0.36256125569343567,252216000
2013-10-24,0.3634968962965977,0.36583599890248175,0.35928650602914586,0.3599882423877716,236436000
2013-10-25,0.36185949643911786,0.3620933899474002,0.3553100041741116,0.35647955536842346,330492000
2013-10-28,0.3560117830447019,0.35764917734824964,0.35086576234809536,0.35577788949012756,394024000
2013-10-29,0.3553100368545387,0.3569474031003157,0.3520352764786823,0.35624566674232483,387952000
2013-10-30,0.3574151911218463,0.35905255724428836,0.3529708797788745,0.3560117185115814,204032000
2013-10-31,0.3564796039871073,0.35905260023493296,0.3546083162441317,0.3553100526332855,293368000
2013-11-01,0.3571813453916361,0.35858481829921646,0.3543744274607817,0.3569474518299103,206136000
2013-11-04,0.358117020202244,0.358117020202244,0.34595366212032685,0.34665539860725403,410264000
2013-11-05,0.34455013598429024,0.34782486830724424,0.3408075608572276,0.3461875021457672,422368000
2013-11-06,0.34618758339763994,0.34876060788693425,0.3426789288491337,0.3485266864299774,198044000
2013-11-07,0.34735702716953865,0.34829265693853406,0.33963798398027994,0.340339720249176,553076000
2013-11-08,0.3508656923477902,0.3651342280494486,0.34946221976312547,0.36396467685699463,734532000
2013-11-11,0.36256130394279246,0.3679412464839219,0.36185959534185574,0.3670056164264679,297624000
2013-11-12,0.3686429121825587,0.3707481212340505,0.36349689208608243,0.3677072823047638,316032000
2013-11-13,0.36677158408172217,0.37776538729667664,0.3660698756929371,0.37776538729667664,332792000
2013-11-14,0.3765959282036939,0.38174194899054065,0.3763620067607121,0.37940284609794617,307980000
2013-11-15,0.3808063380246942,0.38127415304973916,0.3744907375915114,0.37823331356048584,450332000
2013-11-18,0.370046420926198,0.37332115370174235,0.368175133104042,0.36911076307296753,316948000
2013-11-19,0.3673468635014714,0.3706393305620537,0.3626433231090325,0.363113671541214,206716000
2013-11-20,0.36334887740091537,0.36428960241880937,0.3569991026802229,0.35770463943481445,204776000
2013-11-21,0.35817505899953384,0.3612323668525548,0.3565288249356984,0.36052682995796204,213568000
2013-11-22,0.3609971637173285,0.3609971637173285,0.35629362199363485,0.35699915885925293,158668000
2013-11-25,0.35699916191692543,0.3652303600038889,0.35699916191692543,0.36476001143455505,248208000
2013-11-26,0.3687579199649015,0.37181522691963187,0.3664061496974647,0.367817223072052,753176000
2013-11-27,0.36758210112474926,0.3704042483828991,0.3652303304331698,0.3692283630371094,181272000
2013-11-29,0.36922834115573094,0.3701690381624875,0.36452477201599903,0.3668765425682068,116964000
2013-12-02,0.36546554327326736,0.3729912043849315,0.3647600064113226,0.37040427327156067,373872000
2013-12-03,0.3704042318137192,0.37534293322392376,0.36781727295457617,0.3701690435409546,290560000
2013-12-04,0.36922837790293705,0.37604850196898126,0.36828765276723907,0.3753429651260376,493176000
2013-12-05,0.37604848682856257,0.37604848682856257,0.36875798647053903,0.3692283630371094,271812000
2013-12-06,0.3736967940910594,0.3736967940910594,0.362878635438972,0.3638193607330322,281000000
2013-12-09,0.36381925392752024,0.3649951391734009,0.3569991026802229,0.35770463943481445,385220000
2013-12-10,0.3577046064965007,0.3675820360452974,0.35723425804852244,0.3659358024597168,524268000
2013-12-11,0.36664141373152165,0.3671117622751782,0.36170268393483057,0.36240822076797485,414156000
2013-12-12,0.3612323049592501,0.3631137270106953,0.35464734179685015,0.35535287857055664,258724000
2013-12-13,0.3560584050431161,0.3586453357581087,0.35276590953951326,0.35323625802993774,184588000
2013-12-16,0.3534714082772748,0.3567638753914601,0.353236220039699,0.35370656847953796,237620000
2013-12-17,0.35347145651911144,0.356293575578621,0.3504141491899275,0.35535287857055664,274104000
2013-12-18,0.35605846486927134,0.3609971669015196,0.35159008337115677,0.36029163002967834,426232000
2013-12-19,0.35982128804253694,0.3621730589681492,0.3574695171169246,0.36170271039009094,258544000
2013-12-20,0.36240817050267615,0.3692283215633709,0.3614674455105209,0.3689931333065033,382080000
2013-12-23,0.3711097538471222,0.37416706132592925,0.36805247440363303,0.3711097538471222,168568000
2013-12-24,0.3732263494418525,0.3732263494418525,0.3682876200157625,0.3720504641532898,79600000
2013-12-26,0.3734616128816742,0.37463749840691163,0.36758215722016446,0.36852288246154785,168920000
2013-12-27,0.3704041639938418,0.3713448608420277,0.368287554032456,0.3706393241882324,210976000
2013-12-30,0.3708746233360718,0.37581335335436183,0.3704042747713108,0.3755781650543213,248180000
2013-12-31,0.3762836076325788,0.3786353779024132,0.3739318373627443,0.37675395607948303,235776000
2014-01-02,0.3744023079002718,0.37581338173644147,0.3696987658268026,0.3729912340641022,260092000
2014-01-03,0.37369677316552824,0.37440231008773517,0.3673469969363104,0.36852288246154785,259332000
2014-01-06,0.3722855420429592,0.37628357356799025,0.3687578869575628,0.37346145510673523,409492000
2014-01-07,0.37722434627022566,0.3809871903324842,0.3746374155083245,0.3795761168003082,333288000
2014-01-08,0.3809871942841042,0.3866314604360347,0.3795761207372925,0.38475003838539124,308192000
2014-01-09,0.37887063150893785,0.37957616837088265,0.3692283878467594,0.37040427327156067,292172000
2014-01-10,0.3715801652694149,0.3741670964285472,0.36664143518375814,0.3699339032173157,218492000
2014-01-13,0.36993388663621823,0.37228565742201175,0.36052680349304406,0.36123234033584595,243332000
2014-01-14,0.363113635155989,0.37322625159347633,0.36146737375534665,0.37252071499824524,241828000
2014-01-15,0.37416710441906165,0.3779299491394737,0.3725208703671267,0.3765188753604889,175044000
2014-01-16,0.3765188109185146,0.3784002329567114,0.37487257714833605,0.377694696187973,220652000
2014-01-17,0.37769470933138743,0.3821630903320147,0.37369670488316525,0.3760484755039215,340400000
2014-01-21,0.37651889023405405,0.3798113865033078,0.37346161031768416,0.3774596154689789,246076000
2014-01-22,0.37816504117913796,0.37863538964062365,0.3725207755353676,0.3769891560077667,337940000
2014-01-23,0.37581335335436183,0.37981135820780987,0.37275604563043563,0.3755781650543213,185028000
2014-01-24,0.37252076483735225,0.37393183821660025,0.3659358024597168,0.3659358024597168,246696000
2014-01-27,0.36593581193153635,0.3711097010638439,0.361467431471801,0.363584041595459,233812000
2014-01-28,0.36287857921968275,0.36734696059472216,0.3614675055148662,0.36711177229881287,167996000
2014-01-29,0.3657006236838031,0.36781723380746106,0.3633488533477257,0.363584041595459,162944000
2014-01-30,0.3657007297346899,0.37040429980616396,0.3645248442256519,0.36969876289367676,202896000
2014-01-31,0.3645247936186324,0.37134494544540364,0.3642896333706653,0.3692283630371094,335348000
2014-02-03,0.3718153325697599,0.3722856811498327,0.36287859740709316,0.36428967118263245,431728000
2014-02-04,0.3640544613221514,0.36711176896460695,0.3621730390779235,0.36640623211860657,280692000
2014-02-05,0.36381920820714225,0.364995093305252,0.36029152487750093,0.363113671541214,214676000
2014-02-06,0.36358403098360326,0.3687579199649015,0.36311368253717846,0.367817223072052,168380000
2014-02-07,0.36875808150791234,0.3736968124471801,0.36546561290528407,0.37322646379470825,157248000
2014-02-10,0.37275602093461296,0.37934098451095943,0.3725208326501541,0.37440225481987,324372000
2014-02-11,0.3765186940213359,0.38310365509294375,0.3746373006025688,0.3821629583835602,235384000
2014-02-12,0.38333897234138065,0.398625509279978,0.38333897234138065,0.3958033621311188,744528000
2014-02-13,0.4056808056936959,0.41061953498155257,0.39862549415979553,0.4082677364349365,902836000
2014-02-14,0.40450498566317716,0.4221432673420445,0.4042697973599974,0.42120257019996643,817536000
2014-02-18,0.4214376871938074,0.4228487326681687,0.41743965492816126,0.42096731066703796,428988000
2014-02-19,0.4209673653718228,0.4303744765999321,0.4190859431262009,0.42661163210868835,450340000
2014-02-20,0.42755234370462153,0.44260369414440376,0.42684683486950636,0.44166299700737,398088000
2014-02-21,0.4409573652508112,0.4466016309644298,0.43554828778850285,0.43837040662765503,451052000
2014-02-24,0.43742982653986057,0.4480127960401033,0.4334318214468332,0.4447203278541565,403112000
2014-02-25,0.4441296027837923,0.44601951982193966,0.43798737945028865,0.4427121579647064,242184000
2014-02-26,0.4417672085505067,0.4483819040285638,0.4405860139352073,0.442003458738327,360884000
2014-02-27,0.4420034436214057,0.4464919717412714,0.4358612205671578,0.4370424151420593,388848000
2014-02-28,0.43468000099999,0.4389323068575258,0.4278290559623217,0.4342075288295746,321692000
2014-03-03,0.4245217321632857,0.4320813715457916,0.42074189839108317,0.4320813715457916,375948000
2014-03-04,0.4342075993300228,0.4394048503722451,0.4334988768783782,0.4365699887275696,260344000
2014-03-05,0.43609751051163537,0.4405860674925397,0.4342076214269435,0.440349817276001,241472000
2014-03-06,0.44105844570534447,0.4434208347193201,0.4334988064930022,0.4342075288295746,290144000
2014-03-07,0.43609746186701837,0.4368061842756754,0.4304277389215647,0.43373507261276245,268452000
2014-03-10,0.4323176291525146,0.4342075460711198,0.42546668384280845,0.4273566007614136,300888000
2014-03-11,0.4294828075037851,0.4353888093676246,0.42806539071246297,0.43160897493362427,297220000
2014-03-12,0.4294827685068968,0.43538876983447344,0.42782910165288807,0.4327901303768158,239428000
2014-03-13,0.433735082312035,0.4353887773565155,0.4169621069669769,0.4190882742404938,385172000
2014-03-14,0.41483593410845476,0.4247579627586706,0.41483593410845476,0.4209781289100647,460048000
2014-03-17,0.4221593234675166,0.42523043494927143,0.4205056567194639,0.4209781289100647,299656000
2014-03-18,0.42263188284793807,0.43373510760636497,0.4207419656596752,0.4309002459049225,293904000
2014-03-19,0.43420768339708343,0.4467283552605924,0.4330264603077101,0.43845996260643005,366168000
2014-03-20,0.4360975359279151,0.44247601052716085,0.4342076467330783,0.4386961758136749,191800000
2014-03-21,0.4424759738531254,0.44601955804259835,0.43562502752300214,0.43798741698265076,566116000
2014-03-24,0.438223679024619,0.4417672633097623,0.42948281525840865,0.4358612895011902,306096000
2014-03-25,0.4405860685480479,0.44105854082035273,0.4325539272712471,0.4358612895011902,304424000
2014-03-26,0.4398773780111309,0.44814574194374207,0.42215942713648613,0.42593926191329956,557756000
2014-03-27,0.42499429826914414,0.4285378826530129,0.4155447117502555,0.42026951909065247,540728000
2014-03-28,0.4195608871242975,0.42546686237194353,0.4183796920747683,0.4228682219982147,398820000
2014-03-31,0.42357678820908834,0.42735662223623666,0.4207419267696776,0.42310431599617004,273404000
2014-04-01,0.4365699742727683,0.4457832813533875,0.4313726952407245,0.44058603048324585,656272000
2014-04-02,0.44058612554250365,0.44153107020935195,0.43586134588444597,0.43775126338005066,239948000
2014-04-03,0.438696140153548,0.45310672714518063,0.43845988994244434,0.44247597455978394,599548000
2014-04-04,0.44483843455898137,0.4474370746455597,0.4268842605253141,0.4287741780281067,368032000
2014-04-07,0.42901041133329304,0.4384599709324517,0.4266480214335034,0.43019160628318787,428576000
2014-04-08,0.4301915436084504,0.44672829865964214,0.4294828211093857,0.44554710388183594,470692000
2014-04-09,0.4476732277465113,0.45145306216963027,0.441531003849419,0.44507458806037903,421968000
2014-04-10,0.4431846127150616,0.44932680725425916,0.43279008415642983,0.4342075288295746,372748000
2014-04-11,0.43090019113120553,0.43751488636834923,0.422395578946035,0.42806532979011536,353112000
2014-04-14,0.4309002133314194,0.4344437972308245,0.4280653518442757,0.4327901303768158,290184000
2014-04-15,0.43326264976065665,0.438223679024619,0.4290103429861038,0.4358612895011902,304636000
2014-04-16,0.43798739660969555,0.4384598688472675,0.4313727007979808,0.43680620193481445,235136000
2014-04-17,0.4351526280742919,0.4424760478893373,0.43420768339708343,0.43845996260643005,153532000
2014-04-21,0.438696096918348,0.4431846533536265,0.4358612354740095,0.442003458738327,117004000
2014-04-22,0.4427122642893952,0.44861826701274327,0.4403498744648192,0.4457833766937256,255120000
2014-04-23,0.4464920761657,0.4521618283483945,0.4457833536226249,0.45098063349723816,261580000
2014-04-24,0.4540516117064104,0.4597213340534939,0.4540516117064104,0.4549965560436249,391492000
2014-04-25,0.45405169982769156,0.458304006494231,0.44153100187727307,0.44247597455978394,313600000
2014-04-28,0.44601953155008117,0.4483819208694094,0.4351525294164105,0.44058603048324585,226788000
2014-04-29,0.4422396951437967,0.4431846677639029,0.4365699720707671,0.4415309727191925,171300000
2014-04-30,0.440822272435599,0.441294744658248,0.435388771470382,0.43633371591567993,305740000
2014-05-01,0.44294848282587,0.44389342742328847,0.4351525913304967,0.4386961758136749,198104000
2014-05-02,0.44082233502101226,0.44082233502101226,0.4327901934480165,0.43538883328437805,156376000
2014-05-05,0.43491638339643823,0.44342099824791453,0.4344439110517804,0.4401136636734009,239260000
2014-05-06,0.44436588084950457,0.4481456870010066,0.4299552942117885,0.43113648891448975,416188000
2014-05-07,0.4311365026698502,0.43515255915478557,0.4268841959720759,0.43160897493362427,293900000
2014-05-08,0.42995524769265026,0.44389333241172807,0.4278290805606875,0.4370424151420593,432728000
2014-05-09,0.4238130768400713,0.42782913325701993,0.41837957549389215,0.4264116883277893,539532000
2014-05-12,0.42735663477208774,0.4398773036721525,0.4271203845777481,0.4389323592185974,299856000
2014-05-13,0.4330263230893897,0.4401135185702813,0.43042771196956564,0.43184512853622437,221104000
2014-05-14,0.4320814001933054,0.4337350670175719,0.42735662174574335,0.42759284377098083,214320000
2014-05-15,0.4266478882397608,0.4290102774020443,0.42097813735314027,0.4252304434776306,325896000
2014-05-16,0.4219232306128917,0.4273567328728616,0.4219232306128917,0.4242856204509735,283960000
2014-05-19,0.4287741093547826,0.4403498064422994,0.42688419215468293,0.43798741698265076,360076000
2014-05-20,0.4381060302710801,0.4392926652192705,0.4307489105672646,0.4328848421573639,256200000
2014-05-21,0.4345461254265088,0.4383433685773617,0.4302742339547014,0.4328848421573639,216712000
2014-05-22,0.4319356293466174,0.4371568184736752,0.4319356293466174,0.43478354811668396,130364000
2014-05-23,0.43715684323123066,0.4409540873341121,0.4345462343740477,0.4388181269168854,182656000
2014-05-27,0.4414287197858279,0.4466499090194702,0.4400047462259188,0.4466499090194702,209680000
2014-05-28,0.44831121012742614,0.45329506088371396,0.4440393178423122,0.450447142124176,224676000
2014-05-29,0.4502096937283472,0.45400693667398373,0.4487857488424389,0.44973504543304443,171884000
2014-05-30,0.4497352279518496,0.45210849868312963,0.44736195722056954,0.4509218633174896,239128000
2014-06-02,0.45234576753054206,0.45519368631192336,0.44570060484624274,0.44949784874916077,181500000
2014-06-03,0.4504471510125418,0.4509217994332283,0.4416660279175746,0.44759923219680786,243212000
2014-06-04,0.4464124913511368,0.4513963410262878,0.44617515305115474,0.44807377457618713,161236000
2014-06-05,0.44878575622495936,0.45139633603787216,0.44617514812043885,0.44997239112854004,188696000
2014-06-06,0.45210842961010245,0.4556683351631409,0.45044714601034075,0.4516337811946869,161052000
2014-06-09,0.45115902696588,0.4563802148941195,0.44807377055186326,0.45210832357406616,247456000
2014-06-10,0.4504471667699839,0.45661768132960867,0.4485485447292059,0.45448172092437744,217608000
2014-06-11,0.4528203696430142,0.46160149173415943,0.4528203696430142,0.460414856672287,266228000
2014-06-12,0.4604149370194594,0.46539878817409036,0.45638035447172753,0.4632628560066223,337148000
2014-06-13,0.4680092298817361,0.46824656816738186,0.45922810939533176,0.4637373387813568,227852000
2014-06-16,0.4616014850288253,0.46539870019669094,0.45827888992888044,0.4623134434223175,198620000
2014-06-17,0.46278808929325893,0.4672972908463192,0.4604148193618358,0.4653986692428589,157608000
2014-06-18,0.4642121103067977,0.4670600573242357,0.4599402180722546,0.4649240970611572,215536000
2014-06-19,0.45638024729007803,0.4587535172706168,0.45092172067651687,0.45424431562423706,474592000
2014-06-20,0.4554309870105073,0.45709227047132484,0.44570056799604296,0.4492604732513428,353148000
2014-06-23,0.44332729847253194,0.4442765952253518,0.4381060814571862,0.4440392851829529,414200000
2014-06-24,0.4433272801664304,0.44688718527992566,0.4352581449342079,0.4371567666530609,275780000
2014-06-25,0.4383434399625541,0.4419033453868639,0.43430888613999236,0.44166600704193115,215420000
2014-06-26,0.44166601733718475,0.4419033556876498,0.43430889626375113,0.4357328414916992,256908000
2014-06-27,0.43525799957823214,0.4388179035028847,0.43264739205017966,0.4362073242664337,302820000
2014-06-30,0.43454614985359186,0.4411913115953237,0.43454614985359186,0.4400046765804291,180512000
2014-07-01,0.43952993379466915,0.4475990671371714,0.43810596076610864,0.4449884593486786,321180000
2014-07-02,0.4433273375034332,0.4452259594678414,0.4407167287659203,0.4433273375034332,179284000
2014-07-03,0.43929280884510963,0.44854858144211535,0.43929280884510963,0.44736194610595703,136892000
2014-07-07,0.4480738313875117,0.44831116971758594,0.4430899527888462,0.4438019394874573,127496000
2014-07-08,0.4426153223084576,0.44451394415094864,0.43597016000554556,0.44024205207824707,221940000
2014-07-09,0.44403911213569935,0.4554308101881201,0.4407165182124594,0.4535321891307831,387668000
2014-07-10,0.4449885761162279,0.45305771157611746,0.4414286709022915,0.4511590898036957,266308000
2014-07-11,0.45163367526997306,0.4535322967779532,0.4499723920598434,0.45210832357406616,191188000
2014-07-14,0.4540070781141171,0.45899095749647845,0.452345794417202,0.4578043222427368,272636000
2014-07-15,0.45851624410478936,0.46088951427610053,0.4554309872237624,0.45970287919044495,395440000
2014-07-16,0.46160172583701603,0.46516163282805206,0.4566178447329153,0.45922842621803284,319728000
2014-07-17,0.4540069657210085,0.46278808705815166,0.4540069657210085,0.4580415189266205,324832000
2014-07-18,0.44854854332803384,0.4521084490340164,0.4369195010468549,0.4376314878463745,567816000
2014-07-21,0.43597016000554556,0.44332730903584333,0.43597016000554556,0.44024205207824707,243364000
2014-07-22,0.4435645339651367,0.44593780373992353,0.4373940495256552,0.438343346118927,298816000
2014-07-23,0.43858077807538515,0.4388180881285788,0.4286130202593021,0.42908766865730286,297352000
2014-07-24,0.4314609296421583,0.4326475647573983,0.4267143891811984,0.4297996461391449,254576000
2014-07-25,0.42837572592556694,0.429325051110715,0.4214932527184211,0.42220523953437805,266132000
2014-07-28,0.4241037545955788,0.4241037545955788,0.413424039213536,0.4205438494682312,330352000
2014-07-29,0.42078128831527617,0.4276637901806331,0.42054394993344335,0.42196792364120483,217972000
2014-07-30,0.42457846643887553,0.4302743037981115,0.4233918312980669,0.42908766865730286,246184000
2014-07-31,0.4238664450315842,0.4271890118374781,0.4146106747152609,0.4153226613998413,401880000
2014-08-01,0.41532270101960667,0.42220520190495975,0.41389872751460566,0.41983193159103394,219884000
2014-08-04,0.41935719714815334,0.42291710212883193,0.41674661713728833,0.4188825488090515,241724000
2014-08-05,0.4176959211705575,0.4252904078963551,0.41413601612719375,0.4191198945045471,298136000
2014-08-06,0.41627196430379626,0.4238664513300228,0.41318673577745463,0.4186452627182007,223456000
2014-08-07,0.4222051043039862,0.42600231895349877,0.41152536206853785,0.4143733084201813,407696000
2014-08-08,0.4324103459551815,0.45329513404876964,0.4324103459551815,0.4509218633174896,894348000
2014-08-11,0.45139638438246266,0.4532950060898558,0.447361830936509,0.44854846596717834,344624000
2014-08-12,0.44831115593601095,0.4509217360285171,0.4435645875217228,0.44854846596717834,296152000
2014-08-13,0.44926046803127395,0.45495633334853924,0.44641254951844717,0.4511590898036957,256596000
2014-08-14,0.4528203797820782,0.4528203797820782,0.4442765958286489,0.446175217628479,255992000
2014-08-15,0.44759917545764866,0.4544816474141952,0.4433272836297596,0.4518710672855377,369796000
2014-08-18,0.45376962741236876,0.4585161955439,0.4492604258810864,0.4580415189266205,284076000
2014-08-19,0.45816078765128726,0.46412020933009074,0.456492126847811,0.46173644065856934,248260000
2014-08-20,0.46006771912028077,0.4622131276914872,0.45768395076344726,0.458875834941864,221468000
2014-08-21,0.457684010129937,0.4600677787959707,0.4538699973143414,0.45458510518074036,272796000
2014-08-22,0.45410826840711294,0.4586374450377239,0.45124775225011354,0.45482340455055237,251224000
2014-08-25,0.4567303355388259,0.45982923927696295,0.4545849275277682,0.45553845167160034,153380000
2014-08-26,0.45673054462354973,0.46459698743173417,0.4550619121289084,0.46364349126815796,269636000
2014-08-27,0.4607828555486929,0.46435850808579016,0.45768395099985654,0.45839908719062805,182972000
2014-08-28,0.45744562157493013,0.4631666546472886,0.4560153490984594,0.4622131586074829,179704000
2014-08-29,0.46388185110066904,0.46459698743173417,0.45887592519997916,0.46364349126815796,207932000
2014-09-02,0.46483534574508667,0.46483534574508667,0.4605445564517936,0.46483534574508667,192636000
2014-09-03,0.46721905512710743,0.4707947076816401,0.4641201505631603,0.4691260755062103,259456000
2014-09-04,0.4684110276710421,0.480329900184571,0.4681726394224005,0.4774693548679352,491832000
2014-09-05,0.4769924585240798,0.47913786697251276,0.4729400582327179,0.47603896260261536,253792000
2014-09-08,0.4755623339221472,0.476515830082767,0.46984127170813106,0.4717482924461365,319288000
2014-09-09,0.46960276229943937,0.4727016664595457,0.4653119741098119,0.46578872203826904,198588000
2014-09-10,0.4684109082056884,0.4691260443524563,0.4631665954072301,0.4674573838710785,172376000
2014-09-11,0.46412011904546374,0.46578875110757934,0.4576839221509689,0.4626898467540741,250720000
2014-09-12,0.4655504523562824,0.4655504523562824,0.4553002414101937,0.45577698945999146,262536000
2014-09-15,0.45720723284718984,0.4579223690846284,0.447672158792708,0.4495791792869568,294152000
2014-09-16,0.448387295425983,0.4586375057269523,0.4469570229498432,0.4562537372112274,219936000
2014-09-17,0.4550619115467942,0.460782945354465,0.45291650255634325,0.456492155790329,173584000
2014-09-18,0.4593527011756439,0.4638818505726242,0.4579224285151418,0.4634051024913788,219604000
2014-09-19,0.46483525372518797,0.4653120016818948,0.45410826840711294,0.45482340455055237,601316000
2014-09-22,0.4641202403209942,0.4641202403209942,0.4498175989200652,0.4502943754196167,221464000
2014-09-23,0.44791057811286206,0.4533932521060853,0.44624194561495045,0.44838735461235046,196144000
2014-09-24,0.44814896523937825,0.45243975480665805,0.44767221715785066,0.45100948214530945,159592000
2014-09-25,0.45053267375055067,0.4517245580031939,0.440282463494467,0.4412359595298767,298440000
2014-09-26,0.44266629252220285,0.4455268094362911,0.4407592717738887,0.4421895444393158,241188000
2014-09-29,0.4386138613892585,0.4445732830623264,0.4343230721012968,0.44147437810897827,208540000
2014-09-30,0.439567328058502,0.44290462102202616,0.43456140282159694,0.4398057162761688,277204000
2014-10-01,0.44052091243286545,0.44361978918347555,0.4343231020981133,0.43551498651504517,350976000
2014-10-02,0.43479988000879644,0.4369452607397405,0.42359614298764786,0.4336079955101013,288996000
2014-10-03,0.43623015204135857,0.4421895745248263,0.43456149101257324,0.43456149101257324,239140000
2014-10-06,0.43623012326570293,0.43980577651991776,0.42907878834050717,0.43193933367729187,199032000
2014-10-07,0.4300323426045037,0.4343231324890515,0.42693343722028754,0.42741018533706665,301896000
2014-10-08,0.42693337759875355,0.43742197678699374,0.42359608441381913,0.4352765679359436,260172000
2014-10-09,0.4333695779581764,0.43384635445885,0.42335775452905205,0.4269334077835083,306956000
2014-10-10,0.42359605256338967,0.4250263250232134,0.4014269999366929,0.4016653597354889,691376000
2014-10-13,0.4042875172369247,0.412392347163974,0.39975836846648677,0.400235116481781,397628000
2014-10-14,0.4057177022010378,0.4207354461529776,0.40333393422189673,0.40953174233436584,376620000
2014-10-15,0.4035723814174459,0.4178750208082015,0.4009502531222709,0.4157296121120453,404428000
2014-10-16,0.408339859608353,0.420735447454892,0.40738633536369256,0.4159679114818573,351116000
2014-10-17,0.4209739862299443,0.4257415239086364,0.4135842914612651,0.4152529239654541,290716000
2014-10-20,0.4152528349041092,0.42264252808788405,0.4123923185937563,0.41882848739624023,200336000
2014-10-21,0.42192745250185976,0.43718358904270826,0.42073556816664176,0.4367068409919739,351092000
2014-10-22,0.43599164397892415,0.437421916348671,0.4264565706253052,0.4264565706253052,239512000
2014-10-23,0.4338462647171216,0.4390905493888497,0.43074736018758586,0.43599164485931396,214476000
2014-10-24,0.4386138619851808,0.44314301109616033,0.4359917050787627,0.44052088260650635,210156000
2014-10-27,0.44028255307090763,0.4424279337954429,0.435515015090369,0.4407593011856079,145092000
2014-10-28,0.4395673866187934,0.45172461900417366,0.43909063853670843,0.4512478709220886,192580000
2014-10-29,0.4493408507777954,0.45196300785791793,0.44433492486729464,0.44838735461235046,168340000
2014-10-30,0.44719543949809487,0.44910243169807357,0.43980574526450344,0.44552677869796753,170260000
2014-10-31,0.455776873456886,0.46602711021087595,0.4533931053978437,0.46578872203826904,256316000
2014-11-03,0.47651583015244614,0.47818449105892347,0.47127154443473884,0.4736553132534027,308732000
2014-11-04,0.4767541886697523,0.48152172600976756,0.4688877463753743,0.479853093624115,360196000
2014-11-05,0.48271363876153545,0.48295199857847776,0.47627744061910354,0.479853093624115,335652000
2014-11-06,0.48080656072595934,0.4827136096470603,0.4734168669279334,0.481998473405838,394088000
2014-11-07,0.4874812064304893,0.4932022402277396,0.46698075480950596,0.4717482924461365,450800000
2014-11-10,0.4712714571271316,0.48032981106002526,0.4700795729386078,0.47723090648651123,293388000
2014-11-11,0.47437054032487974,0.4769926694769386,0.4674575923783147,0.47151002287864685,212992000
2014-11-12,0.46984130252221556,0.4710331870095418,0.461974859222509,0.46841105818748474,204584000
2014-11-13,0.470079631083212,0.4707947673681343,0.4622131887825949,0.46602723002433777,225328000
2014-11-14,0.46650400672919606,0.4717482924461365,0.46197482892433755,0.4717482924461365,160248000
2014-11-17,0.4696027934551239,0.4746087180779323,0.46650388908942153,0.4696027934551239,158732000
2014-11-18,0.46984118364621075,0.48199844212446646,0.4686492994604469,0.48080652952194214,207772000
2014-11-19,0.4811656961631588,0.48260202172594135,0.4739841254232968,0.479011207818985,240300000
2014-11-20,0.47565967191226033,0.4873895842686638,0.4742233467953076,0.48691079020500183,220968000
2014-11-21,0.49121987700778547,0.4919380397292044,0.4854746323104801,0.48954418301582336,198976000
2014-11-24,0.4907412596330397,0.4948108118045056,0.4888261964020205,0.4926563799381256,136004000
2014-11-25,0.49169857679688006,0.4960075527984367,0.4907410455989925,0.49241673946380615,190240000
2014-11-26,0.4895441839092187,0.5012740989484065,0.4893047582856115,0.500795304775238,219264000
2014-11-28,0.5024708408557333,0.5048646968211515,0.49792249739923006,0.5019920468330383,124832000
2014-12-01,0.49983795266554765,0.5027105475120764,0.49193821695797674,0.4926563799381256,190060000
2014-12-02,0.4921775394855749,0.4955289283629299,0.4876291933954153,0.4933744966983795,245952000
2014-12-03,0.4957682615792005,0.5063012205465913,0.49433193602136294,0.506061851978302,284424000
2014-12-04,0.505343603347674,0.5072586657167446,0.49816203385259794,0.5015134215354919,185332000
2014-12-05,0.5017530224891872,0.5070195320547876,0.5015136538506813,0.504386305809021,165680000
2014-12-08,0.5036680210526276,0.5086951036903071,0.49385316728385137,0.49792271852493286,226944000
2014-12-09,0.4948106679988557,0.49744395051878576,0.48738972879280285,0.49624699354171753,239448000
2014-12-10,0.4948104285028322,0.49672554732438373,0.4847562687172706,0.4852350056171417,204364000
2014-12-11,0.48810780145232835,0.4914591890509237,0.4840382512148855,0.4849957823753357,135652000
2014-12-12,0.4785324533188146,0.48284140157076294,0.469435791128485,0.46991458535194397,323964000
2014-12-15,0.4754204362598599,0.4840383613498777,0.46704193681996164,0.468478262424469,254696000
2014-12-16,0.4679995777623017,0.47542051857167583,0.46297246581318446,0.4632118344306946,185308000
2014-12-17,0.47254779830570925,0.48284138870638127,0.4572270969888642,0.4821232259273529,345596000
2014-12-18,0.48810778384768494,0.493853027677211,0.47948988956637706,0.48403823375701904,226156000
2014-12-19,0.4873896218186682,0.4907410093004038,0.48284127762257695,0.4888259470462799,325528000
2014-12-22,0.4883474002289352,0.4974440932273865,0.48667170563955026,0.4974440932273865,148976000
2014-12-23,0.5012742187775898,0.5036680760675892,0.49385322122675,0.4943320155143738,109280000
2014-12-24,0.4955287586624721,0.4962469213293982,0.49193800240188323,0.49241673946380615,45644000
2014-12-26,0.49241677920300475,0.495528798652818,0.49121987937756306,0.49289557337760925,52636000
2014-12-29,0.49145908551354894,0.4955286348936458,0.4890652295797256,0.49217724800109863,82944000
2014-12-30,0.4888259232259287,0.49121977946395046,0.4869108039910905,0.4876289665699005,112120000
2014-12-31,0.4883473173695933,0.49098060019817247,0.47853249159602573,0.4799688458442688,166300000
2015-01-02,0.48188382387161255,0.48547463751721887,0.4742234594770169,0.48188382387161255,113680000
2015-01-05,0.4818838203945165,0.483320145842395,0.47159023078344875,0.4737446904182434,197952000
2015-01-06,0.47446288440101003,0.4749416500695042,0.45890281468428906,0.4593815803527832,197764000
2015-01-07,0.46273294611424176,0.46680252544151984,0.4567483042059194,0.4581846296787262,321808000
2015-01-08,0.46345107290842813,0.4782930065196437,0.4632116758358519,0.47542035579681396,283780000
2015-01-09,0.4770961142821271,0.4809262965106433,0.47063267820437815,0.47733548283576965,209540000
2015-01-12,0.4785324190683323,0.4787718161629272,0.46704190073123447,0.47135084867477417,190732000
2015-01-13,0.4749415599783683,0.48451698567999857,0.46728122512446796,0.4706326127052307,236720000
2015-01-14,0.4656055963581271,0.47398409501715083,0.4644086679782665,0.4725477695465088,155260000
2015-01-15,0.47589918378630397,0.47877180617640347,0.4689569820951215,0.4691963791847229,188932000
2015-01-16,0.468478199052588,0.47829302276932484,0.4670418736423749,0.477814257144928,181512000
2015-01-20,0.4811657024028917,0.48379892791944,0.4732659687791951,0.47925063967704773,140308000
2015-01-21,0.47661738965359746,0.4871503774199317,0.4732659727809804,0.4859534204006195,144780000
2015-01-22,0.486911017963534,0.49576834130318537,0.4818839347767533,0.4943320155143738,159712000
2015-01-23,0.4948104821693016,0.49672560119856435,0.4907409327089076,0.49576807022094727,120416000
2015-01-26,0.49361371994018555,0.4960075765867336,0.4905017005922686,0.49361371994018555,133240000
2015-01-27,0.485953421338116,0.486432215561575,0.4689570254420521,0.46991458535194397,357948000
2015-01-28,0.47565971415721164,0.47757480497089555,0.462014709945351,0.4622541069984436,272728000
2015-01-29,0.4624936823529256,0.4761386632882046,0.46033919365554676,0.473505437374115,235340000
2015-01-30,0.47015397056799874,0.47565984749942586,0.45890284812196847,0.45962098240852356,298200000
2015-02-02,0.4624935831175983,0.47159024463496146,0.45339692160023515,0.4696751534938812,259604000
2015-02-03,0.4730265799136031,0.48188387359160756,0.4706327229275535,0.4814050793647766,183468000
2015-02-04,0.47996868595222825,0.48810778617232287,0.4785323321824779,0.48260191082954407,181516000
2015-02-05,0.4830806769055027,0.4907410405579979,0.4826019398484975,0.49050167202949524,140448000
2015-02-06,0.49002283664131596,0.4957681374339863,0.48619265513754784,0.4883471429347992,210524000
2015-02-09,0.4854745718152044,0.4893046964201032,0.48236255276819495,0.48786842823028564,273944000
2015-02-10,0.48834718225749874,0.5017527900631156,0.48619269428676365,0.5015134215354919,226204000
2015-02-11,0.5027102583954569,0.5027102583954569,0.4948105272311464,0.4981619715690613,320832000
2015-02-12,0.5266488362464321,0.5386181163050723,0.5235368177237827,0.5338304042816162,676904000
2015-02-13,0.5326335703917291,0.534788058420621,0.524494469492416,0.5340698957443237,310084000
2015-02-17,0.5331123954776357,0.5383789030514883,0.5297610075097502,0.5357456207275391,203340000
2015-02-18,0.5350273402111013,0.5359849283402729,0.5285639342463753,0.5295214653015137,170948000
2015-02-19,0.5362243247194833,0.5371818558244138,0.5285639617319665,0.530957818031311,169432000
2015-02-20,0.530478975642002,0.5350272617554638,0.5266487949090672,0.5347878932952881,157752000
2015-02-23,0.5345488637160853,0.5345488637160853,0.5278460289156345,0.5304793119430542,125008000
2015-02-24,0.5325216739846982,0.5361262559890747,0.5277155264496644,0.5361262559890747,149356000
2015-02-25,0.5339636287139857,0.5363667604787542,0.5296381175837946,0.5320411920547485,123820000
2015-02-26,0.5325216911233926,0.5366069109302705,0.5291573419055522,0.5334829092025757,152864000
2015-02-27,0.5320411403144458,0.5332427060799794,0.5281962100760712,0.5301187038421631,157492000
2015-03-02,0.5286767872842136,0.5459789427281344,0.5279558593662335,0.5430952310562134,301512000
2015-03-03,0.5390099704464457,0.5416533344173796,0.5313201114298036,0.5330022573471069,160344000
2015-03-04,0.5310798975662818,0.5402115563288664,0.5289171136644303,0.5390100479125977,226840000
2015-03-05,0.5390101801464028,0.5503046255816725,0.5375683238581087,0.5493434071540833,323056000
2015-03-06,0.5462192909046065,0.5488626553551971,0.5414131424705463,0.5418937802314758,257392000
2015-03-09,0.542133870152347,0.5474206543939264,0.5409323048408933,0.5433353781700134,222388000
2015-03-10,0.5457386209040127,0.5563121926693555,0.5447774027327467,0.5527075529098511,527212000
2015-03-11,0.5527075945312129,0.5599168172993032,0.5483820837878824,0.5498239398002625,262120000
2015-03-12,0.5445370435474873,0.548622263228327,0.5344441107929554,0.5447773337364197,406972000
2015-03-13,0.5421340193914868,0.5469401673727677,0.5346844499148389,0.5454983115196228,359288000
2015-03-16,0.5498240268733209,0.5553511042668685,0.5462193862715209,0.5519867539405823,236956000
2015-03-17,0.5507852509677972,0.5589556933579864,0.5469403200507025,0.5587154030799866,299900000
2015-03-18,0.5587150278055976,0.561598681086179,0.5445368796379509,0.5495833158493042,413844000
2015-03-19,0.5515060711060503,0.5599168021273471,0.5474208507108765,0.5579943656921387,310756000
2015-03-20,0.5625602383317042,0.567366386837315,0.5572734520580084,0.5640020370483398,462084000
2015-03-23,0.5471806129191106,0.5543898369376101,0.5454984663775093,0.5457387566566467,426012000
2015-03-24,0.5440566167699107,0.5479015477522386,0.5358861742411014,0.5382892489433289,330480000
2015-03-25,0.5380490904489108,0.5380490904489108,0.503925341107794,0.505607545375824,542552000
2015-03-26,0.49527418141413865,0.5060879886396729,0.4916695408097481,0.5039252042770386,311920000
2015-03-27,0.5068086832119917,0.5157000495470601,0.498638244665582,0.5137776136398315,318288000
2015-03-30,0.5161807775918441,0.5185838515437302,0.5094521361502814,0.5159404873847961,253252000
2015-03-31,0.5144985693065715,0.5149791496625227,0.5024832010008603,0.5029637813568115,357276000
2015-04-01,0.5048863291740417,0.5065684751890813,0.49623525160112303,0.5048863291740417,330768000
2015-04-02,0.5077700454282568,0.5092119014152203,0.5017623885409868,0.5060878992080688,192204000
2015-04-06,0.5039251882924243,0.5224289139849891,0.498638458632106,0.5207467675209045,515864000
2015-04-07,0.5207464484383262,0.5310796684531301,0.5178627378132528,0.5253123044967651,413964000
2015-04-08,0.5257932262883733,0.531080013437324,0.5207467867101607,0.5291575193405151,366432000
2015-04-09,0.5250721319436621,0.5430952147649225,0.5248318417428108,0.5414130687713623,379432000
2015-04-10,0.5418938279738034,0.5471805573407597,0.539971334054517,0.546940267086029,258728000
2015-04-13,0.5457386531436771,0.5488626553551971,0.539490648720637,0.5418937802314758,236724000
2015-04-14,0.5397311392956098,0.541893923852293,0.5320412768455077,0.5373280644416809,220276000
2015-04-15,0.5387698292961571,0.5479014892724332,0.5361264073001762,0.5438162684440613,243560000
2015-04-16,0.5406924130100849,0.5452582728870989,0.5366071910704832,0.5404521226882935,155284000
2015-04-17,0.5291573419055522,0.5387696945787822,0.5289170517092063,0.5334829092025757,293636000
2015-04-20,0.5358859402948922,0.5392502319505323,0.5298782275151388,0.5308395028114319,231624000
2015-04-21,0.5373279265539371,0.5373279265539371,0.5274752820755129,0.5301187038421631,230456000
2015-04-22,0.5332426018443331,0.5368471838487096,0.5250721051997371,0.5361262559890747,207420000
2015-04-23,0.5262740518329021,0.5390103577531455,0.520266334416709,0.5339638590812683,259380000
2015-04-24,0.5337230560867895,0.5339633462186141,0.5233898355991368,0.5293975472450256,240960000
2015-04-27,0.5310798353577181,0.5428549143856601,0.5265139778643488,0.5334829092025757,248456000
2015-04-28,0.5325216739846982,0.538048749379367,0.527475178967254,0.5361262559890747,234484000
2015-04-29,0.5322814823136994,0.5375682690673238,0.5298784078427456,0.5320411920547485,195156000
2015-04-30,0.5293976893956979,0.536126273243779,0.5281961238263692,0.5334829092025757,218844000
2015-05-01,0.5378084561524297,0.5483820276312311,0.5354053821424845,0.5466998815536499,256968000
2015-05-04,0.5462190890824725,0.5498237277230466,0.5416532325690081,0.5433353781700134,200720000
2015-05-05,0.541412913243019,0.542133840932277,0.526994474045427,0.5293975472450256,292928000
2015-05-06,0.5322812772602278,0.5373277718108139,0.5241108386652881,0.5310797691345215,316484000
2015-05-07,0.5289173278348624,0.5421342695284924,0.5272351809946635,0.5404521226882935,534564000
2015-05-08,0.5048862678009539,0.5248317846467685,0.4923902620153081,0.5005607008934021,1146552000
2015-05-11,0.49359175657244353,0.5008010345529093,0.4897468847079192,0.49575453996658325,544144000
2015-05-12,0.4921499718405979,0.5046459203324491,0.491909624372093,0.5005607008934021,388800000
2015-05-13,0.5041653610603449,0.5080102904854242,0.49863828575438046,0.5034444332122803,308524000
2015-05-14,0.5048862757558982,0.5142582802427971,0.503684710275826,0.5116148591041565,293052000
2015-05-15,0.5137778004520615,0.5161808748567633,0.5087313613903314,0.5118553638458252,215824000
2015-05-18,0.5106535696651323,0.5142582083073292,0.5082504963349302,0.5111342072486877,324972000
2015-05-19,0.5118104135185463,0.5135004038458723,0.5069820177350897,0.5079477429389954,253808000
2015-05-20,0.5081891454604628,0.5142246689692925,0.5074648803370425,0.5079477429389954,196824000
2015-05-21,0.5081890110486414,0.510361805844216,0.5038434214574925,0.5043262839317322,239692000
2015-05-22,0.5055333005986534,0.5074646349545399,0.5023948391010954,0.5036019086837769,212592000
2015-05-26,0.5011876908558369,0.5045675546158168,0.49660070000501405,0.5004634261131287,259732000
2015-05-27,0.5038432610494635,0.5296752152376396,0.5021533292661504,0.5272610187530518,432332000
2015-05-28,0.5272611664707924,0.5361936902104091,0.5262954991182123,0.5345037579536438,327656000
2015-05-29,0.5345037615923417,0.5378836261288811,0.5335380942331878,0.5342623591423035,335168000
2015-06-01,0.5376423253426832,0.545609183290424,0.5342624601670385,0.5402979254722595,372660000
2015-06-02,0.5369180768282845,0.5398151371017585,0.5291926211383631,0.5296754837036133,224304000
2015-06-03,0.531123968293217,0.5352280982893417,0.5229156507419588,0.5238813757896423,250788000
2015-06-04,0.5207429138533729,0.534986696393729,0.5207429138533729,0.5332967638969421,323712000
2015-06-05,0.5316067811811737,0.5398150988547694,0.5260541210897748,0.5374009013175964,313320000
2015-06-08,0.5357107617421611,0.5393320278687755,0.5190527879063681,0.5250882506370544,342812000
2015-06-09,0.5255712599752549,0.5316067243939632,0.524605592575342,0.5277440547943115,256888000
2015-06-10,0.5214673087938457,0.5248471746295766,0.5154317847508777,0.518328845500946,529460000
2015-06-11,0.5183287157810009,0.5275026432619253,0.5183287157810009,0.5238813757896423,283052000
2015-06-12,0.5205012107183956,0.5236396717635107,0.508430228836792,0.5096373558044434,323728000
2015-06-15,0.5069820086805179,0.5110861968262724,0.5031193381699534,0.5086719989776611,306548000
2015-06-16,0.5077061341466165,0.5156729906116547,0.5026363373266836,0.5149487257003784,256892000
2015-06-17,0.5147071906418424,0.5238811721151149,0.5135001211400355,0.5209841132164001,233544000
2015-06-18,0.525329950852416,0.5330553489833239,0.523881420715679,0.5296754837036133,299404000
2015-06-19,0.5296753859335713,0.5340209179826493,0.5231570590804527,0.5279854536056519,355656000
2015-06-22,0.5289510878858175,0.5318481474431781,0.5178457696612672,0.5258126258850098,514236000
2015-06-23,0.5267782827376816,0.5308824119896258,0.5081889711051115,0.5122931003570557,414064000
2015-06-24,0.5115688999290744,0.5142245573247117,0.5048091703234642,0.50722336769104,253368000
2015-06-25,0.5072234972232765,0.514224688644878,0.5072234972232765,0.5110862255096436,350460000
2015-06-26,0.5069821700733744,0.5074650328204182,0.4985325036928739,0.5007052421569824,421296000
2015-06-29,0.49491089258278964,0.4999807470566893,0.48501270120827483,0.4857369661331177,391724000
2015-06-30,0.48863408986202833,0.4908068851772211,0.48211576147546664,0.4854956269264221,315916000
2015-07-01,0.49756658371630386,0.5045677158682969,0.48815119661106443,0.4924967288970947,302892000
2015-07-02,0.4922552616409213,0.4961179884751436,0.4898410645644071,0.4929795265197754,145764000
2015-07-06,0.48887550181114714,0.49563523204762555,0.48332284159160666,0.4869441092014313,214776000
2015-07-07,0.4840470433149753,0.4859783781130735,0.4625606415013652,0.4777700901031494,594252000
2015-07-08,0.4751145930259831,0.47801162462860564,0.47052759994061516,0.47439032793045044,332492000
2015-07-09,0.4818743362378535,0.4840471314505904,0.46569918851233716,0.4685962200164795,357588000
2015-07-10,0.474631610712331,0.4811499661483001,0.47342451211744796,0.4768044054508209,216708000
2015-07-13,0.4816328502777353,0.4825985177429878,0.4768044553924653,0.4799429178237915,212472000
2015-07-14,0.4806672388081579,0.48115007259703224,0.47390747942539624,0.4801843762397766,249216000
2015-07-15,0.47897717140981017,0.48211563351240627,0.4724588447533417,0.4768044054508209,265732000
2015-07-16,0.4797015405221242,0.4874269962310791,0.47801160787810537,0.4874269962310791,282848000
2015-07-17,0.48573701017330057,0.4862198151276353,0.4782529577910377,0.48452988266944885,220372000
2015-07-20,0.48452972466933436,0.4864611165338888,0.4743901044471368,0.47559720277786255,188412000
2015-07-21,0.4746316278869874,0.4845298482349982,0.4746316278869874,0.4777700901031494,149720000
2015-07-22,0.4743903118042711,0.4743903118042711,0.46280215700819477,0.4685962200164795,356472000
2015-07-23,0.46956193233291027,0.4813914900350806,0.4685962359456975,0.47439032793045044,169916000
2015-07-24,0.47777008326478304,0.47825291695739675,0.46690619567321895,0.46883755922317505,188844000
2015-07-27,0.46473340401276786,0.47149316209332626,0.4608707056663784,0.4661819338798523,192420000
2015-07-28,0.467389025282743,0.4794600113901404,0.46256063083978405,0.47632157802581787,198308000
2015-07-29,0.4753559273174576,0.4859784133752649,0.4734245635997196,0.4821156859397888,232680000
2015-07-30,0.48090863235202364,0.48815125416821414,0.48090863235202364,0.4833228588104248,190180000
2015-07-31,0.48525424481987023,0.48549564734537237,0.478735916159161,0.48163294792175293,218340000
2015-08-03,0.48549566162442237,0.49032405763058806,0.4792187640841131,0.4898412525653839,397132000
2015-08-04,0.48815120548077295,0.4932210028330942,0.48621981299488354,0.49177247285842896,260100000
2015-08-05,0.5038433965256072,0.5043262589759532,0.49587654022839733,0.49684226512908936,234628000
2015-08-06,0.49563511716147085,0.49925644149089843,0.48549546659807113,0.49370378255844116,655676000
2015-08-07,0.542229314811506,0.5641984958783719,0.5282269340848352,0.5547831654548645,1405248000
2015-08-10,0.5509204881218651,0.5782009294687322,0.5475405650987799,0.5740967988967896,662304000
2015-08-11,0.5656470545765614,0.576752375698402,0.5656470545765614,0.5711997151374817,435008000
2015-08-12,0.56202571050121,0.5767522974577431,0.56202571050121,0.5726481676101685,384048000
2015-08-13,0.5733724339718903,0.574579561461207,0.566371244187271,0.5678197741508484,276884000
2015-08-14,0.5673369658754482,0.5716825561815781,0.5639571006766887,0.5683026909828186,214652000
2015-08-17,0.5673368314942798,0.5673368314942798,0.557680043180011,0.5646812319755554,273880000
2015-08-18,0.56293590772382,0.5668148882032156,0.5551779467650286,0.5595418214797974,287084000
2015-08-19,0.5588144393674542,0.5651177746355707,0.5512988975626129,0.5573598146438599,249248000
2015-08-20,0.551056646471513,0.5537234207392838,0.5345709909405135,0.537237823009491,426932000
2015-08-21,0.5333588728189566,0.542328984787244,0.5200248851031499,0.5205097794532776,382664000
2015-08-24,0.49141705055008666,0.5292370452453059,0.48487130002242584,0.5020842552185059,682284000
2015-08-25,0.524146078728019,0.5260855975648757,0.4916597306728363,0.4916597306728363,622684000
2015-08-26,0.5076604443014939,0.5292372210845167,0.5037814647515643,0.528752326965332,614976000
2015-08-27,0.5343283728876974,0.5488745034930678,0.5311767054764154,0.5486320853233337,463764000
2015-08-28,0.5486320301830481,0.5544504702801766,0.5447530508512359,0.5510563850402832,320944000
2015-08-31,0.5483898098154084,0.5522687905461816,0.5428137858526471,0.5449956655502319,219352000
2015-09-01,0.5292371790403545,0.5382072860237899,0.5188124476161073,0.5226913690567017,353408000
2015-09-02,0.5369952585358139,0.5386923016814636,0.5280251485654376,0.5384498834609985,344044000
2015-09-03,0.5464500481901731,0.549116878772973,0.5389345660958603,0.5399042963981628,262556000
2015-09-04,0.5306917608678327,0.5391770318146223,0.5270552574629082,0.5272976756095886,287972000
2015-09-08,0.5401468440336209,0.5520262020383521,0.537964964780588,0.5498442649841309,238448000
2015-09-09,0.5515413172871655,0.5561475513737406,0.5377224416238907,0.5389346480369568,289392000
2015-09-10,0.5357830237292157,0.5542081349579636,0.5333586685096748,0.5474199056625366,357076000
2015-09-11,0.5413588922864521,0.5527533527920054,0.5391769558701212,0.549116849899292,301584000
2015-09-14,0.5517836001864802,0.5534806425078177,0.5471773094278963,0.5500865578651428,192460000
2015-09-15,0.5503288987034054,0.5590565849886361,0.5486318566203273,0.5561473369598389,327976000
2015-09-16,0.5551777573517831,0.5631781337981276,0.5510563600614203,0.5600264668464661,173508000
2015-09-17,0.5697240710551639,0.5748152581405676,0.5639056293301834,0.5651178359985352,268712000
2015-09-18,0.5573597677985064,0.5694815431409921,0.5539656822628471,0.5646328330039978,326412000
2015-09-21,0.56536019050714,0.5716635257494426,0.5624509410718653,0.5704513192176819,281840000
2015-09-22,0.5580869431038467,0.5619659218214941,0.5520260280198033,0.5549352765083313,228356000
2015-09-23,0.5554202896726261,0.5609963125179795,0.5532384104122792,0.5576022267341614,161632000
2015-09-24,0.5542080784656549,0.5740878123599563,0.5454803890047133,0.5682693719863892,382440000
2015-09-25,0.5753000460753521,0.5835429004422521,0.5668148313168836,0.5723908543586731,369692000
2015-09-28,0.5723908465842984,0.5760273506310528,0.5612388006521898,0.5648753046989441,395584000
2015-09-29,0.5709361743608238,0.575784884554026,0.5629357967619215,0.5748151540756226,380736000
2015-09-30,0.5801487735303756,0.5983314679409861,0.5767546875287447,0.5976041555404663,556380000
2015-10-01,0.5976042465042629,0.5993012897633923,0.5689968137333368,0.5859673619270325,489296000
2015-10-02,0.5828154092837747,0.6012405157089233,0.5767544939144666,0.6012405157089233,386144000
2015-10-05,0.605119570958617,0.6237870978574921,0.6019679038171105,0.6162716150283813,482024000
2015-10-06,0.6097259177962107,0.6269388217571462,0.6073015626833528,0.6242720484733582,453216000
2015-10-07,0.6257268201785637,0.6371212861071496,0.6155445031907301,0.6308179497718811,310152000
2015-10-08,0.6281510346269645,0.63615141236119,0.6174838257805398,0.6344543695449829,460068000
2015-10-09,0.6310601029074421,0.6371210184687629,0.6201505358187089,0.6320298910140991,423248000
2015-10-12,0.6327571103631978,0.6424545862846984,0.6281508772168614,0.6388180255889893,227588000
2015-10-13,0.6337270492252572,0.6439093059939889,0.6315451122885926,0.6400303840637207,298444000
2015-10-14,0.6407577010393504,0.673729003070335,0.6400304464574171,0.6633042693138123,612148000
2015-10-15,0.6645163194334068,0.6785776130180651,0.6577281486002492,0.6650012135505676,526048000
2015-10-16,0.6671831513174057,0.6817292812385669,0.6654860508055395,0.6754259467124939,448396000
2015-10-19,0.6776079703135359,0.6807596379801658,0.6664559243856438,0.6742138266563416,294712000
2015-10-20,0.6713046575080289,0.6763957864628848,0.6662134707519815,0.6732441186904907,264824000
2015-10-21,0.6773652956431248,0.6814867504607578,0.6633040621635056,0.6645162105560303,386280000
2015-10-22,0.672274220474745,0.6906993283187913,0.6713044901253062,0.6885173916816711,306884000
2015-10-23,0.6945785616100182,0.6977302297495276,0.6841538264873022,0.6931239366531372,381776000
2015-10-26,0.6936088439164101,0.6953058871308713,0.6836689450587381,0.6899722814559937,247436000
2015-10-27,0.6865781479020963,0.693851214522525,0.6860932536735895,0.6894873976707458,208268000
2015-10-28,0.6938512650352101,0.6950634717941284,0.6836689479048544,0.6950634717941284,217036000
2015-10-29,0.6839110753713481,0.6909416629055066,0.6698497847006906,0.6710619330406189,327168000
2015-10-30,0.6783352112083111,0.6926389232956855,0.6732440251595604,0.6877901554107666,301160000
2015-11-02,0.6899721478469831,0.696517901206987,0.6858507497240617,0.6957905888557434,190088000
2015-11-03,0.6916691825551995,0.6955481624489078,0.6831839682263258,0.6909418702125549,376768000
2015-11-04,0.6890024320520242,0.6940935608184541,0.676395761429029,0.6795474290847778,442264000
2015-11-05,0.6829413920076101,0.6848809105703899,0.6698498873638569,0.6717893481254578,478800000
2015-11-06,0.7382168633510231,0.7743397723119351,0.7229434201742935,0.7648847699165344,1172272000
2015-11-09,0.7573694231320375,0.7636727592009819,0.7508236110442285,0.7614908218383789,492568000
2015-11-10,0.7515508409398473,0.7556722969946391,0.730943849671838,0.7469446063041687,552260000
2015-11-11,0.7474295509968161,0.7527631565808863,0.7370048158560412,0.7396716475486755,619896000
2015-11-12,0.7379744875558214,0.7447627175565273,0.7338530890345185,0.7370047569274902,291080000
2015-11-13,0.7377321674891285,0.740883835801365,0.7188221576157103,0.7224587202072144,292940000
2015-11-16,0.7319136277778562,0.7374896511422527,0.7260951284054814,0.7370047569274902,344280000
2015-11-17,0.7389442759853464,0.7433080927134337,0.7338530890345185,0.7370047569274902,257048000
2015-11-18,0.7400468335482062,0.7561084112988504,0.7320160736832295,0.7551349401473999,350216000
2015-11-19,0.7578114905052954,0.7648687754166477,0.7517275601796087,0.757324755191803,254072000
2015-11-20,0.7629220988312385,0.7682759562400181,0.7582983155245957,0.7638955116271973,239744000
2015-11-23,0.7702227990276926,0.7702227990276926,0.7497808977734952,0.7524577975273132,242552000
2015-11-24,0.7524581265450622,0.765112672770352,0.7490511511830834,0.7585420608520508,195428000
2015-11-25,0.7570815627788738,0.7660857326627293,0.7548913404760969,0.7575682401657104,138300000
2015-11-27,0.7590283896267325,0.7663290726274297,0.7551346804222264,0.7638955116271973,86996000
2015-11-30,0.7646256006927957,0.7753333157199013,0.7638955265763716,0.7719262838363647,327244000
2015-12-01,0.7787404422834454,0.7977222569912104,0.7780103680238635,0.7969921827316284,409496000
2015-12-02,0.7982086009312446,0.8064826950547137,0.7892044328532742,0.7909079194068909,294240000
2015-12-03,0.7972351137824625,0.8055092071322189,0.7853106510015466,0.7892043590545654,246656000
2015-12-04,0.7892045407916831,0.8227877152092299,0.7892045407916831,0.8213275671005249,458756000
2015-12-07,0.8210842533821885,0.8210842533821885,0.8033192529011418,0.8057528138160706,333588000
2015-12-08,0.7957752773899109,0.8201108897177738,0.7906648162072627,0.8167039155960083,314488000
2015-12-09,0.816460316292865,0.8213274372050199,0.7877442680987564,0.7960183620452881,372676000
2015-12-10,0.7984519537203555,0.8069694446599842,0.7957750545202025,0.8025890588760376,236596000
2015-12-11,0.7945585614167079,0.8001557583051964,0.7889613645282193,0.7906648516654968,227320000
2015-12-14,0.7913949069416314,0.7969921036962466,0.7831207521604537,0.7926116585731506,275892000
2015-12-15,0.801615678666273,0.8079429484173539,0.7972352923881915,0.8023457527160645,307296000
2015-12-16,0.8040493730029219,0.8098899663710726,0.796992086050867,0.8072130084037781,236356000
2015-12-17,0.8084296914800093,0.8167037867621204,0.794558400443372,0.7950450778007507,254160000
2015-12-18,0.7894478513762143,0.7974786076676416,0.7811737564155514,0.7821471691131592,395896000
2015-12-21,0.7906647878868346,0.8013724453234267,0.7836074431583349,0.8006423711776733,284216000
2015-12-22,0.8030760749832939,0.8094033466900291,0.7965054645249718,0.8013725876808167,130012000
2015-12-23,0.8025892189765544,0.8076996797473703,0.8011290707504151,0.8045360445976257,122524000
2015-12-24,0.8021025472273225,0.8091598922000538,0.8008857376020656,0.8072130084037781,52448000
2015-12-28,0.7986953731228082,0.80648273229599,0.7875009826644062,0.80648273229599,142024000
2015-12-29,0.8069697617247039,0.8220578662788168,0.8047795389618448,0.8196243047714233,203660000
2015-12-30,0.8188939670854308,0.8259513105927854,0.8123233589312493,0.8125666975975037,180344000
2015-12-31,0.8113501937567331,0.815000506946773,0.8021026253700256,0.8021026253700256,148528000
2016-01-04,0.7857976963104041,0.7928549832940806,0.7797137641982123,0.7877445220947266,358076000
2016-01-05,0.8025891680085308,0.8137835596704759,0.7909080409618917,0.8003989458084106,490272000
2016-01-06,0.7872574942591616,0.7909078637749032,0.7582981088433466,0.7673023343086243,449344000
2016-01-07,0.7480775606005534,0.7531880808490903,0.7271489181140953,0.7368832230567932,645304000
2016-01-08,0.7463738897622783,0.7471039639040746,0.7196047173055491,0.7210648655891418,398472000
2016-01-11,0.7217948978171211,0.7273920938987546,0.7093836961479613,0.7222815752029419,409372000
2016-01-12,0.7351795203663756,0.7451571619416244,0.7293389850666422,0.7344494462013245,469356000
2016-01-13,0.7400467995732387,0.7449139810449705,0.7113307944203564,0.7120608687400818,481672000
2016-01-14,0.6974592495350548,0.7057334035544957,0.6770173482378997,0.6977026462554932,600236000
2016-01-15,0.669716718851788,0.6777474767958361,0.6483013449941004,0.659739077091217,841452000
2016-01-19,0.6733669815409582,0.6923487927288655,0.6624159276986005,0.6650928854942322,457140000
2016-01-20,0.6524383980292606,0.6772607462189628,0.6436775658434435,0.6687432527542114,481180000
2016-01-21,0.676044220012931,0.6869952203811925,0.6621728639147314,0.6765308976173401,481456000
2016-01-22,0.6894286598718106,0.6969727416056374,0.6879685112768321,0.6923489570617676,257996000
2016-01-25,0.6921053567039156,0.7001361129201813,0.6901584733062566,0.6916186213493347,270728000
2016-01-26,0.6930789434080675,0.7013530403687205,0.6860215981083674,0.6984327435493469,227944000
2016-01-27,0.6974591686991508,0.6996493908052142,0.6770172697712231,0.690158486366272,231700000
2016-01-28,0.6957558441589456,0.6981894055039098,0.6692300080926319,0.6826146245002747,276776000
2016-01-29,0.6884551733044562,0.71425093565907,0.6857782731799503,0.7127907872200012,310504000
2016-02-01,0.7120606805511643,0.7166844059931801,0.7059767488349243,0.7130340933799744,289884000
2016-02-02,0.7057335142298078,0.709383827381441,0.6779908673822607,0.6828579902648926,341908000
2016-02-03,0.6882116964813277,0.6923487442148007,0.6704466960854721,0.6862648129463196,326772000
2016-02-04,0.6872382543984392,0.7020830171426139,0.6796942326895447,0.6865082383155823,348140000
2016-02-05,0.6818843726666223,0.689428393464621,0.641243856573797,0.6431906819343567,600428000
2016-02-08,0.6334565024375189,0.6366201374802981,0.6047404483632681,0.6137446761131287,608852000
2016-02-09,0.6064440210650356,0.6461110722430887,0.603523724577553,0.6203153133392334,425372000
2016-02-10,0.6242089759040876,0.642217314839854,0.6154481451183811,0.6188551187515259,335800000
2016-02-11,0.6030370599920729,0.6220188733490717,0.6030370599920729,0.615691602230072,340144000
2016-02-12,0.6254257791438096,0.6273726628245,0.6023069198225693,0.6261558532714844,340816000
2016-02-16,0.6351600360268908,0.6577922183903503,0.633213210328432,0.6568187475204468,485352000
2016-02-17,0.6650928412869919,0.6794508680741644,0.6624158836692916,0.6731235980987549,771468000
2016-02-18,0.7283655448815787,0.753917965638424,0.7276354707438968,0.7310424447059631,1068660000
2016-02-19,0.727148704761786,0.7473473250212466,0.7215515086218319,0.7407766580581665,525628000
2016-02-22,0.7514843101534285,0.775576579609567,0.7500241620614202,0.7670590877532959,449668000
2016-02-23,0.7609753159216134,0.7763067568850687,0.757324945206184,0.769006073474884,369380000
2016-02-24,0.7658423878647986,0.7755766317719883,0.7446703551480577,0.7743598222732544,336852000
2016-02-25,0.7772800728433094,0.7799569723538177,0.7621919724681409,0.7760632634162903,349616000
2016-02-26,0.7797137721473028,0.7816605979514729,0.7631655207291476,0.7709529399871826,361964000
2016-02-29,0.7720518285316464,0.7820657606502548,0.7654572821869974,0.7659457325935364,323344000
2016-03-01,0.7678999807646564,0.7998958230018616,0.7666787378518762,0.7998958230018616,348700000
2016-03-02,0.7954990722570725,0.8074669797273368,0.794033604692217,0.8045360445976257,233812000
2016-03-03,0.8035592031582168,0.8069785891549623,0.7867064401616206,0.7974531650543213,302004000
2016-03-04,0.8035592708419047,0.8042920047932183,0.7889047082797432,0.7950108051300049,175304000
2016-03-07,0.7906144402250688,0.7959878033877387,0.7796234886479899,0.789881706237793,239968000
2016-03-08,0.7818216517752784,0.7864622807201638,0.7730289025967791,0.7754713296890259,274940000
2016-03-09,0.7823101508112105,0.7835313352262031,0.7649688779082909,0.7749828696250916,222788000
2016-03-10,0.7796235034403017,0.7840199074473724,0.7581301668459314,0.7737616896629333,286084000
2016-03-11,0.7852411332961696,0.7871951101461887,0.7759599325127816,0.7869508266448975,277400000
2016-03-14,0.7832872565972302,0.7920800073127201,0.7796235862024156,0.7889048457145691,190312000
2016-03-15,0.7847524631650473,0.7898815417759907,0.7710748619704858,0.7849966883659363,226216000
2016-03-16,0.7791351889209144,0.811131032372838,0.7754715182755505,0.8084443211555481,363644000
2016-03-17,0.805512999191969,0.8094208347518153,0.7906141577499152,0.8016051054000854,353680000
2016-03-18,0.8111310701028764,0.8365323075746923,0.8060019309607833,0.8257856369018555,545512000
2016-03-21,0.8184583453290598,0.8284722817387391,0.8096655936910643,0.8282280564308167,337780000
2016-03-22,0.8255412532707522,0.8326242517694442,0.8165042197356221,0.8267624378204346,242012000
2016-03-23,0.8304260522857124,0.8470345337336279,0.8267623824180504,0.8409284949302673,429008000
2016-03-24,0.8333567485421703,0.8436149637065521,0.8306700967120882,0.8421494960784912,244956000
2016-03-28,0.8406841223525454,0.8543617246887905,0.839707163235396,0.8506981134414673,265388000
2016-03-29,0.8470343803690377,0.866329568970325,0.8450804622814336,0.864375650882721,261812000
2016-03-30,0.867550974318949,0.8853806985857765,0.8670624655893144,0.8734127879142761,376700000
2016-03-31,0.8773206448776041,0.8792745632470004,0.8633988163575042,0.8702375888824463,379884000
2016-04-01,0.8648642581674617,0.8834267745270116,0.8582697106355464,0.8829382658004761,348292000
2016-04-04,0.8902656345183502,0.8949062640628428,0.8709704405268872,0.8743898272514343,393940000
2016-04-05,0.8665740990764103,0.8812286636010149,0.8631546541016855,0.8731686472892761,339568000
2016-04-06,0.8621776902122925,0.8748783360258251,0.8458134324030487,0.8743898272514343,453376000
2016-04-07,0.8687720763064835,0.8765878658461951,0.861689078907675,0.8653526902198792,378104000
2016-04-08,0.8724357169451739,0.8780533045722098,0.8624217260106924,0.8709702491760254,255936000
2016-04-11,0.8760994436300551,0.8907540650213732,0.8734127911871413,0.8763437271118164,387524000
2016-04-12,0.879274584211269,0.8804958268953006,0.8582696991951985,0.875366747379303,292764000
2016-04-13,0.8792746339350456,0.8975928676070382,0.8792746339350456,0.8973486423492432,350716000
2016-04-14,0.8949063259341121,0.9036990768566125,0.8912426554530425,0.8997911810874939,416564000
2016-04-15,0.8995468384611527,0.9149341360103685,0.8966159024586128,0.9068741202354431,436972000
2016-04-18,0.905164164250679,0.905164164250679,0.8941732156633779,0.9029659628868103,307320000
2016-04-19,0.9063856635215993,0.9080953568772052,0.8812286554958711,0.8868462443351746,309152000
2016-04-20,0.8853808480087765,0.8956390672058901,0.8844038886166864,0.890265703201294,200172000
2016-04-21,0.8905097887499549,0.8946619674208836,0.8853807090723016,0.889288604259491,178280000
2016-04-22,0.8922195873382844,0.8983256265772646,0.8829383284994315,0.8858692646026611,223540000
2016-04-25,0.8861135821108608,0.8951505583938115,0.883671154514602,0.890265703201294,191972000
2016-04-26,0.8956388731827915,0.9058970901576578,0.887090349331727,0.8909982442855835,214536000
2016-04-27,0.8887999699382219,0.9117588290818919,0.887090276953914,0.9112703204154968,352396000
2016-04-28,0.9056526565148899,0.9110260184644486,0.881961123715192,0.8841592669487,381224000
2016-04-29,0.8804958740381973,0.8824497925587956,0.8582697451480793,0.8677952289581299,321904000
2016-05-02,0.8760996236916877,0.8846481497408999,0.8719475024330656,0.8792747855186462,256076000
2016-05-03,0.8692604788956927,0.8729240897607498,0.8612004651141134,0.8687719702720642,224024000
2016-05-04,0.858269853724368,0.8590025878203026,0.840195901310162,0.8489886522293091,525764000
2016-05-05,0.8560714891995705,0.8641315039470409,0.8477671909949894,0.8541175127029419,246884000
2016-05-06,0.8526523485911514,0.8651087712187983,0.8509426549426651,0.8629105687141418,183240000
2016-05-09,0.8651085367034431,0.8687721483193254,0.854606094115427,0.8616891503334045,333336000
2016-05-10,0.8670624504749691,0.879763094903499,0.8587582098403409,0.8782976269721985,269676000
2016-05-11,0.880984270354459,0.8905096947168296,0.8760993582122497,0.8807399868965149,328176000
2016-05-12,0.8870901992934839,0.8909980935863776,0.8531404513325341,0.8687719702720642,670540000
2016-05-13,0.9571877937926493,1.0013957522418548,0.9525472244111604,1.000907301902771,2110256000
2016-05-16,0.993336153016378,1.0453599791094539,0.9901609915618352,1.030461072921753,973032000
2016-05-17,1.0258204025773434,1.0399865159237545,1.0126313067412136,1.0326592922210693,628392000
2016-05-18,1.025820251347408,1.0710052955304892,1.025820251347408,1.0590373277664185,541072000
2016-05-19,1.0548855733903788,1.0712499511815663,1.053420221448391,1.0636783838272095,398880000
2016-05-20,1.0702730344134128,1.0871258644421578,1.0685633405222834,1.082729458808899,391084000
2016-05-23,1.0873694978865927,1.0915215594488337,1.077844015765078,1.0844385623931885,413636000
2016-05-24,1.087744646711016,1.1141914560474833,1.0848060993662347,1.1107630729675293,415788000
2016-05-25,1.1141910397735206,1.118843601770185,1.0972944572370587,1.1061100959777832,458076000
2016-05-26,1.1080691740629889,1.1259451955609836,1.1048857681756803,1.1178642511367798,309964000
2016-05-27,1.1190887054874137,1.1257003769133198,1.1154154638768286,1.1239862442016602,277416000
2016-05-31,1.1288835254125469,1.1465146841153955,1.1281488305514036,1.1440658569335938,412524000
2016-06-01,1.138679403249086,1.1572900125298595,1.135251136191222,1.1462706327438354,387132000
2016-06-02,1.152391649163847,1.1641458327080028,1.141127301111702,1.154350757598877,329208000
2016-06-03,1.1430866133623645,1.144555769800833,1.1181090856439748,1.1381889581680298,461076000
2016-06-06,1.1411274623302445,1.149943101233835,1.1264348475907826,1.1323119401931763,322512000
2016-06-07,1.1391688001529752,1.145535613393134,1.1340264010205137,1.1345161199569702,193400000
2016-06-08,1.1347606696546835,1.1389236297778143,1.1215373278476586,1.130842685699463,234616000
2016-06-09,1.126925144613428,1.1619425048700383,1.1244763161041593,1.1602283716201782,472168000
2016-06-10,1.1465149687266782,1.1567997652037303,1.1298632433497147,1.131332516670227,400024000
2016-06-13,1.1325570990598388,1.168064289927269,1.1325570990598388,1.1457804441452026,475588000
2016-06-14,1.1430870834670317,1.1533718833651856,1.1303534549646082,1.1479846239089966,298344000
2016-06-15,1.1575344506516034,1.169778239198996,1.1448008264904102,1.159738302230835,301036000
2016-06-16,1.151167814976481,1.166350152467087,1.139903462397466,1.1643911600112915,246456000
2016-06-17,1.1658599751389025,1.1661048345037812,1.1394131787013762,1.1440658569335938,471000000
2016-06-20,1.1624322829655618,1.1795736146138105,1.1616975877426001,1.1646361351013184,293768000
2016-06-21,1.1695331686338655,1.1727165740994483,1.1558199924873118,1.1575342416763306,212508000
2016-06-22,1.1599835616365957,1.167574790219477,1.1545963021594468,1.1565552949905396,202620000
2016-06-23,1.1675741520112437,1.1886335761589837,1.1668394571220664,1.1874091625213623,297880000
2016-06-24,1.1386789140859623,1.1597383432278057,1.109293680413605,1.1198233366012573,1017684000
2016-06-27,1.1105178958850996,1.1190886759839729,1.0914174603731381,1.1078243255615234,449088000
2016-06-28,1.1288837829159069,1.1301080800195684,1.10855893303019,1.1239862442016602,381920000
2016-06-29,1.133781321421005,1.15116762472166,1.1308427748396925,1.1423519849777222,318932000
2016-06-30,1.1443112204975976,1.1582692613443535,1.1350059766996519,1.151167869567871,430940000
2016-07-01,1.1448009286101162,1.1597384056830091,1.1386789754070559,1.142596960067749,218488000
2016-07-05,1.1362305168060371,1.1614529161544682,1.1271701305452118,1.1594939231872559,371084000
2016-07-06,1.1514124062509121,1.1736962467574397,1.1455353134858641,1.166839599609375,273104000
2016-07-07,1.1746755351668228,1.201367191856766,1.1692882786608343,1.1972042322158813,395400000
2016-07-08,1.2099380706834504,1.251077488656393,1.205285391462312,1.2452003955841064,481932000
2016-07-11,1.2630768782216757,1.2831567589329071,1.2616076044176132,1.2738515138626099,448776000
2016-07-12,1.28805440112253,1.3047060150192031,1.2718923894660763,1.2929519414901733,436760000
2016-07-13,1.2953998217419587,1.3027461859609,1.290502284518164,1.2924612760543823,324604000
2016-07-14,1.2993187038287088,1.317439590789682,1.2885440687429501,1.3056854009628296,316892000
2016-07-15,1.2890333941473222,1.2963797605460257,1.2694432394394897,1.290502667427063,428616000
2016-07-18,1.3064197310095707,1.308378723177567,1.2922168334501591,1.297114372253418,252992000
2016-07-19,1.296379976644768,1.3157252751584774,1.2939311485148177,1.3105828762054443,382652000
2016-07-20,1.3149904741483565,1.3348256067511415,1.3096032161693447,1.3277240991592407,296460000
2016-07-21,1.3247853921864114,1.3289483524622816,1.298828426422769,1.3032362461090088,361308000
2016-07-22,1.3078888270921376,1.3387433290481567,1.2983386102049745,1.3387433290481567,315768000
2016-07-25,1.3468249007317155,1.3666599219295024,1.3409478055175974,1.3634765148162842,312528000
2016-07-26,1.3754751412353854,1.3938408829747442,1.3735161490227206,1.3867394924163818,514508000
2016-07-27,1.398738605666972,1.4011874338294532,1.36445582875811,1.3727816343307495,446676000
2016-07-28,1.375964764313318,1.3860047008750471,1.371556944566755,1.3757199048995972,221916000
2016-07-29,1.3808621333948352,1.4019215583547893,1.356129584146864,1.3982484340667725,409588000
2016-08-01,1.4041257630196837,1.4092681612430111,1.3801277878776206,1.3891881704330444,301120000
2016-08-02,1.395799823362921,1.3965345183944784,1.3590683412480025,1.3722916841506958,282748000
2016-08-03,1.3705778596203846,1.3786588061853926,1.3629866320088437,1.3759651184082031,299828000
2016-08-04,1.3825764609522235,1.4077988492933529,1.3798828905852765,1.4014320373535156,272712000
2016-08-05,1.4175938589080943,1.425919662562527,1.4107373284593292,1.4251850843429565,371588000
2016-08-08,1.4447754256674055,1.4482036913369487,1.4232261603637884,1.438408613204956,305064000
2016-08-09,1.4455101943742628,1.4560399689746568,1.4384088026615152,1.4420819282531738,372344000
2016-08-10,1.4548151943134833,1.4570190457689942,1.4281235336048237,1.4327762126922607,375740000
2016-08-11,1.440367655035167,1.4680387575484217,1.4374291081411574,1.4619168043136597,681064000
2016-08-12,1.5157896248541591,1.552031386389438,1.4846902612272814,1.5437055826187134,1425744000
2016-08-15,1.5454202118474116,1.5549704325031717,1.5214222304636988,1.5422368049621582,573304000
2016-08-16,1.5400327189780159,1.5424814302590464,1.528278647942663,1.5329313278198242,287652000
2016-08-17,1.5329310681186594,1.5363593333912322,1.4854248395895129,1.497423768043518,595212000
2016-08-18,1.4952200918048215,1.5231360528431988,1.4893429982108297,1.5206873416900635,331684000
2016-08-19,1.5199527135705975,1.5361146048995613,1.5133410413693436,1.524605393409729,291560000
2016-08-22,1.529258466629603,1.5331765691282722,1.5111375782771672,1.5309725999832153,244748000
2016-08-23,1.546550578960426,1.55341974585514,1.538945363051721,1.5433613061904907,339764000
2016-08-24,1.5487587044567457,1.5494946365343603,1.5124500313812472,1.5195645093917847,298448000
2016-08-25,1.5200549251612239,1.5207908570826536,1.4906155426333019,1.5095057487487793,406032000
2016-08-26,1.513431118481998,1.5303587230348767,1.5014099608594305,1.5217722654342651,300024000
2016-08-29,1.5279056481744862,1.5340387659247405,1.5183378300682153,1.5207910537719727,274652000
2016-08-30,1.5188282417279866,1.5269240777016282,1.507788444130892,1.5119590759277344,285544000
2016-08-31,1.5149032217944178,1.5190737371167737,1.5004288395368162,1.5048446655273438,388544000
2016-09-01,1.5060714519858278,1.5548917881681916,1.5048447815686592,1.549249291419983,428492000
2016-09-02,1.5524382452316894,1.5541555366700663,1.516620318680735,1.5340385437011719,323148000
2016-09-06,1.5394355015740473,1.548512578010559,1.5315849780467403,1.548512578010559,306812000
2016-09-07,1.5436063132299747,1.5512115276426819,1.5168655829434687,1.5256973505020142,397988000
2016-09-08,1.5242254252016365,1.5391905439423634,1.506807200079981,1.5367372035980225,315808000
2016-09-09,1.5198096411287851,1.5283960986043295,1.4474377367443132,1.4601948261260986,697760000
2016-09-12,1.4408138942442281,1.4933141161077,1.4062225194257012,1.4903701543807983,598260000
2016-09-13,1.4866904374075942,1.5038634715344108,1.4604403233560075,1.4687814712524414,471768000
2016-09-14,1.4722155749044805,1.4866899529135928,1.4599492262242564,1.481783390045166,319048000
2016-09-15,1.484237207368533,1.5396813973133034,1.4808025069723603,1.537964105606079,515212000
2016-09-16,1.5433613881894301,1.551702536573567,1.5239804398626857,1.5416440963745117,902444000
2016-09-19,1.55783548400085,1.6010133160519842,1.5507210073648963,1.5620061159133911,417128000
2016-09-20,1.579915456124579,1.579915456124579,1.5391909547881926,1.5477774143218994,331112000
2016-09-21,1.55243822563152,1.5941440748627593,1.5521929149979499,1.5912001132965088,336212000
2016-09-22,1.6005224998268566,1.605429063077231,1.5860481206909975,1.5951251983642578,308732000
2016-09-23,1.5970883573643118,1.6017494943022101,1.5862938684461394,1.5934083461761475,276132000
2016-09-26,1.57525389710082,1.584821714579793,1.5585716026675052,1.578443169593811,230040000
2016-09-27,1.5723097436885003,1.6348685156636347,1.5715738118098084,1.6324151754379272,402752000
2016-09-28,1.6348688157249902,1.6395300694239936,1.6174504712669722,1.6383033990859985,319788000
2016-09-29,1.6356048225571933,1.658665781435846,1.620394507408136,1.653513789176941,336684000
2016-09-30,1.662590990935847,1.6974276815421783,1.652777861719193,1.6809906959533691,429932000
2016-10-03,1.6809905370927751,1.7052780471559823,1.6763292836081132,1.6792731285095215,242596000
2016-10-04,1.681726730749514,1.7099394497256448,1.6630817139096998,1.6755934953689575,281624000
2016-10-05,1.6898224108415163,1.7069954449065015,1.668724172009421,1.6738760471343994,305440000
2016-10-06,1.6537590844911927,1.6640628342209414,1.6255462525932283,1.6520417928695679,360212000
2016-10-07,1.6630819321350083,1.667497876226266,1.6353598309175443,1.6400210857391357,286260000
2016-10-10,1.6486071505456816,1.657439036608554,1.6306981847301998,1.6461539268493652,287876000
2016-10-11,1.6407563530010616,1.6432095761170529,1.6098448760750308,1.622356653213501,388540000
2016-10-12,1.615732876278411,1.638303091541023,1.6022398560385644,1.6297166347503662,419920000
2016-10-13,1.6105812018410188,1.6142610956386214,1.562742114545328,1.6032212972640991,390116000
2016-10-14,1.6228477962497834,1.6338875962757111,1.6093547723190564,1.6189225912094116,330636000
2016-10-17,1.6186775043180206,1.6338878221796294,1.6073923920394888,1.609600305557251,195328000
2016-10-18,1.6319248298909828,1.6434552501437334,1.6253009739368862,1.634132742881775,269372000
2016-10-19,1.623093223861671,1.638303539619695,1.614751958433169,1.630698323249817,199060000
2016-10-20,1.6498336811349834,1.6670067134814397,1.6265275315763827,1.661609411239624,312084000
2016-10-21,1.6557217768647967,1.6598922923234989,1.6412473941339862,1.656948447227478,279508000
2016-10-24,1.668233386388538,1.736679971269888,1.6679879587557522,1.7347173690795898,339836000
2016-10-25,1.731773734022629,1.7737249047952508,1.7234325854039223,1.7631757259368896,397460000
2016-10-26,1.7484559665459196,1.789671203701015,1.7467386747462683,1.7702902555465698,333792000
2016-10-27,1.7837831836184408,1.7872177670335996,1.7268670126297536,1.7339814901351929,388664000
2016-10-28,1.742322486499889,1.7688179070379089,1.7278481060625657,1.7310373783111572,290856000
2016-10-31,1.7366802630889278,1.7572878820040931,1.735698903338022,1.7457574605941772,252388000
2016-11-01,1.7521360579138687,1.7617038770843454,1.6753481938505657,1.6939932107925415,473224000
2016-11-02,1.706995438823777,1.7300562799572519,1.6839344807085783,1.6868784427642822,295848000
2016-11-03,1.6947288459694572,1.6962008268902302,1.6348687174576462,1.6672520637512207,309664000
2016-11-04,1.65621210697327,1.6861422268581874,1.6333965803554278,1.657684087753296,328780000
2016-11-07,1.7062590552058694,1.7594953214976021,1.7050323850929334,1.74845552444458,487580000
2016-11-08,1.7550798518099882,1.7607224656596654,1.72956578508549,1.7457574605941772,429884000
2016-11-09,1.69840857149712,1.7393784885994006,1.6858969103828154,1.7163175344467163,456532000
2016-11-10,1.7538532220515357,1.7540985327331575,1.637812846960078,1.6625909805297852,869280000
2016-11-11,1.9506068911698624,2.1777809866599944,1.925828637688048,2.1581547260284424,2175344000
2016-11-14,2.16109766516624,2.1635510050743147,2.051435991665063,2.051926612854004,1348796000
2016-11-15,2.0678732102390343,2.1453969865554736,2.0590413254279,2.114485740661621,626092000
2016-11-16,2.1426982591417048,2.270759524507284,2.118410753576158,2.2479441165924072,987984000
2016-11-17,2.264626922245764,2.3254684137681503,2.2239023094628725,2.266589641571045,832988000
2016-11-18,2.2665904933630117,2.314184056761592,2.252116105544444,2.2903873920440674,576060000
2016-11-21,2.308295989236839,2.314674535949806,2.2668353186208052,2.281064510345459,436436000
2016-11-22,2.2889148656189753,2.299709239038085,2.2663446419510276,2.2975013256073,330368000
2016-11-23,2.302660309278451,2.340251725836745,2.2793193837209693,2.308802843093872,443236000
2016-11-25,2.3198598906937447,2.3365671660998806,2.295044421268368,2.313471794128418,195564000
2016-11-28,2.3063455315406487,2.3277210309660084,2.299711642739969,2.312242269515991,278736000
2016-11-29,2.309540515466312,2.3203512847936474,2.273423388930366,2.2911133766174316,444568000
2016-11-30,2.299712313547272,2.3134714509410585,2.2628580419218047,2.265315055847168,440500000
2016-12-01,2.262858219960033,2.2645780829803543,2.0827632558459794,2.15327787399292,1035524000
2016-12-02,2.119125549683519,2.181777985357023,2.0913619544058215,2.1731786727905273,478292000
2016-12-05,2.211015492209343,2.275387785857981,2.186691623673045,2.2574520111083984,602284000
2016-12-06,2.2655602229991154,2.302906078371623,2.2498356646482547,2.2945523262023926,498796000
2016-12-07,2.281039448903748,2.341480440544745,2.2628578752346,2.335829496383667,480804000
2016-12-08,2.3387779906810446,2.3739123987062416,2.2861991590428943,2.2967638969421387,381544000
2016-12-09,2.3144536673386544,2.3161735298554946,2.2287058679346723,2.2559781074523926,382312000
2016-12-12,2.2075757042300665,2.2100327173808547,2.150820012603422,2.2011876106262207,601332000
2016-12-13,2.2134720804785966,2.267525189397581,2.2124893691042833,2.240007162094116,387796000
2016-12-14,2.273668034400745,2.385951154085004,2.2498355204831215,2.3697352409362793,983980000
2016-12-15,2.380791352846011,2.455483059448146,2.373420547073213,2.425262451171875,746548000
2016-12-16,2.4527807475290047,2.4741562526166447,2.4011846280476785,2.467031240463257,1089528000
2016-12-19,2.4495866989845863,2.517152936671192,2.432387837109991,2.4970059394836426,744656000
2016-12-20,2.569486176358615,2.607568951672785,2.558184053861836,2.583982229232788,848056000
2016-12-21,2.59553027432685,2.603146877314175,2.5481110277397607,2.60019850730896,576136000
2016-12-22,2.6245223399037934,2.674889955647601,2.617397092985077,2.6316475868225098,718612000
2016-12-23,2.613711616996015,2.698722522603777,2.61100904212093,2.6972482204437256,647692000
2016-12-27,2.753266816563446,2.8834855060920033,2.7326282280158845,2.882502794265747,1194272000
2016-12-28,2.938521353301721,2.946629311657116,2.67046737166029,2.6842262744903564,2295764000
2016-12-29,2.5773484248266985,2.739262025544286,2.5257523066816976,2.7377877235412598,2175368000
2016-12-30,2.7358215541133237,2.7498262477554376,2.6117452030115422,2.622555732727051,1212932000
2017-01-03,2.5650635400069537,2.6134657267218895,2.4417243084924958,2.5063424110412598,1501996000
2017-01-04,2.5404942685326217,2.5920903889805014,2.494549092616518,2.5648181438446045,1199220000
2017-01-05,2.568257350151927,2.5999520264565144,2.4827551111789004,2.4997081756591797,984296000
2017-01-06,2.526980720512505,2.5613782094469117,2.486440931628326,2.533123254776001,822856000
2017-01-09,2.542951140887124,2.6535141830314055,2.542951140887124,2.635823965072632,916248000
2017-01-10,2.648845393511593,2.6827512859978238,2.5952836293226853,2.615922212600708,880920000
2017-01-11,2.604375487367829,2.609289281361731,2.5589216627769575,2.5837368965148926,525664000
2017-01-12,2.5608863259290477,2.5724340067886926,2.496759593587537,2.541476249694824,625616000
2017-01-13,2.545407797424276,2.5798052855850147,2.532140251752751,2.541231155395508,457820000
2017-01-17,2.530666575695765,2.5355803694425796,2.4709624937796257,2.4842300415039062,580612000
2017-01-18,2.4628544863619566,2.536317470496955,2.4350908844457653,2.529438018798828,654424000
2017-01-19,2.5323865659940914,2.6156773775734408,2.530175346981147,2.5837368965148926,644872000
2017-01-20,2.6063406415777073,2.6240308604784963,2.533614810933331,2.5554816722869873,492024000
2017-01-23,2.5503217890710843,2.6019179034340203,2.547864775455298,2.5820164680480957,369904000
2017-01-24,2.592089838948761,2.6431945926340417,2.577347992957356,2.637052059173584,428052000
2017-01-25,2.6793120595392805,2.6854545938119423,2.612482973711536,2.6483545303344727,522760000
2017-01-26,2.6510573205864087,2.701424934152856,2.6215738566192504,2.694054126739502,458800000
2017-01-27,2.700933411559871,2.7490898033619673,2.6743983190582767,2.7461414337158203,471996000
2017-01-30,2.7252569644902507,2.7274681828860445,2.6513026398850856,2.7031443119049072,496004000
2017-01-31,2.6768549027404034,2.7038813467885467,2.658427536834174,2.6825058460235596,362756000
2017-02-01,2.716904141316604,2.8038804795883077,2.699214153788455,2.79970383644104,590004000
2017-02-02,2.7837322204234414,2.8436820771696056,2.7532660534302598,2.835082530975342,483240000
2017-02-03,2.8365572161306716,2.847613542704469,2.798474443661873,2.810267686843872,372744000
2017-02-06,2.800931606495099,2.8827483406213594,2.800931606495099,2.8822569847106934,506768000
2017-02-07,2.9164086093953348,2.9709530974774574,2.896752967567473,2.926973581314087,746224000
2017-02-08,2.9090369044276536,2.931395113954126,2.8594062249639074,2.914196491241455,449580000
2017-02-09,2.9203402585818625,2.9252542871509304,2.8402436080045526,2.859407663345337,842568000
2017-02-10,2.9466288800161626,2.9655473686362037,2.766533959725165,2.791594982147217,1651092000
2017-02-13,2.7859440544600496,2.8004401074958505,2.6584279467649297,2.6628506183624268,1180724000
2017-02-14,2.653268389863246,2.706338809464525,2.611500093018377,2.6726784706115723,850632000
2017-02-15,2.675627355125955,2.697739780374888,2.647617955104688,2.678084135055542,373020000
2017-02-16,2.6876653555494925,2.6888938621951914,2.5960208217407694,2.6350865364074707,647176000
2017-02-17,2.6215738804814395,2.6390183044923634,2.574645992234992,2.6345956325531006,563740000
2017-02-21,2.6591644813607873,2.732873236325005,2.6589186863181182,2.7289421558380127,551952000
2017-02-22,2.7409964331711696,2.7503446790315316,2.7058174585683568,2.724760055541992,433772000
2017-02-23,2.595361932357602,2.6172563924874086,2.4521865728226797,2.4721128940582275,1592888000
2017-02-24,2.3879777467704186,2.509258588314335,2.354274938573093,2.49597430229187,1029904000
2017-02-27,2.5141790882899975,2.5835526155466693,2.498434686769974,2.5685462951660156,715400000
2017-02-28,2.578140748695995,2.587981206216109,2.4792465436349347,2.496466875076294,625360000
2017-03-01,2.5532941151158925,2.567562590338931,2.4873646473558892,2.528693675994873,504804000
2017-03-02,2.5159010287587087,2.5299233968445236,2.432751006596609,2.4354569911956787,754332000
2017-03-03,2.4248796613180583,2.4297996561416397,2.367068138527173,2.421435594558716,864692000
2017-03-06,2.385272372570663,2.413317113908869,2.341237356713993,2.4027388095855713,883568000
2017-03-07,2.4027394095201573,2.448496469974707,2.389947092867532,2.4290618896484375,603400000
2017-03-08,2.477278202660383,2.4920386531242813,2.4224190172058124,2.424633026123047,638712000
2017-03-09,2.408643107701738,2.446527839351342,2.396096664308392,2.4241414070129395,478060000
2017-03-10,2.4504645130745133,2.4622726424854178,2.4202057562294006,2.4384100437164307,499740000
2017-03-13,2.4487421249550625,2.515409681730081,2.4480040436582966,2.5055694580078125,774136000
2017-03-14,2.5183626670279704,2.527710683467251,2.4716214117839512,2.5038483142852783,522016000
2017-03-15,2.515410083240383,2.5336143709971597,2.4679307557271035,2.5227901935577393,615036000
2017-03-16,2.5333675115118997,2.554278011424436,2.5193451431551095,2.553785800933838,523100000
2017-03-17,2.571252515498846,2.610613640210726,2.553786079459228,2.6093835830688477,1119688000
2017-03-20,2.6268505933323514,2.696470247437388,2.61086008160185,2.6925339698791504,748568000
2017-03-21,2.6753127912979444,2.7050795612626053,2.597574970495359,2.6054470539093018,913484000
2017-03-22,2.594376695511232,2.6632584790066693,2.590440653925334,2.6585843563079834,616764000
2017-03-23,2.650713044670087,2.6706396000132964,2.6248825420117314,2.634476661682129,533940000
2017-03-24,2.680725834149984,2.6885979200273225,2.6179943140187345,2.643824815750122,439500000
2017-03-27,2.5973300756279527,2.666949740211738,2.5481289448391373,2.6630136966705322,506644000
2017-03-28,2.664243481673808,2.678757831367182,2.6389049546972214,2.6492371559143066,432444000
2017-03-29,2.6566174246129104,2.668917765437787,2.6384131360328213,2.640627145767212,349992000
2017-03-30,2.6477599822981066,2.706063464151477,2.642101907783463,2.691303014755249,525532000
2017-03-31,2.6817097597721022,2.7033583476353713,2.6667034349224865,2.679741621017456,440808000
2017-04-03,2.680233738945386,2.6974540726673606,2.642594640852505,2.6662113666534424,445232000
2017-04-04,2.5437001604326093,2.5687928117042675,2.4684224412270614,2.4792466163635254,1271280000
2017-04-05,2.4605509660834834,2.518362502497302,2.447758648074507,2.460797071456909,747048000
2017-04-06,2.4659624446034902,2.4908089917733762,2.4209432394930213,2.478754758834839,635120000
2017-04-07,2.485151306481331,2.502617747296196,2.4531705158773165,2.46817684173584,429068000
2017-04-10,2.4689152504751046,2.4755572802064614,2.4010176171007,2.4051997661590576,756332000
2017-04-11,2.3751857812463943,2.4329972906952393,2.370265787558275,2.413808822631836,618148000
2017-04-12,2.4138093046741247,2.428077547289405,2.388716651486409,2.3938827514648438,414092000
2017-04-13,2.369774765206873,2.391423121520562,2.3491101264953613,2.3491101264953613,506892000
2017-04-17,2.3619023189156314,2.441362203742995,2.35673621816303,2.4411163330078125,497292000
2017-04-18,2.4268477371656543,2.4487424312390345,2.401017234642411,2.442592144012451,370116000
2017-04-19,2.4600581925002243,2.484166657681701,2.445543845410722,2.452186107635498,380828000
2017-04-20,2.466699969230436,2.4957286576960294,2.4455433640801894,2.4910545349121094,404016000
2017-04-21,2.4807227232754077,2.504093343038812,2.4689145953497746,2.501387357711792,341896000
2017-04-24,2.532876552748998,2.5456688704199273,2.5119662771121534,2.532630681991577,371820000
2017-04-25,2.5471447260744773,2.59117975111838,2.5257422422861238,2.5766654014587402,388440000
2017-04-26,2.59019599651629,2.5926558770287973,2.5569851461977886,2.558953285217285,327004000
2017-04-27,2.566332903343281,2.6071697273257985,2.5483744886970565,2.5988056659698486,319700000
2017-04-28,2.591917565179204,2.5988056985974466,2.56018264886158,2.56584095954895,348248000
2017-05-01,2.5766651653752404,2.628572506531356,2.569530926562963,2.623406171798706,307732000
2017-05-02,2.596591266982714,2.5978213241230095,2.523035351493277,2.545667886734009,629972000
2017-05-03,2.538780458625805,2.574205316420226,2.5240202380669903,2.5646111965179443,336904000
2017-05-04,2.5707609844770896,2.5818312660604823,2.5468983879355296,2.5547707080841064,209788000
2017-05-05,2.543208389613081,2.562150756282244,2.5277098550015924,2.55501651763916,228428000
2017-05-08,2.566824629345888,2.5683005572263213,2.516885432945173,2.5282018184661865,365240000
2017-05-09,2.5338596042461474,2.5813386808088157,2.525495310051646,2.532383441925049,847672000
2017-05-10,2.811601114419397,2.9968436016762205,2.804959085314321,2.9838051795959473,2129096000
2017-05-11,2.953300118710733,3.2086542052950953,2.949856051987478,3.111973762512207,1939792000
2017-05-12,3.115171870746878,3.1882355858148634,3.0942613656837508,3.1461684703826904,962620000
2017-05-15,3.187251236674528,3.3065639656332393,3.182822983985861,3.3041038513183594,1087540000
2017-05-16,3.3550265749383237,3.3811034080153415,3.280733055787032,3.365604877471924,1120700000
2017-05-17,3.2989392184053754,3.317635720134019,3.1378054129071815,3.1419875621795654,1271368000
2017-05-18,3.1857759208869565,3.282456374592491,3.125504511811277,3.2736001014709473,1156032000
2017-05-19,3.3745680800301447,3.4038734765702734,3.3299941914250475,3.349202871322632,1018372000
2017-05-22,3.392791811678894,3.4349029953138306,3.381956001440817,3.4206197261810303,836608000
2017-05-23,3.440321249668926,3.442537590897353,3.342061498070772,3.374568462371826,681248000
2017-05-24,3.471349906305107,3.474058976107237,3.4004255899162663,3.4124927520751953,815996000
2017-05-25,3.4477086295315393,3.448447488118839,3.360038337532559,3.4048585891723633,608228000
2017-05-26,3.3967319590813596,3.5777365834344166,3.3765382909423374,3.4930214881896973,779140000
2017-05-30,3.5388262177867182,3.602608777057892,3.5228191042837658,3.5676393508911133,989652000
2017-05-31,3.612459933020621,3.620094179153557,3.4981930752321353,3.5548341274261475,887316000
2017-06-01,3.5705947969452563,3.5715800200361327,3.509767428628041,3.5550801753997803,503340000
2017-06-02,3.55212379000642,3.578227848354537,3.5314376348516094,3.5373480319976807,487456000
2017-06-05,3.5210964530691244,3.6577733450922008,3.5095220169497874,3.644967555999756,817376000
2017-06-06,3.6402878851713822,3.6863394920807755,3.6151690403630994,3.628467321395874,758728000
2017-06-07,3.652847673825219,3.6910186714007622,3.6373330512050077,3.672302484512329,612612000
2017-06-08,3.7791811608856847,3.9402384781996225,3.738054966861927,3.938760995864868,1161744000
2017-06-09,4.056968067860548,4.149563532153972,3.5154312461444803,3.6841228008270264,3692928000
2017-06-12,3.592512474030337,3.735838592921709,3.499670641406298,3.69323468208313,1697532000
2017-06-13,3.8023310319052706,3.811442997372862,3.5868491832435545,3.728451728820801,1672504000
2017-06-14,3.731407000748747,3.793958232907348,3.6570349671385824,3.7363321781158447,1184640000
2017-06-15,3.619108777905749,3.782628552731407,3.607780474817055,3.752338171005249,963824000
2017-06-16,3.7619428783927376,3.809718332422443,3.699884154995973,3.7338685989379883,924960000
2017-06-19,3.7779503833893173,3.8794117012322062,3.7742565595617723,3.8742401599884033,778176000
2017-06-20,3.916351028001462,3.9830887993768287,3.864389255296164,3.8685755729675293,1095444000
2017-06-21,3.8961572450890074,3.9308805473789987,3.8343446518377187,3.9271864891052246,682652000
2017-06-22,3.935312444287921,3.9486109574777117,3.8762089328384213,3.9000966548919678,469132000
2017-06-23,3.907732255351695,3.923493244177839,3.7732714735532724,3.7882938385009766,1088588000
2017-06-26,3.8210464772321058,3.8565086391354506,3.6528476314064036,3.7469208240509033,1063960000
2017-06-27,3.7294357453078026,3.7380549794308036,3.604086951512202,3.609750986099243,999492000
2017-06-28,3.6772274679333052,3.7417488913773376,3.58931081360051,3.737069845199585,994948000
2017-06-29,3.7087499909381565,3.7117049559422983,3.548185149552703,3.6122140884399414,1064424000
2017-06-30,3.6294525119362326,3.642997158218918,3.5339018338572425,3.5600059032440186,731060000
2017-07-03,3.572072747785073,3.586848511692932,3.412739265058736,3.431209087371826,709072000
2017-07-05,3.4944991131568592,3.551632661051754,3.475536796977167,3.522819757461548,820188000
2017-07-06,3.493760401941151,3.580199345405174,3.441798396122879,3.5334088802337646,746284000
2017-07-07,3.59005028245495,3.6324078348739786,3.567147541766869,3.6141841411590576,654972000
2017-07-10,3.687571685853459,3.7924804756410646,3.661467611968033,3.78509259223938,958492000
2017-07-11,3.7887859831142303,3.846412027139257,3.7469209264610814,3.838777780532837,757956000
2017-07-12,3.8983734670458556,4.014117804477411,3.855523425747513,4.002050876617432,1145208000
2017-07-13,4.014118717783688,4.095386136962693,3.9094562961653065,3.955754041671753,1369132000
2017-07-14,3.9720062845434225,4.063616758476926,3.9651108977803093,4.062139511108398,941948000
2017-07-17,4.0961254883451055,4.124938635336989,3.9833360763879018,4.044902324676514,930792000
2017-07-18,3.9840742069641557,4.101542880326724,3.9722534067840485,4.087013244628906,776640000
2017-07-19,4.096123952213072,4.122474383025865,4.053766641041658,4.065833568572998,687044000
2017-07-20,4.086274986920339,4.125184617713554,4.03652954274942,4.124938488006592,699596000
2017-07-21,4.104497016472931,4.169264804997599,4.090213513330912,4.139712810516357,648332000
2017-07-24,4.14685458073541,4.156458802298689,4.081101807441751,4.091691017150879,652524000
2017-07-25,4.068788925693942,4.086273994619044,4.028401587040156,4.071990489959717,496556000
2017-07-26,4.129369263554187,4.184778953378567,4.084302653201963,4.119026184082031,640404000
2017-07-27,4.143899693184015,4.155474362278738,3.880149941538451,3.983088731765747,782856000
2017-07-28,3.9473798569263776,4.072728880769241,3.922507378594652,4.048348426818848,513348000
2017-07-31,4.06189325665702,4.097847910606802,3.9555070120146567,4.002050876617432,559672000
2017-08-01,3.9926932279115017,4.052535614606998,3.964865545792006,4.050811767578125,431384000
2017-08-02,4.081840843512401,4.085780796267162,3.971514181257852,4.048348426818848,478444000
2017-08-03,4.047856697622573,4.103512530131977,4.030864357431836,4.099818706512451,442420000
2017-08-04,4.122474278668921,4.188227054368191,4.099818141346504,4.117795467376709,589096000
2017-08-07,4.146856691299808,4.2448698725345935,4.137251995135177,4.244377613067627,717412000
2017-08-08,4.282301903209668,4.298801518532037,4.1547367246044855,4.193892955780029,755336000
2017-08-09,4.147839818293603,4.240928014512272,4.129123633258059,4.238465309143066,530784000
2017-08-10,4.239695943607912,4.252009469050086,4.046870785341834,4.056967735290527,1328088000
2017-08-11,3.8698068626971676,3.9156121055431163,3.7656369544827846,3.840747594833374,1497196000
2017-08-14,3.9321125377407444,4.150795703136088,3.920538101767251,4.147101879119873,1279020000
2017-08-15,4.152272803609251,4.178376636947612,4.0779007869894395,4.112131595611572,764532000
2017-08-16,4.12715470874477,4.150549711145425,4.034805347570884,4.067065715789795,596632000
2017-08-17,4.058691851512568,4.075683719239546,3.9742228932482884,3.9764389991760254,525444000
2017-08-18,4.030617334310982,4.0476096707350155,3.931372385324653,3.977177619934082,601204000
2017-08-21,4.001558664559352,4.012886733949462,3.8754710097611156,3.9193060398101807,623672000
2017-08-22,3.9557857140947252,4.012476406071623,3.9365601198876923,4.006560802459717,450456000
2017-08-23,3.973287081639714,4.097760191891007,3.9646597855612242,4.086668491363525,579520000
2017-08-24,4.118708955384752,4.123146009580043,4.045257796631876,4.071630954742432,469700000
2017-08-25,4.095787875288201,4.105893718517991,4.031209393272156,4.037618160247803,357200000
2017-08-28,4.056597588609993,4.069414653742885,4.00113908850356,4.0662102699279785,389496000
2017-08-29,4.007546813806758,4.081244801621028,3.9994126831809527,4.059554100036621,324096000
2017-08-30,4.079272185477017,4.0948009359133435,4.048955133937936,4.083709239959717,384400000
2017-08-31,4.103922450162002,4.180331687217076,4.096528296008575,4.176388263702393,612684000
2017-09-01,4.188955924079053,4.2370197714748015,4.1803286336572905,4.201526165008545,445432000
2017-09-05,4.150259765318706,4.15518951341106,4.031455939128873,4.089378833770752,695364000
2017-09-06,4.1221613391327265,4.135964258037105,4.0521604188662375,4.0869140625,397672000
2017-09-07,4.103675084137066,4.138182381950914,4.065717056541833,4.105893611907959,352868000
2017-09-08,4.094308108371186,4.109096880811328,4.01050428099938,4.034659385681152,498856000
2017-09-11,4.0802587974948095,4.176140176089492,4.074835887232931,4.165541172027588,567444000
2017-09-12,4.190189001927365,4.190189001927365,4.115505169124068,4.180576324462891,411488000
2017-09-13,4.155434783739333,4.228146903829674,4.123146023386798,4.1993088722229,580960000
2017-09-14,4.160365144976967,4.253288958659627,4.135963693850091,4.175400733947754,513712000
2017-09-15,4.260683197054313,4.439382553100586,4.255507103065301,4.439382553100586,1364792000
2017-09-18,4.563361741531068,4.7127298593195315,4.5564602846804085,4.622763633728027,1684460000
2017-09-19,4.5724824058944185,4.679455473129059,4.550545360424358,4.61783504486084,874280000
2017-09-20,4.621533975725847,4.668858344479763,4.540441342973678,4.580617904663086,724920000
2017-09-21,4.477093556140102,4.503220838627375,4.37776145965479,4.4554033279418945,1075600000
2017-09-22,4.444065957057835,4.493608839626062,4.402164042305567,4.412023067474365,491232000
2017-09-25,4.381212525846245,4.382445197730314,4.194133176679744,4.214837551116943,874580000
2017-09-26,4.34917026223493,4.404135583014258,4.198816255680122,4.238499641418457,1125620000
2017-09-27,4.328712062666812,4.344733506207102,4.257971646840321,4.331423282623291,713720000
2017-09-28,4.3385706639466735,4.3425145553974716,4.28286584166587,4.330190658569336,435244000
2017-09-29,4.413994917743693,4.430015891207911,4.368888623388848,4.406353950500488,619092000
2017-10-02,4.456389856050485,4.485474708994688,4.362727001377151,4.412023067474365,503480000
2017-10-03,4.418184065285741,4.450966456967641,4.377021668559745,4.421142101287842,390332000
2017-10-04,4.427304884080673,4.480298494552268,4.390825410645643,4.458115100860596,427848000
2017-10-05,4.482516645364483,4.485967374309864,4.42582549395623,4.4556498527526855,437364000
2017-10-06,4.428044517550407,4.482023985015341,4.412023072739553,4.468713760375977,318800000
2017-10-09,4.505440868104126,4.602554950087487,4.486708197771023,4.569526195526123,563492000
2017-10-10,4.718399239271726,4.7558645641129464,4.615616412395926,4.656778812408447,974876000
2017-10-11,4.673293448992143,4.707801211423558,4.627448113519545,4.706322193145752,529508000
2017-10-12,4.709773118307905,4.759316001536056,4.681427774145952,4.708540916442871,528292000
2017-10-13,4.7706543646213495,4.806394332746527,4.72382316858834,4.79628849029541,628728000
2017-10-16,4.826113488631211,4.881571986087256,4.763014021742257,4.8786139488220215,576640000
2017-10-17,4.8579096610135455,4.902522806224777,4.839670154661747,4.8741774559021,478596000
2017-10-18,4.883050413580749,4.88378945268088,4.764985626448378,4.869986534118652,567316000
2017-10-19,4.792590212722617,4.880337449288368,4.74354050132985,4.875408172607422,570772000
2017-10-20,4.8924173647644436,4.91953004245284,4.844353019966735,4.853226661682129,451620000
2017-10-23,4.874917094976314,4.901290734537672,4.82611370901177,4.846325397491455,428696000
2017-10-24,4.855445342658859,4.89882629070516,4.829564863764805,4.897100925445557,407244000
2017-10-25,4.857661039358588,4.9104082923714545,4.711990462921852,4.773364067077637,828160000
2017-10-26,4.800971234910292,4.834985363451072,4.77706247731095,4.823400974273682,322744000
2017-10-27,4.875408469962976,4.975726425968318,4.849527532708483,4.975480079650879,572192000
2017-10-30,4.975480985837473,5.07974238241726,4.959705886243587,5.024284362792969,504056000
2017-10-31,5.056079654790002,5.124108380250737,5.050410398448869,5.0974884033203125,411908000
2017-11-01,5.160095533477373,5.175377470353398,5.043016603009311,5.107101917266846,502576000
2017-11-02,5.077525485592617,5.122138633953949,5.019602108597769,5.076046466827393,342308000
2017-11-03,5.107102090198056,5.14382791519165,5.061256748144263,5.14382791519165,353640000
2017-11-06,5.107100938250456,5.175622824566019,5.094777040616968,5.166996002197266,389944000
2017-11-07,5.189672466736698,5.247595818887304,5.17759491563004,5.226151466369629,427700000
2017-11-08,5.221713631818901,5.225411176260688,5.108085952047475,5.155410289764404,522988000
2017-11-09,5.059531157134242,5.085657975283052,4.938755152001494,5.060763359069824,978564000
2017-11-10,5.25203312109238,5.389816419245245,5.216293155512763,5.327456474304199,1253256000
2017-11-13,5.327457546040661,5.352844858522917,5.225660539335314,5.240942478179932,582376000
2017-11-14,5.2500599164091915,5.294426696737546,5.206432645103179,5.279144763946533,529292000
2017-11-15,5.224179962855872,5.225412634722664,5.121890293860892,5.175622940063477,501948000
2017-11-16,5.249568541787336,5.279639252195286,5.206927115096565,5.2158002853393555,441768000
2017-11-17,5.2727375737671665,5.307984377038409,5.194602999228636,5.2096381187438965,515664000
2017-11-20,5.225165414324046,5.288758020165017,5.188439599633909,5.2766804695129395,396100000
2017-11-21,5.31636458158839,5.336822610645491,5.28456850935705,5.32523775100708,399176000
2017-11-22,5.3523693121000955,5.3523693121000955,5.268753787221783,5.30131196975708,356640000
2017-11-24,5.31759101553229,5.352369266310126,5.293172143613135,5.351382255554199,180752000
2017-11-27,5.3600167852092,5.36124984326041,5.278620840230842,5.281827449798584,422896000
2017-11-28,5.287005893719938,5.296378732240122,5.136300925012625,5.197224140167236,512752000
2017-11-29,5.179959259648263,5.182672363477055,4.716744884725683,4.844758033752441,1396788000
2017-11-30,4.913328587976844,4.999163740731201,4.850432269618107,4.950572967529297,823768000
2017-12-01,4.916041798887298,4.9362675293104195,4.747331111684404,4.875837326049805,811548000
2017-12-04,4.934293460538836,4.9404601624045235,4.550748409430079,4.604025363922119,1240844000
2017-12-05,4.498949670472915,4.753002373757933,4.454059030090378,4.630662441253662,981488000
2017-12-06,4.580343689135805,4.689857622880838,4.559131433316549,4.668152332305908,467032000
2017-12-07,4.734750299206108,4.775201748430145,4.689366148024566,4.735490322113037,542600000
2017-12-08,4.7853165772736945,4.804309253681932,4.714773963597796,4.723160266876221,466876000
2017-12-11,4.737217418510287,4.804307347667616,4.721431829563426,4.801347255706787,372748000
2017-12-12,4.757937460813677,4.781122813156155,4.683694747534886,4.707126617431641,455016000
2017-12-13,4.7480696905522,4.749302748407478,4.584785261955489,4.592185020446777,554280000
2017-12-14,4.585771114343831,4.6701266548574125,4.553212934591881,4.599337100982666,438164000
2017-12-15,4.643242528119483,4.745110235017027,4.578372674063073,4.724884510040283,670036000
2017-12-18,4.765335110151839,4.8842219233909265,4.7357370184166525,4.881262302398682,477704000
2017-12-19,4.871889726726696,4.877069416582788,4.808746437616341,4.837111473083496,373100000
2017-12-20,4.876329071858899,4.885454922648854,4.798633258691984,4.854130268096924,288820000
2017-12-21,4.857584473220278,4.882496386005076,4.823299719644372,4.831686019897461,300904000
2017-12-22,4.794933640697398,4.825765260482444,4.7172378271121875,4.816392421722412,466276000
2017-12-26,4.761143408111739,4.877563670684669,4.73129831938221,4.869917392730713,355080000
2017-12-27,4.856597665426437,4.9323199401518965,4.842045134771584,4.863256931304932,329488000
2017-12-28,4.886935998174205,4.917767624290388,4.862764108680652,4.868930339813232,240248000
2017-12-29,4.895075553971699,4.895075553971699,4.772735595703125,4.772735595703125,279964000
2018-01-02,4.828972733285586,4.920728065591667,4.797401552373363,4.917027950286865,355616000
2018-01-03,5.034189183433489,5.270976378202868,5.025556363512807,5.24063777923584,914704000
2018-01-04,5.321786336050515,5.378269907894854,5.246063573866398,5.2682623863220215,583268000
2018-01-05,5.2830611783936945,5.350150641617951,5.206351886101871,5.312906265258789,580124000
2018-01-08,5.436231649574199,5.5496917892252675,5.391340534578907,5.475696086883545,881216000
2018-01-09,5.481122714718078,5.520587155055783,5.392820994178467,5.474216461181641,497000000
2018-01-10,5.3819687309479125,5.520587793610505,5.327705236820333,5.517134666442871,582664000
2018-01-11,5.549692747751451,5.581017879622063,5.50554164801738,5.527000904083252,406032000
2018-01-12,5.5151599895743,5.549444733805357,5.459416465517084,5.4998674392700195,359916000
2018-01-16,5.5262600999504325,5.611601724843823,5.344723494451286,5.429078578948975,702348000
2018-01-17,5.443630107297225,5.552650563452969,5.34990220059581,5.542784690856934,538408000
2018-01-18,5.523547156319014,5.590143580389749,5.492469013267313,5.535880088806152,408632000
2018-01-19,5.625908784944541,5.699904503394562,5.599023789952849,5.675732612609863,609380000
2018-01-22,5.683623453639778,5.7657589269254785,5.626153368175095,5.764032363891602,550944000
2018-01-23,5.817308398146811,5.915476428856873,5.798809712990317,5.892784595489502,475228000
2018-01-24,5.895993134251916,5.931757932087007,5.760580690221696,5.816077709197998,579972000
2018-01-25,5.870340746651141,5.913505300502726,5.814844202411313,5.829643249511719,409884000
2018-01-26,5.873300561807577,6.002053253470751,5.860474596136924,6.001806735992432,516356000
2018-01-29,5.987253627984197,6.119706421277436,5.934716712538116,6.088627815246582,455116000
2018-01-30,5.947049662011899,6.0780224204722435,5.880453248465312,5.98676061630249,570832000
2018-01-31,6.061990289415672,6.1483189276848345,6.029432103138454,6.062730312347412,478576000
2018-02-01,5.883167642036899,6.089863180918438,5.871821719816534,5.932004928588867,519224000
2018-02-02,5.845675126777659,5.8696004931332375,5.7018764111837035,5.7598395347595215,718464000
2018-02-05,5.599023095999776,5.75268771025319,5.056386326444,5.270974636077881,1165204000
2018-02-06,5.041586324004498,5.56695688948805,5.031719980393875,5.563997268676758,1114800000
2018-02-07,5.662658926393454,5.795604767983694,5.59162284473863,5.6434197425842285,802932000
2018-02-08,5.768719942226253,5.801771162611393,5.364948763250677,5.3651957511901855,1144000000
2018-02-09,5.8765078379370985,5.892293426499166,5.3651961867749325,5.72432279586792,1674604000
2018-02-12,5.80522438135887,5.808184473054197,5.550432089372135,5.624427795410156,1093172000
2018-02-13,5.588169892271492,5.784012510720715,5.555858224254798,5.737888336181641,625524000
2018-02-14,5.697683367088854,5.98355424041519,5.68658396527138,5.954695701599121,744988000
2018-02-15,6.037819037923263,6.126120766335566,5.957163586672766,6.079996585845947,698900000
2018-02-16,6.05286503380497,6.166325191511204,6.00526080761794,6.014387130737305,637656000
2018-02-20,6.03683247375609,6.21244938936461,6.033132358722428,6.1436333656311035,686240000
2018-02-21,6.208009468399191,6.214915722242447,5.953216687815489,5.956916332244873,892292000
2018-02-22,5.990728629474634,6.062302201323417,5.911010217415333,5.976413726806641,534364000
2018-02-23,6.036140393573747,6.069705963134766,5.985545133194119,6.069705963134766,415300000
2018-02-26,6.115858970600279,6.120301396429439,6.023553298640436,6.085748672485352,469312000
2018-02-27,6.059094943366212,6.143256270978782,6.049963418372065,6.072916507720947,455436000
2018-02-28,6.083776524003604,6.123265502932359,5.961113830247262,5.972713947296143,523116000
2018-03-01,5.97049055395094,6.024294423214244,5.630144774605524,5.731088638305664,1040120000
2018-03-02,5.6237271608527415,5.844372201676828,5.475396642821389,5.837954998016357,913428000
2018-03-05,5.787853976875706,5.855478937290603,5.6646975107328945,5.815989971160889,620776000
2018-03-06,5.901137596851519,5.995911392079758,5.858193360641316,5.976660251617432,636808000
2018-03-07,5.873989074269071,6.020839107110441,5.872755250039455,5.9687628746032715,581208000
2018-03-08,5.9961593222988165,5.9961593222988165,5.9082960537172715,5.952474594116211,411912000
2018-03-09,5.999860572775875,6.0677322060541785,5.983818503411695,6.054898738861084,505524000
2018-03-12,6.09611538013624,6.2441987733819575,6.087970539305087,6.164233684539795,605060000
2018-03-13,6.206931239835149,6.281220077738094,6.07242179704679,6.113638401031494,619772000
2018-03-14,6.156582100395406,6.183730939722252,6.07686368945414,6.139059066772461,505496000
2018-03-15,6.152632467074606,6.23481851275129,6.1119092148313205,6.153866291046143,401952000
2018-03-16,6.170156238411266,6.201007019603322,6.13264158303472,6.182003021240234,399456000
2018-03-19,6.12523696257034,6.1541129626657165,5.8493076011333605,5.9480299949646,713772000
2018-03-20,5.950993181224361,6.198539955665495,5.950993181224361,6.159791469573975,554696000
2018-03-21,6.15337466684124,6.219519141423582,6.104260358488814,6.134617805480957,438688000
2018-03-22,6.071432770498012,6.1178322695055245,5.9317404614666795,5.969007968902588,551196000
2018-03-23,5.982584022975169,5.9850521422036955,5.738739680442337,5.7498459815979,735620000
2018-03-26,5.873989631946145,6.035154112432693,5.822160535960724,6.0339202880859375,611424000
2018-03-27,6.114625439406536,6.170156946070293,5.4260361690128125,5.565975189208984,1409000000
2018-03-28,5.531669156590106,5.661489029596808,5.355696441631368,5.463057041168213,945904000
2018-03-29,5.531174636059601,5.812286936723993,5.4470138036293445,5.715785980224609,916628000
2018-04-02,5.645447485330812,5.791309911841081,5.368037066415771,5.455653190612793,922092000
2018-04-03,5.6222477269872515,5.685183126846311,5.463057549276087,5.561779975891113,667432000
2018-04-04,5.30657994008105,5.594109387383877,5.2816525554501315,5.583743572235107,789168000
2018-04-05,5.641991734284166,5.655072342900288,5.392470663279069,5.463797569274902,701240000
2018-04-06,5.361370571437026,5.469224940462609,5.258699109623449,5.287822246551514,662988000
2018-04-09,5.350759510146956,5.478358388800338,5.296461834531142,5.316453456878662,499524000
2018-04-10,5.5462296514331095,5.651862593991406,5.489217189897969,5.624960899353027,761676000
2018-04-11,5.610151922100269,5.651368512071465,5.551165161554554,5.583743572235107,460244000
2018-04-12,5.676544635374441,5.807845479172479,5.6323660988398725,5.790075302124023,593920000
2018-04-13,5.853504372510021,5.86189588403577,5.665438199778203,5.713565349578857,503036000
2018-04-16,5.720229370731476,5.746637730268352,5.619285500628079,5.713318824768066,350792000
2018-04-17,5.765394640750435,5.883861537842281,5.709863135630631,5.862636089324951,447224000
2018-04-18,5.812287189769074,5.9048395365535855,5.744909375055191,5.833759307861328,391364000
2018-04-19,5.719734621822982,5.753053521866553,5.597565792408781,5.652850151062012,471996000
2018-04-20,5.644211960307537,5.728372793002783,5.613608320710985,5.644705772399902,386200000
2018-04-23,5.6624749555798495,5.7135635500215125,5.499582897984515,5.5254974365234375,427508000
2018-04-24,5.5511652909507125,5.646925747997045,5.3941966240805534,5.459353446960449,414596000
2018-04-25,5.429736573554672,5.46873218789087,5.190334721370863,5.34730339050293,588492000
2018-04-26,5.508715603710221,5.566715224983749,5.4428182838610635,5.558570384979248,375824000
2018-04-27,5.66420402844602,5.683948511019761,5.543762355224279,5.585966110229492,400848000
2018-04-30,5.602255428496605,5.651863541956234,5.5314223371501665,5.550673007965088,327844000
2018-05-01,5.542528778860917,5.608672774903444,5.4840353406024684,5.605957984924316,253788000
2018-05-02,5.60250131934049,5.646926043015045,5.559309948878546,5.5854716300964355,268248000
2018-05-03,5.61731103135347,5.77650119612448,5.5721453424345535,5.750339508056641,443144000
2018-05-04,5.721710409008019,5.903359855054719,5.704434043880585,5.900151252746582,400660000
2018-05-07,6.004550013665405,6.194590959421235,5.994677536654166,6.13757848739624,687616000
2018-05-08,6.137824691360849,6.18274370515324,6.088957063660716,6.180028915405273,506616000
2018-05-09,6.200019779667379,6.31503139243186,6.172870941958519,6.312809944152832,596760000
2018-05-10,6.3656264397437985,6.42930230598553,6.347856266346499,6.420170783996582,994080000
2018-05-11,6.2387700470534675,6.411781327884589,6.1834856731022185,6.281960964202881,1214456000
2018-05-14,6.319967484089346,6.379694737368533,6.278750887137057,6.302443981170654,523140000
2018-05-15,6.239015845062611,6.24173110582849,5.960371623876765,6.060575008392334,963528000
2018-05-16,6.022072436580242,6.133628779298271,5.985298263716982,6.071680545806885,553828000
2018-05-17,6.073408950623425,6.207177910542902,6.057366410452623,6.113638401031494,519784000
2018-05-18,6.165467240974338,6.228649299168576,6.065016726733699,6.069952964782715,483716000
2018-05-21,6.167195549605702,6.170897493173289,5.93544418491492,6.02799654006958,640624000
2018-05-22,6.041324076730589,6.066498139443173,5.929520583332928,5.989988327026367,518264000
2018-05-23,5.933929030106493,6.114456226925811,5.9331880892692,6.113221168518066,442956000
2018-05-24,6.109515344681005,6.159154128524659,6.056419151854673,6.116923809051514,437372000
2018-05-25,6.129518887213361,6.172489676499511,6.093957033369757,6.156190395355225,292112000
2018-05-29,6.138163332343845,6.207065170517283,6.09247606783913,6.139151096343994,352684000
2018-05-30,6.172737978406287,6.2564567487014715,6.14804199393629,6.2478132247924805,390996000
2018-05-31,6.215955973450218,6.302391688798334,6.205336920873894,6.228056907653809,493868000
2018-06-01,6.272755959507304,6.368329309955514,6.264112435698902,6.362154960632324,421968000
2018-06-04,6.39623496639572,6.5626852005448795,6.364130518907523,6.540706157684326,642024000
2018-06-05,6.543917371439187,6.5836780559166925,6.4992178664673546,6.546140193939209,391712000
2018-06-06,6.456247074462109,6.551326316888527,6.43994778921863,6.5481157302856445,371356000
2018-06-07,6.544410079361371,6.55626418806795,6.40240854016811,6.492548942565918,369448000
2018-06-08,6.4199445721025,6.5197158164454185,6.401175640209652,6.47723913192749,360456000
2018-06-11,6.464642795892608,6.506131708027877,6.423400706985754,6.436242580413818,265372000
2018-06-12,6.462667752286715,6.496747730793107,6.412534841996411,6.484646797180176,319160000
2018-06-13,6.48612686737055,6.560955270483399,6.471062174854827,6.480199813842773,338208000
2018-06-14,6.525148193149158,6.648133524098915,6.510330320187141,6.591579914093018,430016000
2018-06-15,6.534532034851211,6.605656221892656,6.503662173452171,6.550831317901611,432260000
2018-06-18,6.506873987392737,6.564168547630911,6.479708824540797,6.546634674072266,356268000
2018-06-19,6.443652960359073,6.510826110348373,6.297947607094225,6.425131320953369,594932000
2018-06-20,6.466124597029383,6.530827609822944,6.427845800449018,6.477978706359863,369780000
2018-06-21,6.509838580627291,6.528113397389601,6.341906406159387,6.349562168121338,359516000
2018-06-22,6.370304401232539,6.383640391929357,6.182121947314975,6.197432994842529,434160000
2018-06-25,6.091241664685308,6.0949458975569915,5.816870304050774,5.9052815437316895,665816000
2018-06-26,6.018387987069641,6.066544892297276,5.9247901740667634,5.9761576652526855,478884000
2018-06-27,6.019622666902509,6.085807559707858,5.815881403608061,5.821314811706543,453892000
2018-06-28,5.811435361240297,5.9601048778730945,5.8037796032328295,5.948250770568848,338012000
2018-06-29,6.013201264125445,6.025795841393051,5.849220226089044,5.850455284118652,392300000
2018-07-02,5.781060607474855,5.986036462138636,5.760562974904809,5.982332229614258,357572000
2018-07-03,6.016908797474677,6.022835854573607,5.840579908614507,5.8489766120910645,222732000
2018-07-05,5.904048047669018,5.999374131820617,5.865275590770831,5.9944353103637695,306216000
2018-07-06,5.969984577675324,6.116431311579673,5.948746002347929,6.108034610748291,296352000
2018-07-09,6.182121369311291,6.191752655560347,6.076916748101925,6.155449390411377,303880000
2018-07-10,6.167799075238854,6.2762138368229605,6.12754474520081,6.254234790802002,360016000
2018-07-11,6.161624236849754,6.196198329275567,6.102353691210243,6.112973213195801,367508000
2018-07-12,6.158167650679718,6.252258653505266,6.148289068073913,6.204348564147949,345508000
2018-07-13,6.222870610407252,6.222870610407252,6.115196322029052,6.157179355621338,246988000
2018-07-16,6.129518985748291,6.182368356474084,6.1171712308488635,6.129518985748291,197036000
2018-07-17,6.080375876369563,6.280165654154368,6.054938948356211,6.265100955963135,362136000
2018-07-18,6.2576900240567666,6.271519658370818,6.1650804619580954,6.215953826904297,277640000
2018-07-19,6.197186071303986,6.257691203872095,6.182121847244534,6.224104404449463,235752000
2018-07-20,6.221635686520507,6.260408131595907,6.185085592663818,6.19595193862915,222352000
2018-07-23,6.1695287317726235,6.171257436929802,6.0080172691515745,6.159403324127197,301584000
2018-07-24,6.207311771322909,6.293747477234228,6.124580298038588,6.142114639282227,354620000
2018-07-25,6.151498322203546,6.232747903702916,6.0937096627565674,6.220152854919434,319112000
2018-07-26,6.200151305728719,6.330298300235693,6.18335790203141,6.293501377105713,325124000
2018-07-27,6.330051247936575,6.336966067788398,6.1700216851546745,6.223858833312988,295420000
2018-07-30,6.237935315883295,6.24386237118974,5.9941865206363545,6.029007911682129,340340000
2018-07-31,6.018634053101752,6.1216158457340795,5.979861616373864,6.04703426361084,283988000
2018-08-01,6.078399101225965,6.13347082570906,6.02308008248585,6.086795330047607,283556000
2018-08-02,6.015671956914451,6.193235380850384,5.956895992061863,6.189284324645996,269668000
2018-08-03,6.213732483082271,6.249541635325923,6.196939553579779,6.225833415985107,214288000
2018-08-06,6.213240203778207,6.27695546848067,6.1668119898836355,6.273498058319092,207508000
2018-08-07,6.322148736014776,6.364131773180749,6.2954772204199765,6.345609664916992,258132000
2018-08-08,6.346843538121106,6.426858069963295,6.312022150661158,6.381911277770996,262100000
2018-08-09,6.399692432306545,6.402408900905554,6.325851778497302,6.333507537841797,204280000
2018-08-10,6.2517642675789,6.324617157051541,6.240651098980135,6.29226541519165,256396000
2018-08-13,6.300909521848901,6.4456275502576,6.299180817040954,6.325111389160156,375208000
2018-08-14,6.430315329905347,6.470322830415404,6.347337037124369,6.4562458992004395,466220000
2018-08-15,6.4769919237520055,6.51082555467929,6.319679294214552,6.398212432861328,591136000
2018-08-16,6.467854300733326,6.470323946478373,6.297699335882695,6.357710361480713,801260000
2018-08-17,6.246578868545709,6.247319809341985,6.019129356595547,6.046048164367676,1143188000
2018-08-20,6.005547967899716,6.253000565547568,5.895404015713325,6.120630741119385,854388000
2018-08-21,6.136929511279405,6.2604089764116395,6.1171728156997185,6.2559638023376465,673988000
2018-08-22,6.223365550623367,6.4955141286386855,6.219908140495318,6.490574836730957,749856000
2018-08-23,6.452048171926908,6.65504851479225,6.438218533634873,6.589851379394531,720684000
2018-08-24,6.598248160623286,6.737285957048397,6.593802986980405,6.722715377807617,531512000
2018-08-27,6.752350168671855,6.8876837319511655,6.720986658952772,6.813596248626709,505776000
2018-08-28,6.807669000126902,6.8303894562175875,6.656282980379223,6.776058197021484,475384000
2018-08-29,6.768398815747922,6.906277405595587,6.747643010485658,6.881320953369141,420108000
2018-08-30,6.850187526357965,6.961133067458658,6.827702068188191,6.864519119262695,346608000
2018-08-31,6.844504686294171,6.948284195725953,6.834620699065216,6.9354352951049805,306592000
2018-09-04,6.922339657117036,7.047616332875313,6.893923897933947,7.010058403015137,391720000
2018-09-05,6.992513128349579,7.027847484011077,6.798791332238802,6.87959098815918,393156000
2018-09-06,6.863282904561591,6.865753901185525,6.705884237101798,6.738747596740723,322796000
2018-09-07,6.646827698670961,6.84277350719621,6.602103750427109,6.717496871948242,295420000
2018-09-10,6.7399837840028995,6.818065491651865,6.696248130536074,6.788414001464844,220140000
2018-09-11,6.742206307570554,6.829677600964378,6.721450503299689,6.740724086761475,243112000
2018-09-12,6.70094194213746,6.720462484681511,6.47188579678032,6.627060890197754,419092000
2018-09-13,6.692789328272853,6.795086152279578,6.675492820746895,6.704649925231934,305536000
2018-09-14,6.7948387002450765,6.896394170650843,6.758021649203096,6.830420017242432,386936000
2018-09-17,6.804968414447565,6.853893011025709,6.749372174860046,6.768645286560059,205528000
2018-09-18,6.772599233888098,6.875142994119169,6.6900699321559305,6.696741104125977,299520000
2018-09-19,6.678208893027634,6.738252735820211,6.628295993584999,6.720461845397949,224860000
2018-09-20,6.5986450853909,6.640898041448498,6.525752338370183,6.57961893081665,430584000
2018-09-21,6.591479186009431,6.6369444822962675,6.476580447109337,6.509690761566162,435128000
2018-09-24,6.478803653530786,6.568745936813636,6.391826754239927,6.565286636352539,293912000
2018-09-25,6.63126152780852,6.657206284213501,6.54576683950899,6.63224983215332,280388000
2018-09-26,6.637193237533859,6.6774695937450375,6.579620373372081,6.595434188842773,268548000
2018-09-27,6.6305204082310745,6.651770601900583,6.575912938783872,6.607293605804443,214428000
2018-09-28,6.738995154160988,6.966074234063937,6.711073315945782,6.943835735321045,709396000
2018-10-01,7.021421019829195,7.216624974297959,6.982874333834594,7.149909973144531,622060000
2018-10-02,7.122484349927857,7.233923319338518,7.0565102065126695,7.07874870300293,383964000
2018-10-03,7.148922712280652,7.156335701221132,6.981146162855355,7.084925651550293,320552000
2018-10-04,7.04884985073549,7.073064954441898,6.824241331969578,6.901087760925293,391220000
2018-10-05,6.876377774241846,6.93839822106676,6.610751584730088,6.66807746887207,426636000
2018-10-08,6.585054928878049,6.7002006335047914,6.426420533715067,6.567017078399658,408612000
2018-10-09,6.546508154164182,6.640898052408182,6.493630337263265,6.561334133148193,273500000
2018-10-10,6.455577424705536,6.501290152029572,6.06862824147266,6.070852279663086,684940000
2018-10-11,5.983874101671465,6.117058105975861,5.788423163183892,5.809920310974121,725436000
2018-10-12,6.066404681163061,6.165983528734327,5.921607494025776,6.091855049133301,608236000
2018-10-15,6.0785125900340375,6.0785125900340375,5.815110385654136,5.816098690032959,449760000
2018-10-16,5.928526238278297,6.085430981888948,5.879354680244968,6.07431173324585,408712000
2018-10-17,6.136331638373234,6.174384415634932,5.956941455350333,6.005866050720215,329668000
2018-10-18,6.0750509078977055,6.113350161861055,5.858349351592305,5.91864013671875,524020000
2018-10-19,5.973746006673279,5.993266082558897,5.626331732227214,5.662654399871826,613608000
2018-10-22,5.7147900728623195,5.814615882560843,5.610763616166255,5.7133073806762695,368844000
2018-10-23,5.446692445200162,5.539600117668825,5.354773548313665,5.462259769439697,626436000
2018-10-24,5.423958824340909,5.470412414579065,4.913462776813619,4.927299976348877,884288000
2018-10-25,4.829945931009748,5.182795987035481,4.785715900332007,5.135601043701172,951720000
2018-10-26,4.900120171490404,5.061472497382579,4.771878628562228,4.8996262550354,664784000
2018-10-29,5.0404715108547125,5.043930812434465,4.349102283766117,4.586559772491455,758016000
2018-10-30,4.6095390756333305,5.025892364016905,4.586559230158848,5.016008377075195,807192000
2018-10-31,5.1803260454509195,5.252971840210915,5.04096475374569,5.2094831466674805,745772000
2018-11-01,5.245803789358991,5.398755268383422,5.119538875876888,5.3893656730651855,566528000
2018-11-02,5.379977456977233,5.485486598792226,5.194162582349934,5.310544013977051,452960000
2018-11-05,5.297446852435231,5.320674120491203,5.072344443286182,5.23270845413208,379332000
2018-11-06,5.224802648403968,5.308814644584688,5.178101615555267,5.215166091918945,299012000
2018-11-07,5.28163403301866,5.372070241015222,5.218130885168222,5.282622337341309,483812000
2018-11-08,5.223566020587555,5.224307366543288,5.036515905528873,5.089888572692871,511352000
2018-11-09,5.001182481081817,5.172171388814094,4.967577776409541,5.081982135772705,413240000
2018-11-12,4.99080349017399,5.012795024716945,4.661674174432246,4.6834187507629395,617116000
2018-11-13,4.781021556606179,5.045905951173958,4.774843830190087,4.924829959869385,644712000
2018-11-14,5.097549495752821,5.111881088614247,4.764714287339788,4.8724470138549805,526580000
2018-11-15,4.866515335628465,5.072839031740589,4.830686599283498,5.000934600830078,840708000
2018-11-16,4.035539848212435,4.216906680104168,3.9932864149906986,4.062967300415039,1963520000
2018-11-19,3.9977336989811865,3.9984745737201535,3.573720293229498,3.5754499435424805,1697820000
2018-11-20,3.3125418454000717,3.811671549744272,3.294009844501757,3.6836769580841064,1692032000
2018-11-21,3.820566870062842,3.837369220136449,3.548516455386355,3.5756967067718506,1025496000
2018-11-23,3.5411035794886003,3.6962784129623447,3.528254682411146,3.582862377166748,411968000
2018-11-26,3.703691637153496,3.7921512303935647,3.6214092989740174,3.781773328781128,814832000
2018-11-27,3.755828771403144,3.8796229659284016,3.7200002637628984,3.7985761165618896,738060000
2018-11-28,3.915945058544031,3.96042204772829,3.783749824743226,3.955233097076416,804524000
2018-11-29,3.9574596773216055,3.9945607674433043,3.8619860418629024,3.8921616077423096,549172000
2018-11-30,3.901807824656327,4.052933331893238,3.8515975377799516,4.042297840118408,729564000
2018-12-03,4.269109523663654,4.320556542831907,4.13900780009926,4.205790042877197,890804000
2018-12-04,4.161268757636926,4.1662156955217515,3.8708902028743837,3.8859782218933105,812112000
2018-12-06,3.7457360794973127,3.9201116500834168,3.73015364794825,3.9151649475097656,692308000
2018-12-07,3.9193688271571343,3.929509907561771,3.6017828445214954,3.65100359916687,681676000
2018-12-10,3.606235013243494,3.780857997862722,3.602524809979828,3.7561237812042236,629472000
2018-12-11,3.847639836085052,3.8558020941995017,3.5864475764226538,3.6653494834899902,671912000
2018-12-12,3.671038457377919,3.778879199222778,3.581995701440331,3.682910919189453,654136000
2018-12-13,3.7296581635361514,3.7937194925094015,3.6467988500627473,3.6826632022857666,471384000
2018-12-14,3.64110957786226,3.7247109734410984,3.598814351489918,3.62231183052063,471820000
2018-12-17,3.592384297015108,3.664360454269048,3.4934476571239874,3.551325559616089,662868000
2018-12-18,3.5951042522127103,3.718280203883711,3.567896805524452,3.6344316005706787,564372000
2018-12-19,3.6007922900428415,3.654218115079477,3.3744751519682654,3.425922155380249,745364000
2018-12-20,3.4175134638632625,3.507298298895326,3.2819704029459897,3.3415796756744385,749588000
2018-12-21,3.3680445445087126,3.4009410118531043,3.1773445293252003,3.2047994136810303,863740000
2018-12-24,3.1286182331904175,3.2149402884743288,3.07939725587932,3.1432113647460938,463840000
2018-12-26,3.1892176004464607,3.2931009283476196,3.078408748802953,3.29211163520813,695100000
2018-12-27,3.239922458713434,3.2743028713249998,3.0962171365740745,3.2443745136260986,637044000
2018-12-28,3.2649047373786244,3.3982218091812606,3.2231041436292136,3.305716037750244,628728000
2018-12-31,3.349000501334056,3.3814020973837278,3.2713353170839845,3.3020057678222656,465140000
2019-01-02,3.231265932474815,3.4251813233405146,3.2166727958069883,3.3692822456359863,508752000
2019-01-03,3.309177863997585,3.3430636293693605,3.1582998159622626,3.165719985961914,705552000
2019-01-04,3.2386857717405726,3.4066304289007823,3.208015561696313,3.368540048599243,585620000
2019-01-07,3.4256759528263236,3.5837269755322927,3.374476139704022,3.546873092651367,709160000
2019-01-08,3.6282476899161877,3.6304739530176655,3.3861006519419794,3.458571672439575,786016000
2019-01-09,3.509771426739684,3.5738329882410813,3.4593139422259735,3.5265908241271973,617260000
2019-01-10,3.507298713645063,3.6007935267759525,3.4469473460181335,3.5921366214752197,523156000
2019-01-11,3.569876246556271,3.70393539771204,3.5421741466955674,3.681180000305176,874764000
2019-01-14,3.6289898155826834,3.74622953052103,3.605492337179015,3.7210006713867188,730168000
2019-01-15,3.7536505090263956,3.792977863679628,3.688599879066131,3.7069032192230225,617012000
2019-01-16,3.73411100191694,3.767007245811411,3.675985891209524,3.681427240371704,470104000
2019-01-17,3.6485311480787166,3.7924837114796404,3.6213234576052775,3.75266170501709,493436000
2019-01-18,3.8023764058608873,3.9074964658686007,3.7509293895857754,3.8815255165100098,651336000
2019-01-22,3.851349988777855,3.862975008613983,3.6495195660652597,3.6796951293945312,661552000
2019-01-23,3.734852805681426,3.8234009202373347,3.6613924746342406,3.6925573348999023,591020000
2019-01-24,3.7769002971674324,3.921594675016262,3.772200801083401,3.904033660888672,708972000
2019-01-25,3.8446720680636832,3.979225618492817,3.7422729064266735,3.961169719696045,1154572000
2019-01-28,3.3774450110417185,3.5033416753828006,3.240170765159903,3.4135568141937256,2511528000
2019-01-29,3.367550847567004,3.415782548644251,3.240417468264105,3.2550106048583984,1153932000
2019-01-30,3.330943894703069,3.4125664706664187,3.2515473461054567,3.3982207775115967,974228000
2019-01-31,3.395005121130026,3.5911467388723395,3.37323902288696,3.5555295944213867,842852000
2019-02-01,3.574080821416264,3.6307219872380387,3.5265914436354735,3.5797696113586426,625048000
2019-02-04,3.5955989010224516,3.7269371103711824,3.5735855968003305,3.689836025238037,528592000
2019-02-05,3.7017086512924178,3.7454880591567816,3.668070324166557,3.7088816165924072,542424000
2019-02-06,3.7420244194580445,3.8486286372374874,3.736583072332812,3.7843198776245117,702464000
2019-02-07,3.7380685270761274,3.740294555064542,3.60351495970393,3.6463048458099365,637120000
2019-02-08,3.579275006850071,3.675490733915483,3.5649293111998634,3.6648552417755127,461604000
2019-02-11,3.6208276550645118,3.6749953415540433,3.5740801382067535,3.62231183052063,495180000
2019-02-12,3.6606507386046925,3.7546404468256993,3.6463048057117597,3.739057779312134,591060000
2019-02-13,3.7684907654912227,3.8543181972586034,3.754886923188531,3.7813525199890137,605372000
2019-02-14,3.7803630001780495,3.850360557914145,3.737325448318641,3.8221635818481445,827264000
2019-02-15,4.030424543723051,4.053179698268848,3.8689107835062084,3.8916661739349365,1516748000
2019-02-19,3.8810307732281477,3.954738534007125,3.8619855838206583,3.87435245513916,551892000
2019-02-20,3.9035394354037853,3.9886247899066,3.8924092963662886,3.921595335006714,540988000
2019-02-21,3.934209605693475,3.9586961457160683,3.8382410884779223,3.8528342247009277,448548000
2019-02-22,3.9045286584847316,3.9562228841737697,3.890924815563206,3.937424898147583,401740000
2019-02-25,4.020778715727318,4.0880553642867286,3.916400509384179,3.9250576496124268,656020000
2019-02-26,3.920358360077931,3.9762574332662384,3.852339384284789,3.885730504989624,488464000
2019-02-27,3.8713848966539257,3.8978502582221117,3.787041402539747,3.8439300060272217,500256000
2019-02-28,3.8377406356951043,3.8600243287793177,3.7971349733702637,3.819418430328369,324944000
2019-03-01,3.869185325885127,3.915733337999445,3.8110003107422297,3.8736422061920166,357188000
2019-03-04,3.91201947899277,3.934798328205995,3.8253607262436797,3.881812810897827,409992000
2019-03-05,3.866213812451286,3.913504673162684,3.8119902897875693,3.8753750324249268,362924000
2019-03-06,3.866460804939046,3.8748789345805448,3.7619752660135357,3.7646987438201904,403524000
2019-03-07,3.741177272800439,3.7508336480042734,3.649566737112525,3.695619583129883,450104000
2019-03-08,3.6064851586223226,3.7404347531295925,3.5851917822764676,3.729788064956665,422416000
2019-03-11,3.753310819802567,4.012543782948728,3.7062674105022664,3.989765167236328,859728000
2019-03-12,4.017495191948236,4.070233010803532,3.9414831322687927,4.023932933807373,579576000
2019-03-13,4.061320252215489,4.204183169950624,4.053892196545153,4.174966812133789,768900000
2019-03-14,4.184126771489781,4.196011468076578,4.091525688857443,4.099201202392578,519384000
2019-03-15,4.142282668685876,4.247015902836144,4.138816338373653,4.204429626464844,661484000
2019-03-18,4.23587379019164,4.289602378868903,4.156147725824761,4.183135986328125,486992000
2019-03-19,4.277470670939343,4.394831471395088,4.260634409266724,4.35051155090332,854972000
2019-03-20,4.3794802501598085,4.4327134555341265,4.2834128314654505,4.3180766105651855,719148000
2019-03-21,4.341104233323366,4.580529514806113,4.3361521961830345,4.55428409576416,824312000
2019-03-22,4.52704908195014,4.575577726255624,4.38096728413956,4.394832611083984,747644000
2019-03-25,4.354227282102074,4.418354424210024,4.2366189818654005,4.302727222442627,525212000
2019-03-26,4.444103339017081,4.500060029751345,4.3230287371521126,4.379233360290527,703508000
2019-03-27,4.404736150204706,4.4510362303693345,4.30074573851642,4.370072364807129,474372000
2019-03-28,4.39606798355303,4.454253210706671,4.335654671358555,4.388640403747559,480264000
2019-03-29,4.455245224668751,4.47010133445733,4.404983422748778,4.445836544036865,456896000
2019-04-01,4.537446956234204,4.543389305207008,4.465891780679068,4.513182640075684,483824000
2019-04-02,4.537200433547039,4.575330081102811,4.49436620896686,4.531010150909424,440920000
2019-04-03,4.580528234564855,4.729086001487653,4.5755761988086,4.6701579093933105,783504000
2019-04-04,4.654806651779727,4.703583209838008,4.598602512706384,4.6612443923950195,457376000
2019-04-05,4.704325166644542,4.745178743456893,4.667928704295072,4.727846622467041,481744000
2019-04-08,4.697394152141691,4.773653905545803,4.673377295551012,4.7486467361450195,424192000
2019-04-09,4.715220030788997,4.7263618735824116,4.643912331361554,4.686003684997559,439972000
2019-04-10,4.685260241560337,4.782070012136115,4.680803599455497,4.756319999694824,444772000
2019-04-11,4.7587982565709135,4.790243170654756,4.693185422101398,4.742456912994385,374600000
2019-04-12,4.781079380600011,4.785041102346566,4.6959063771907745,4.7045722007751465,471708000
2019-04-15,4.696898637705237,4.701850673879405,4.5334852219749955,4.573100566864014,440092000
2019-04-16,4.612221690019909,4.678824839316687,4.579539001923982,4.660007476806641,394964000
2019-04-17,4.6949183449089205,4.7157163316119775,4.6149447968110735,4.637228488922119,351004000
2019-04-18,4.643912689874471,4.677833141029692,4.584984601333956,4.612715244293213,380988000
2019-04-22,4.589195647717693,4.682044225115141,4.5577512015230734,4.666445732116699,279936000
2019-04-23,4.679566336092608,4.752112286478688,4.669910197465085,4.720914840698242,346856000
2019-04-24,4.731313866275317,4.773900616188951,4.670653083973578,4.73329496383667,318204000
2019-04-25,4.693184421651426,4.715468110164845,4.548340918566325,4.627819061279297,499296000
2019-04-26,4.474309051800788,4.478766167098218,4.290840528627895,4.4094390869140625,868988000
2019-04-29,4.41736306956025,4.467872804201856,4.3453124950681685,4.4401421546936035,391920000
2019-04-30,4.407953864018122,4.506992223506752,4.388889044751232,4.481490135192871,362920000
2019-05-01,4.533733423610305,4.575824789086137,4.468120121036333,4.468368053436279,354280000
2019-05-02,4.478024292877047,4.577310123321939,4.434942613606475,4.535714149475098,394684000
2019-05-03,4.5441316851131495,4.55403528420273,4.4698525668067814,4.531256675720215,336824000
2019-05-06,4.345311631039512,4.4651484378754125,4.308172308225487,4.45301628112793,422176000
2019-05-07,4.404734701033539,4.404734701033539,4.238102448089224,4.286136150360107,555220000
2019-05-08,4.258652661144625,4.386164488117321,4.24676796647782,4.3061909675598145,419168000
2019-05-09,4.237360992832785,4.24701713403726,4.095240936579254,4.213839054107666,660248000
2019-05-10,4.183136205693592,4.248501560713589,4.060575928905058,4.179917335510254,569500000
2019-05-13,4.048196620812912,4.071223161776661,3.90731436932487,3.9231605529785156,656912000
2019-05-14,3.9627748713886772,4.047205504831226,3.9241500867988903,4.012046813964844,524880000
2019-05-15,3.9565861680085823,3.987535685228147,3.897410847872491,3.951139211654663,502320000
2019-05-16,3.945692973445293,4.008830032178108,3.903354140767765,3.966243267059326,781088000
2019-05-17,3.9243988357806634,4.053396399499504,3.8362546249082308,3.875622272491455,1022068000
2019-05-20,3.7770792008518894,3.83204557498286,3.7325118194211386,3.7572715282440186,572064000
2019-05-21,3.8179319155574447,3.8550712364442585,3.779306889604574,3.8392250537872314,361848000
2019-05-22,3.8006003508083475,3.8265978287979796,3.75751844479888,3.7684128284454346,325868000
2019-05-23,3.7062662664840973,3.7062662664840973,3.5879153992055115,3.6475861072540283,591844000
2019-05-24,3.666403246980488,3.701561945118981,3.587172564176269,3.593857765197754,357584000
2019-05-28,3.611437105644795,3.6441197858361125,3.5468143617202834,3.548795223236084,428356000
2019-05-29,3.5012562642688305,3.536167262021237,3.440100094150143,3.4747636318206787,559800000
2019-05-30,3.4779868948997428,3.5136814493654405,3.4100680734583735,3.4482414722442627,394300000
2019-05-31,3.399409121089743,3.4665842397642948,3.356030292484083,3.3577654361724854,389720000
2019-06-03,3.3689207939736256,3.4075899222093624,3.2868730632897747,3.3161227703094482,478644000
2019-06-04,3.380074213399917,3.549871243975112,3.358013069291645,3.544665813446045,641836000
2019-06-05,3.6182864353641984,3.62373984584108,3.46584104857377,3.5020313262939453,511616000
2019-06-06,3.5062444398772006,3.588540116130443,3.5037655960610317,3.564000129699707,408140000
2019-06-07,3.569949577094456,3.64084271992165,3.550862761690876,3.606635570526123,348856000
2019-06-10,3.662656572032276,3.747679089034784,3.662656572032276,3.679264545440674,402780000
2019-06-11,3.739002687057581,3.7766803600690517,3.69735924180774,3.736771821975708,383872000
2019-06-12,3.6933931797938406,3.6995902902123228,3.6088666266878255,3.6239871978759766,358892000
2019-06-13,3.646048775351264,3.693393617134934,3.628449357911743,3.675050735473633,308080000
2019-06-14,3.582095065609688,3.6063870717548885,3.540699369034188,3.585317373275757,394428000
2019-06-17,3.583583181382849,3.6319197003710673,3.5607783335531873,3.5949857234954834,276040000
2019-06-18,3.6562115384735345,3.8448471865550116,3.6453049548652916,3.7895703315734863,581920000
2019-06-19,3.8247688107189526,3.8361711148415587,3.7694917244333177,3.7955191135406494,331644000
2019-06-20,3.885995016872234,3.899876165789767,3.8054344736815104,3.8198113441467285,350168000
2019-06-21,3.804938523304347,3.8540184995073092,3.7553625891879383,3.761807441711426,434428000
2019-06-24,3.7831248251999305,3.8136139419170667,3.736027738760272,3.784116268157959,282948000
2019-06-25,3.7890744638641545,3.8639338543318824,3.752140490175782,3.7548670768737793,311868000
2019-06-26,3.8820289983345857,4.008695191075361,3.8691392925448316,3.94771671295166,584072000
2019-06-27,4.033234753133843,4.065211037122441,3.9972922241704474,4.046124458312988,445440000
2019-06-28,4.09000037687062,4.09917205550745,4.0243126433231895,4.070913791656494,397668000
2019-07-01,4.277642649011362,4.311850030091515,4.081570509713039,4.119000434875488,709756000
2019-07-02,4.102393303924036,4.123463244452716,4.008199582806831,4.021337032318115,400228000
2019-07-03,4.044635367010748,4.0503367531309475,3.9744859547201514,4.034224510192871,246636000
2019-07-05,3.9759749757305314,3.9804367057867256,3.908551648600757,3.9717609882354736,396552000
2019-07-08,3.9122699181399576,3.931108754208727,3.866908207875438,3.8969013690948486,329788000
2019-07-09,3.8547626680172926,3.927391202558349,3.8421209396168536,3.899380922317505,342860000
2019-07-10,3.9427587362443375,4.024806432949899,3.9288775892095193,3.9675467014312744,452076000
2019-07-11,4.040422524666223,4.162378985890485,4.003240815109876,4.121726989746094,682560000
2019-07-12,4.149489127502253,4.225588159858404,4.149489127502253,4.154694557189941,506392000
2019-07-15,4.175765327689639,4.191877105022038,4.118009631723078,4.146267414093018,289840000
2019-07-16,4.131396953534603,4.1685786883300375,4.0860349817768125,4.141560077667236,341444000
2019-07-17,4.143292365625822,4.213690012341834,4.114042672468542,4.206749439239502,348204000
2019-07-18,4.217159862550541,4.281112414602419,4.160643367886861,4.2183990478515625,442192000
2019-07-19,4.25657360049254,4.263018216492399,4.169319996004684,4.17526912689209,344896000
2019-07-22,4.196588790626697,4.259549943428975,4.189152255303709,4.246660232543945,315940000
2019-07-23,4.285824669049029,4.3562218736358655,4.270207899975725,4.354238986968994,428176000
2019-07-24,4.397369627608764,4.434303608502288,4.321518779252925,4.42860221862793,366236000
2019-07-25,4.387206598808334,4.399848564730551,4.274421767187455,4.297722339630127,392700000
2019-07-26,4.324741319657999,4.386215058342815,4.324741319657999,4.339613914489746,274160000
2019-07-29,4.332425018793409,4.349528713326907,4.245419617794768,4.33341646194458,248160000
2019-07-30,4.287063188651109,4.361178885207142,4.272686080572796,4.349032878875732,197772000
2019-07-31,4.317552133408954,4.318544049392739,4.140071036577182,4.182210445404053,359416000
2019-08-01,4.192619622522685,4.282847535848026,4.035960314091311,4.088015079498291,421212000
2019-08-02,3.9955570697784424,4.064715540943148,3.9482124731246495,3.9955570697784424,428348000
2019-08-05,3.8123745688753186,3.8136139907865134,3.690914058324892,3.7377631664276123,589156000
2019-08-06,3.8123755262922074,3.857737244935138,3.7288404069427274,3.776432991027832,361272000
2019-08-07,3.7157022914951865,3.8265042141545442,3.6983508551753905,3.814605951309204,372560000
2019-08-08,3.8721141603502467,3.9241687091173865,3.814854180345954,3.922929286956787,309300000
2019-08-09,3.882028325401216,3.885498612020314,3.771474402259487,3.821793794631958,341816000
2019-08-12,3.7697397411088653,3.8217942834487886,3.7323100475044235,3.7541234493255615,279200000
2019-08-13,3.752635754897479,3.914004799892423,3.713718899764649,3.868147134780884,351956000
2019-08-14,3.7801499175774245,3.7913044772294593,3.676288830670279,3.7199153900146484,419880000
2019-08-15,3.7387550279949506,3.7585853080031844,3.6534847766804277,3.6876919269561768,477200000
2019-08-16,3.949947796045755,4.004232969258714,3.8887215756327413,3.955153226852417,1007960000
2019-08-19,4.068186165550668,4.249137537708656,4.052073914585831,4.233273029327393,815112000
2019-08-20,4.227820566684187,4.228316524725922,4.140071452642333,4.161141395568848,463188000
2019-08-21,4.22707624393112,4.29945679431367,4.205510818927859,4.244427680969238,427244000
2019-08-22,4.254095421008157,4.2964825715091655,4.211460055121014,4.250625133514404,303488000
2019-08-23,4.1742770958377315,4.228562493845775,4.006710957161967,4.026541233062744,568056000
2019-08-26,4.1051200958053276,4.129164364303277,4.062980690288697,4.10115385055542,318208000
2019-08-27,4.139327140718047,4.142053727566777,3.9814285909595064,4.010678291320801,290968000
2019-08-28,3.9843768009846867,4.052858819281227,3.945172959795155,4.000256538391113,255612000
2019-08-29,4.09156616161059,4.175928389541459,4.088092439516701,4.143672466278076,357976000
2019-08-30,4.189823581943815,4.239448592536736,4.138213722370114,4.156326770782471,290616000
2019-09-03,4.083626127603737,4.1166264861590625,4.050625769048413,4.073452949523926,296140000
2019-09-04,4.133995918409182,4.194786537943837,4.133995918409182,4.187342643737793,227728000
2019-09-05,4.289323117794941,4.465987517968853,4.287586256003698,4.459784507751465,695676000
2019-09-06,4.436458106348805,4.493278540364988,4.394773444856032,4.432736396789551,376976000
2019-09-09,4.463753240386079,4.564988124663979,4.462264366813369,4.478640556335449,417524000
2019-09-10,4.445888320844689,4.571687256838014,4.436211588828107,4.545138359069824,352812000
2019-09-11,4.5597769283241165,4.621807955255365,4.530746263849502,4.573671817779541,361512000
2019-09-12,4.620070320142071,4.674657444324101,4.564242310604144,4.5721821784973145,327840000
2019-09-13,4.505685658905281,4.542656191686492,4.47069997506587,4.514369964599609,324592000
2019-09-16,4.4394352479458075,4.505932401714501,4.429014083991992,4.471443176269531,231832000
2019-09-17,4.478144219521308,4.497001705724106,4.431744940740635,4.492783546447754,223048000
2019-09-18,4.485835712927259,4.501467463048874,4.37939026220508,4.465737342834473,258152000
2019-09-19,4.471694331524213,4.490055848575994,4.379640178133339,4.390309810638428,245476000
2019-09-20,4.389315980085497,4.412887601997053,4.274682658844729,4.284855365753174,350244000
2019-09-23,4.285104207214673,4.383609336281327,4.281382023128284,4.338202476501465,249712000
2019-09-24,4.369466098255861,4.398992741117697,4.245404032758619,4.280885696411133,317268000
2019-09-25,4.280388956161692,4.441917996754072,4.2357265399009565,4.422316074371338,308432000
2019-09-26,4.412640715931063,4.421325024764664,4.349368782132739,4.400234222412109,234564000
2019-09-27,4.358547547226562,4.409164976470412,4.201236688798003,4.261779308319092,362056000
2019-09-30,4.287586020513187,4.329270701213524,4.2563220367286165,4.319097518920898,186184000
2019-10-01,4.342171473715146,4.491046018894349,4.3126448364203664,4.31735897064209,366008000
2019-10-02,4.295525327069913,4.307435369491787,4.2213362596719195,4.2935404777526855,293372000
2019-10-03,4.298006794716774,4.504942251858928,4.267735711769522,4.498739242553711,450588000
2019-10-04,4.500970957524564,4.544392958352677,4.435962660070018,4.5151143074035645,265524000
2019-10-07,4.579874825820831,4.673169354026785,4.57119051991119,4.573671817779541,480984000
2019-10-08,4.482114082791431,4.482114082791431,4.379390802700661,4.397503852844238,444436000
2019-10-09,4.474173273041271,4.533227019421583,4.445391073078044,4.483850002288818,292412000
2019-10-10,4.481617970914038,4.59228111758249,4.476407387055457,4.541415691375732,309124000
2019-10-11,4.625281701814051,4.697981884026245,4.60642421652328,4.614860534667969,446404000
2019-10-14,4.606175961127843,4.64910151719913,4.575160446115078,4.628259181976318,200040000
2019-10-15,4.718328480278698,4.944865829725938,4.704433116791738,4.872413158416748,664124000
2019-10-16,4.838420013873234,4.943128605047771,4.8074045009637905,4.818818092346191,428944000
2019-10-17,4.863232267535024,4.908142667329887,4.766463550442048,4.820803165435791,263436000
2019-10-18,4.82129867901973,4.853803060480866,4.652326250189994,4.726515293121338,307440000
2019-10-21,4.787803109175514,4.876879959848776,4.768945622235089,4.863481044769287,261868000
2019-10-22,4.920300838221016,5.0252574148366165,4.845863798218304,4.853555679321289,328720000
2019-10-23,4.771676357837233,4.854797731475823,4.73991639824175,4.8406548500061035,279916000
2019-10-24,4.881841316678145,4.918067411363147,4.8478485319089915,4.884571075439453,232020000
2019-10-25,4.964962835098794,5.095972317401238,4.957270954640952,5.075129985809326,423092000
2019-10-28,5.118799580075106,5.18331189789191,5.089520930960523,5.130958080291748,330792000
2019-10-29,5.1170629633430345,5.123514432062237,5.015580584244966,5.034934043884277,211236000
2019-10-30,5.061732101187581,5.067439134059727,4.968933541298537,5.036919593811035,205960000
2019-10-31,5.0160772916046446,5.036919627567306,4.908143428041418,4.987791061401367,209732000
2019-11-01,4.952558157199556,5.059003637100088,4.92749765792349,5.026747703552246,283640000
2019-11-04,5.107634695669968,5.235418937100487,5.0845595239398795,5.223012447357178,376716000
2019-11-05,5.222764879702714,5.248817800370786,5.153041963491564,5.200930118560791,300868000
2019-11-06,5.1768616032258,5.202418072769225,5.064461125716639,5.151801109313965,269012000
2019-11-07,5.238147862634401,5.252787188243311,5.124754967800568,5.169417381286621,280340000
2019-11-08,5.152545073202675,5.187034306800953,5.115078093051343,5.155522346496582,189100000
2019-11-11,5.1547804633753875,5.188525277051528,5.0686813306253935,5.165450096130371,243436000
2019-11-12,5.203659404546127,5.256758143748969,5.168673715892408,5.200930118560791,283504000
2019-11-13,5.169667029575882,5.197208828521388,5.108876870895727,5.175126075744629,300188000
2019-11-14,5.184057390287869,5.207629485656896,5.124259667709916,5.2053961753845215,518080000
2019-11-15,5.203163341307691,5.254773210795405,4.97836282360961,5.0664472579956055,1053628000
2019-11-18,5.059003616100386,5.293728865611318,5.056026341908343,5.2671799659729,574588000
2019-11-19,5.236161711716423,5.259733324857674,5.102670953310711,5.160731792449951,414564000
2019-11-20,5.137906020437459,5.3235026501880895,5.125251543434289,5.239884853363037,472588000
2019-11-21,5.23541851257245,5.290998067686238,5.1934853851809555,5.215072154998779,288388000
2019-11-22,5.237651025737851,5.28405029690506,5.209116813293341,5.232688903808594,224100000
2019-11-25,5.360472643456192,5.493715437128339,5.34757017994659,5.488752841949463,506476000
2019-11-26,5.471136134479743,5.4758507421905955,5.377841610563299,5.384293079376221,385244000
2019-11-27,5.42973391735485,5.46399996004786,5.392736101303444,5.419056415557861,215784000
2019-11-29,5.388265940558016,5.4165725647475265,5.357972055708968,5.381809711456299,141556000
2019-12-02,5.374857618547784,5.388266419499602,5.18068149080554,5.195827960968018,372036000
2019-12-03,5.012578221912661,5.160320856261252,4.975332231378648,5.15634822845459,465232000
2019-12-04,5.239778515648959,5.262126202217156,5.171494128294318,5.20004940032959,273424000
2019-12-05,5.2219005536134775,5.237543838915353,5.152622538351522,5.183164596557617,184884000
2019-12-06,5.2521933332697985,5.301109970488234,5.242260819199555,5.2683329582214355,232236000
2019-12-09,5.245488933633219,5.3229608383910945,5.236798220625925,5.2683329582214355,211880000
2019-12-10,5.298378948189027,5.3649256652269965,5.245737847541008,5.313277721405029,256388000
2019-12-11,5.32370507891293,5.402170129369942,5.321221950743043,5.396707057952881,233796000
2019-12-12,5.367904674619111,5.581945344521159,5.358965790344056,5.56381893157959,404348000
2019-12-13,5.566801071435508,5.68574028141204,5.507951893649729,5.561834812164307,454704000
2019-12-16,5.609259482123776,5.662893736864883,5.58120055357763,5.590636253356934,320976000
2019-12-17,5.609259353915085,5.691200706121203,5.599823654351449,5.668604850769043,321196000
2019-12-18,5.703366803240123,5.759236005820265,5.694924261764316,5.698897361755371,343548000
2019-12-19,5.733413606342329,5.860050342253355,5.7284473483987375,5.846641540527344,445360000
2019-12-20,5.912938223291909,5.969055598734315,5.893818655681329,5.943728446960449,603044000
2019-12-23,5.9722840686250755,6.0043156215903055,5.919394804297216,5.930071830749512,355060000
2019-12-24,5.914676240071043,5.942238348889782,5.880409732110816,5.925105094909668,138864000
2019-12-26,5.9285834566869715,5.967319419774947,5.909712053622947,5.939260959625244,182852000
2019-12-27,5.954406178482756,5.967814978639957,5.855331570059291,5.881652355194092,254644000
2019-12-30,5.859801829264254,5.8650162577180085,5.737386372392708,5.768672943115234,258056000
2019-12-31,5.733412765788655,5.852103755754159,5.714293196478144,5.842668056488037,231004000
2020-01-02,5.928335567557279,5.957139015197754,5.877929415784326,5.957139015197754,237536000
2020-01-03,5.837701493917199,5.905489527898822,5.812870682746855,5.86178731918335,205384000
2020-01-06,5.7686732819433395,5.89158508763454,5.742601138143197,5.886370658874512,262636000
2020-01-07,5.9146772215510675,6.003322975997539,5.869733680543367,5.957634449005127,314856000
2020-01-08,5.95341258476723,6.010026777884842,5.913435305232208,5.968807697296143,277108000
2020-01-09,6.05497138322673,6.106619328463074,5.980727580351589,6.034361839294434,255112000
2020-01-10,6.141381463186683,6.171674874881469,6.052487541574924,6.066640853881836,316296000
2020-01-13,6.149576949548927,6.281924462411108,6.1269806168674785,6.256845474243164,319840000
2020-01-14,6.214135687983089,6.239463317637183,6.126979903415702,6.140140533447266,359088000
2020-01-15,6.152805286286093,6.1751529770570395,6.071857068357289,6.097681045532227,263104000
2020-01-16,6.1510665656595895,6.187071227811606,6.1277257200512425,6.181111812591553,284192000
2020-01-17,6.200229594507966,6.207678979782701,6.142374075671657,6.18980073928833,253792000
2020-01-21,6.153299881678846,6.1900495201260926,6.122509656861109,6.156527996063232,217916000
2020-01-22,6.201720834154756,6.296822351590504,6.182849433154044,6.210411548614502,239240000
2020-01-23,6.250389431731005,6.2871386039958095,6.161743668888831,6.278696060180664,244516000
2020-01-24,6.393909359136046,6.443570980494994,6.165466753379862,6.219597816467285,373512000
2020-01-27,5.915670782034059,6.015242215037423,5.766438191541949,5.964339256286621,470536000
2020-01-28,6.030140227168706,6.189553496525558,5.977002312846959,6.157273769378662,310976000
2020-01-29,6.142872452573034,6.178877113475648,6.0572061577627805,6.096935749053955,258848000
2020-01-30,5.9993496142246245,6.117047448911372,5.944474034228208,6.103638648986816,290504000
2020-01-31,6.057949143535364,6.069867969626334,5.829010214003755,5.870725631713867,370420000
2020-02-03,5.852601361983941,5.98693566495872,5.846393775927354,5.9675679206848145,255564000
2020-02-04,6.1091010630333695,6.155534568985658,6.059191272083939,6.136414527893066,271544000
2020-02-05,6.257093118185327,6.267273804534784,6.143368372698854,6.226551532745361,208220000
2020-02-06,6.26081803092759,6.313210487365723,6.179869829185719,6.313210487365723,218284000
2020-02-07,6.273233053761534,6.2953325687371064,6.221833281757143,6.247160911560059,189752000
2020-02-10,6.269756297361858,6.5304786470167295,6.26479004009398,6.529734134674072,529608000
2020-02-11,6.637747932218731,6.766370970308543,6.575919305118348,6.6519012451171875,638556000
2020-02-12,6.704542242184371,6.773820254487021,6.66580628678317,6.767364025115967,374644000
2020-02-13,6.709509538364573,6.790705918000455,6.682195591919942,6.723662853240967,528016000
2020-02-14,7.132873132572073,7.324317975721568,7.101586559371794,7.195694923400879,1041924000
2020-02-18,7.092646240797741,7.382421154368142,7.073278500086372,7.364046096801758,620164000
2020-02-19,7.486212147683812,7.831855742382065,7.486212147683812,7.814225673675537,694332000
2020-02-20,7.76630358951414,7.854452522643423,7.358583160433912,7.665242671966553,810052000
2020-02-21,7.553257158608696,7.578336145082304,7.217297345134649,7.3019700050354,768180000
2020-02-24,6.709012487828229,6.999035609686193,6.654633241281441,6.785739421844482,856916000
2020-02-25,6.860726366798093,6.922554983733704,6.405331143257827,6.5068888664245605,1055496000
2020-02-26,6.507137545574785,6.8396210206918395,6.505648047340765,6.645941257476807,747732000
2020-02-27,6.3331371030939225,6.6337688114067115,6.183815236866364,6.275992393493652,906416000
2020-02-28,6.024057286664083,6.769424425321909,6.007410894172658,6.710043430328369,1133252000
2020-03-02,6.87973918151174,6.896882687253615,6.4846945394968625,6.868061542510986,890744000
2020-03-03,6.9237166272843185,6.983345951261071,6.520969778803869,6.606190204620361,652792000
2020-03-04,6.713273723231877,7.07825514478719,6.638736722285123,7.068813800811768,597408000
2020-03-05,6.869798838337605,7.0362641478968,6.745571009528999,6.790044784545898,540328000
2020-03-06,6.610909961054981,6.668303457897392,6.410157592567672,6.6099162101745605,515412000
2020-03-09,5.960453575849489,6.444942493367722,5.917719439491681,6.098098278045654,614160000
2020-03-10,6.373882922902069,6.486681938171387,6.111762534362907,6.486681938171387,580648000
2020-03-11,6.347049964055862,6.375373996903059,6.026790637877311,6.123688220977783,499964000
2020-03-12,5.60168251557704,5.866536307886631,5.361674389912644,5.374345779418945,816540000
2020-03-13,5.726904246684154,5.988279679616138,5.456336262840261,5.983807563781738,634836000
2020-03-16,5.277448221100597,5.61758447680324,4.8200412987671255,4.8796706199646,726972000
2020-03-17,4.991724583367149,5.487394033851727,4.7455051181713985,5.398198127746582,833632000
2020-03-18,4.971599051150128,5.216079295688167,4.4890981795830935,5.039178848266602,874268000
2020-03-19,5.017811170475434,5.384780539879821,4.804885019488233,5.291361331939697,765512000
2020-03-20,5.441182198055765,5.722434170176155,5.096574202270955,5.111978530883789,804636000
2020-03-23,5.110982203414798,5.37856939384944,4.932342581859462,5.284404277801514,643876000
2020-03-24,5.689635972329596,6.277482494566809,5.666032849202426,6.191019535064697,1101644000
2020-03-25,6.305805593471,6.505067080541429,6.053871523402629,6.102569103240967,793432000
2020-03-26,6.309283618914253,6.515005185894308,6.211392299943983,6.391274452209473,696108000
2020-03-27,6.211392945580001,6.53736691560444,6.178596798409605,6.279221534729004,638828000
2020-03-30,6.34456633350233,6.607929789458797,6.300589651080316,6.598736763000488,602252000
2020-03-31,6.638735329642442,6.842469377045188,6.403944797391366,6.549291610717773,949960000
2020-04-01,6.351769311501759,6.4978610818740785,5.994738446861879,6.039211750030518,656912000
2020-04-02,6.068280746680098,6.360464739134366,6.020329082949919,6.347296714782715,675764000
2020-04-03,6.309781168533182,6.351273226478855,5.922935826420933,6.060083389282227,663212000
2020-04-06,6.341583273592423,6.705322589635028,6.284189783712524,6.668550968170166,727884000
2020-04-07,6.889677100662203,6.913280697691347,6.39276565353662,6.43574857711792,784520000
2020-04-08,6.544571154388917,6.65737015384119,6.474755072203678,6.632524490356445,542444000
2020-04-09,6.757996129395736,6.780853821789025,6.470284155436127,6.533143520355225,525564000
2020-04-13,6.473514482047425,6.713274312781902,6.385312806711786,6.704578399658203,398408000
2020-04-14,6.8325308044020225,7.088936948955729,6.804952210354269,7.054898738861084,530948000
2020-04-15,6.8871921794394515,7.060365936147796,6.841973436906401,6.977630138397217,366148000
2020-04-16,7.132666038579894,7.4288250826384346,7.119498012035005,7.321989059448242,745620000
2020-04-17,7.4039809765502635,7.425348280462446,7.129189174090118,7.2628583908081055,539120000
2020-04-20,7.136643154464146,7.292176316616049,7.087697246879658,7.131922245025635,449388000
2020-04-21,7.014153773290799,7.075273479581441,6.6365009587876695,6.696130275726318,735160000
2020-04-22,6.8879379344289635,7.152295094093899,6.842470870529456,7.109560489654541,483356000
2020-04-23,7.151549634129626,7.283230864116009,7.031296775991979,7.056390762329102,424160000
2020-04-24,7.04620405491623,7.197016283498686,6.971667057923223,7.195028781890869,352328000
2020-04-27,7.329194487555945,7.5406302366519835,7.3045971431487144,7.381121635437012,479388000
2020-04-28,7.528206913510298,7.5580218036189075,7.233538746237249,7.239004611968994,442904000
2020-04-29,7.3734203929741255,7.468082150925123,7.298386754372791,7.415409564971924,379160000
2020-04-30,7.361493734355101,7.4154088591523335,7.247949773360715,7.2618632316589355,375916000
2020-05-01,7.064839149933948,7.1778864977303005,6.977631222999146,7.025831699371338,342096000
2020-05-04,6.978624966589477,7.250932636320567,6.978624966589477,7.23726749420166,317556000
2020-05-05,7.3411215423924565,7.460380176917266,7.237266757199791,7.298138618469238,368896000
2020-05-06,7.37739587501728,7.503362917200423,7.339630499507867,7.3987627029418945,323464000
2020-05-07,7.537648468378695,7.637776079899891,7.486466752298635,7.5746684074401855,373732000
2020-05-08,7.646224657266343,7.770452516763413,7.612434759096941,7.7642412185668945,339216000
2020-05-11,7.7592735868249,8.062389929650758,7.730701230129176,8.015680313110352,469060000
2020-05-12,8.073319236258097,8.122016340245983,7.744612362664973,7.754302024841309,493060000
2020-05-13,7.868592147324393,8.028597396671517,7.547835743178876,7.7319416999816895,625852000
2020-05-14,7.793309777295403,7.986359954701041,7.640012472403953,7.980894088745117,602312000
2020-05-15,7.841012401949906,8.447989319934127,7.8253597631626945,8.438300132751465,987660000
2020-05-18,8.706383329298868,8.861419800060519,8.626877592669787,8.696196556091309,774460000
2020-05-19,8.73595121255931,9.031364852697052,8.708620932289517,8.751107215881348,717320000
2020-05-20,8.935462935324942,8.9871417777898,8.833844433095647,8.914592742919922,587536000
2020-05-21,8.995587993509218,8.996581270452394,8.683527484566827,8.721044540405273,761068000
2020-05-22,8.770735645480487,9.036832475277743,8.659427960573646,8.970494270324707,1038764000
2020-05-26,9.100182807136237,9.125028935311516,8.61842761304473,8.663894653320312,770780000
2020-05-27,8.571721934524938,8.579423621709141,7.947352618383713,8.472588539123535,1175892000
2020-05-28,8.360284036781087,8.70638315643376,8.327487897378179,8.43457317352295,734896000
2020-05-29,8.50165488848995,8.820672035217285,8.432584249513795,8.820672035217285,745256000
2020-06-01,8.778687590097684,8.786140959756835,8.63582533566827,8.751853942871094,389876000
2020-06-02,8.741915542097436,8.78266169957155,8.604519169266093,8.770735740661621,391320000
2020-06-03,8.76775199001811,8.811479859344383,8.646256620985332,8.715327262878418,365440000
2020-06-04,8.678043432788487,8.892061426403298,8.627832561939305,8.716323852539062,424280000
2020-06-05,8.744164653127928,8.945505028883574,8.658159572680956,8.868946075439453,481748000
2020-06-08,8.826440228140672,8.838868493971896,8.63603657853043,8.75460433959961,387736000
2020-06-09,8.749633194746389,9.057609939303413,8.701162292308348,8.994224548339844,468488000
2020-06-10,9.115277601014839,9.44562557035412,9.10110841167236,9.313138008117676,632180000
2020-06-11,9.097627526364212,9.208240685971829,8.735711592301131,8.745903015136719,583652000
2020-06-12,9.110059416078007,9.134667518345411,8.653437455543614,8.881375312805176,570908000
2020-06-15,8.76479584104821,9.129694925278905,8.693704301366452,9.121243476867676,400004000
2020-06-16,9.17220189162035,9.213712893600825,8.788162066934026,9.016596794128418,535716000
2020-06-17,9.061587984964056,9.245777040629367,9.018336061726147,9.183137893676758,408304000
2020-06-18,9.174186691720614,9.229369050917883,9.062330430075383,9.165238380432129,254408000
2020-06-19,9.18959858782948,9.390938922555518,9.174435670130153,9.208240509033203,524160000
2020-06-22,9.24677073049293,9.476696958868198,9.220173275389165,9.472222328186035,398468000
2020-06-23,9.496334887853113,9.58731147203892,9.353656826229907,9.395913124084473,375108000
2020-06-24,9.422011483078405,9.50180290042588,9.092160369035703,9.182640075683594,449372000
2020-06-25,9.302201948489339,9.450597738483603,9.129694924322715,9.435683250427246,376072000
2020-06-26,9.445626707798452,9.445626707798452,9.072773021964302,9.102601051330566,592084000
2020-06-29,9.117268123933421,9.151819220834351,8.849061417670297,9.147344589233398,342248000
2020-06-30,9.260691434297515,9.471726378322368,9.213463641985124,9.443389892578125,367892000
2020-07-01,9.466256631521325,9.520942134354888,9.359123415191961,9.47545337677002,326648000
2020-07-02,9.583827448708572,9.681763896742163,9.523425166903975,9.557230949401855,364056000
2020-07-06,9.685991442309067,9.85203541147055,9.656908714808086,9.782933235168457,315892000
2020-07-07,9.889320247098922,10.012361669196572,9.79436687152817,9.81524658203125,357800000
2020-07-08,9.936549995462096,10.16647718547054,9.90846194337441,10.157527923583984,365480000
2020-07-09,10.320837695475568,10.509501363844844,10.174927184561719,10.448850631713867,494548000
2020-07-10,10.528143708751548,10.594262798531828,10.319345634913779,10.419270515441895,497676000
2020-07-13,10.534360613748039,10.730481084738214,9.967622319267779,9.99471664428711,457076000
2020-07-14,10.01733538240931,10.343209704716779,9.729492105255805,10.317606925964355,542676000
2020-07-15,10.35464061910148,10.3732825380755,9.99819214651149,10.168710708618164,403984000
2020-07-16,9.95767944646456,10.148331539727138,9.838863245920118,10.076744079589844,344964000
2020-07-17,10.166974986746677,10.189843112280766,10.030013717920978,10.143112182617188,266284000
2020-07-20,10.215443985468063,10.470972981230924,10.098616209013986,10.450590133666992,284852000
2020-07-21,10.452827165470543,10.499559035477194,10.227872436950578,10.269383430480957,277036000
2020-07-22,10.308161365872728,10.541815989518545,10.23259614351377,10.379003524780273,367292000
2020-07-23,10.390185247626393,10.486630152482693,9.973832312689932,10.071768760681152,411660000
2020-07-24,9.818480016011662,10.305426819954247,9.721041347995266,10.136151313781738,473292000
2020-07-27,10.173685827717728,10.38198611518215,10.159268204168063,10.361852645874023,292132000
2020-07-28,10.31487297834555,10.32257818094102,10.150817400317544,10.157031059265137,271636000
2020-07-29,10.3312755922246,10.456056985081002,10.28777619712682,10.405597686767578,284508000
2020-07-30,10.31561792819607,10.562198626174778,10.23632432247183,10.553250312805176,308880000
2020-07-31,10.502789580184212,10.704877134724839,10.373285104214844,10.553995132446289,386080000
2020-08-03,10.671069161625706,11.035222849930543,10.653917836860751,10.947229385375977,412720000
2020-08-04,10.986755156389975,11.163487434387207,10.843579291958523,11.163487434387207,310336000
2020-08-05,11.179644171241007,11.306662426415594,11.102338977036846,11.222148895263672,249924000
2020-08-06,11.284788588104904,11.292991603889252,11.114767787246265,11.270620346069336,244316000
2020-08-07,11.24775201691962,11.43890190925991,10.974326380325055,11.135398864746094,342516000
2020-08-10,11.269376954121983,11.342952810941906,10.794360663161397,11.101095199584961,427796000
2020-08-11,11.010368494518175,11.073008586632106,10.733959759991317,10.7878999710083,354512000
2020-08-12,10.927843787475073,11.401367625316079,10.895529538580869,11.374771118164062,464412000
2020-08-13,11.479914503905402,11.654659304257047,11.290753978168782,11.377504348754883,374460000
2020-08-14,11.464006479493863,11.637756604352083,11.375019266250126,11.497812271118164,366436000
2020-08-17,11.78341797703203,12.338721639164778,11.749613132917666,12.266387939453125,621300000
2020-08-18,12.378741454160556,12.424478648175024,12.017073893181932,12.190574645996094,503448000
2020-08-19,12.226120712995726,12.244514205502846,12.028756205783154,12.069025039672852,622624000
2020-08-20,11.906460065788977,12.30417023970523,11.810760432923727,12.07150936126709,921388000
2020-08-21,12.13191431669981,12.735440562334757,12.125451276051237,12.610907554626465,999868000
2020-08-24,12.810007786432903,12.83859364848732,12.43591104716389,12.647443771362305,490564000
2020-08-25,12.558454243567907,12.688207132771769,12.501780338944037,12.677021980285645,289076000
2020-08-26,12.725991685415721,12.79484543135099,12.605187089337212,12.699892044067383,321244000
2020-08-27,12.708342781689355,12.776451226157715,12.494573218918223,12.555970191955566,317604000
2020-08-28,12.60245349059197,13.072745800414442,12.570139242268583,13.072497367858887,537160000
2020-08-31,13.10729583061837,13.497300775546966,12.963126258132377,13.297948837280273,500840000
2020-09-01,13.406854826972564,13.917817210067447,13.363590918309756,13.746005058288574,511316000
2020-09-02,14.62396658977693,14.64684250423329,13.824577727830716,14.268655776977539,874012000
2020-09-03,13.753713485703926,13.809160874427366,12.80886846988595,12.944876670837402,945128000
2020-09-04,12.714381712126338,13.103509297412081,11.641237117895182,12.554007530212402,1463684000
2020-09-08,11.67082842971862,12.481903777414194,11.640742968653129,11.848360061645508,795728000
2020-09-09,12.332717152096508,12.739746817327525,12.165379994058032,12.646008491516113,736200000
2020-09-10,12.918770116551691,12.994357950704119,12.100981305836067,12.244946479797363,698684000
2020-09-11,12.417753831428957,12.58384750491688,11.831203535061007,12.098495483398438,636928000
2020-09-14,13.010019533572963,13.242749047154941,12.562710043192387,12.802401542663574,1201744000
2020-09-15,13.207939772230896,13.226588220643817,12.758144242528516,12.92050838470459,727556000
2020-09-16,12.886941792074117,13.021706504588948,12.445848717637983,12.44659423828125,556384000
2020-09-17,12.066418385960583,12.521436376153515,11.969447587657047,12.39587116241455,792512000
2020-09-18,12.525417920772094,12.563957364700686,11.923701028791086,12.123112678527832,698460000
2020-09-21,11.860295878068843,12.454553728304726,11.83990692768758,12.449332237243652,721044000
2020-09-22,12.506768243734077,12.57937210243199,12.089545037394595,12.569177627563477,646452000
2020-09-23,12.507263849012158,12.657942495758004,12.013707338704753,12.057965278625488,647012000
2020-09-24,12.006743398377193,12.501294804313572,11.948809052122478,12.280996322631836,731240000
2020-09-25,12.379958380976724,12.813592456026164,12.179303301507392,12.803894996643066,588016000
2020-09-28,12.969491127871112,12.980929083477617,12.680816250113036,12.964269638061523,573808000
2020-09-29,12.867298209631182,13.369806586512889,12.863071696016648,13.153984069824219,621460000
2020-09-30,13.086105607065111,13.548582595898237,13.07889511363806,13.45708179473877,689184000
2020-10-01,13.683346280612378,13.688069807917765,13.38770848426377,13.540624618530273,525004000
2020-10-02,13.153240207178108,13.446141621282568,12.980183612538768,12.991373062133789,552496000
2020-10-05,13.164179678210838,13.570214312585838,13.151001225511452,13.568473815917969,479820000
2020-10-06,13.754957214450531,14.065264550133465,13.590852555868134,13.661964416503906,784420000
2020-10-07,13.923785773213117,14.042637510880455,13.788274589231673,13.888229370117188,418084000
2020-10-08,13.998625545872363,14.008074497442983,13.683346224032253,13.763657569885254,378900000
2020-10-09,13.692301575356119,13.749240964277911,13.586628268911685,13.688074111938477,346892000
2020-10-12,13.913591958690121,14.26915221248606,13.837010100395466,14.148808479309082,434744000
2020-10-13,14.218925925974037,14.27064381415561,13.94268301085505,14.170937538146973,344604000
2020-10-14,14.212956496432877,14.264922886129455,13.884250206462303,14.018766403198242,276100000
2020-10-15,13.7358113145266,13.929752918930133,13.693044417342875,13.894197463989258,267224000
2020-10-16,13.960585020449875,14.04487533293222,13.717660049634887,13.736557006835938,242392000
2020-10-19,13.82756263343774,13.907625493896074,13.334005118727905,13.424511909484863,298068000
2020-10-20,13.509794010029397,13.724871025768707,13.433709170027877,13.571457862854004,229212000
2020-10-21,13.551068882438022,13.716665521672029,13.404369199715683,13.451362609863281,219596000
2020-10-22,13.449126364383108,13.537891703010716,13.15995348572998,13.28850269317627,290480000
2020-10-23,13.377018906592749,13.519492082140397,13.219130715639897,13.516508102416992,233484000
2020-10-26,13.35414134739024,13.618449244464328,12.96774924576472,13.069941520690918,336896000
2020-10-27,13.233801206707778,13.369063898523823,13.119922439853289,13.32405948638916,250520000
2020-10-28,13.126385854290977,13.188049707227659,12.540582096891148,12.558484077453613,376520000
2020-10-29,12.76883550581862,13.121163222090864,12.68081570346587,12.953329086303711,320080000
2020-10-30,12.780276391790489,12.866306261983306,12.233260497280058,12.465991020202637,416820000
2020-11-02,12.589068316716522,12.767096951899822,12.32774434236848,12.512486457824707,299652000
2020-11-03,12.639539305190821,13.03388739834692,12.534363056860535,12.948851585388184,272900000
2020-11-04,13.316597320732134,13.75246983604854,13.264630929698608,13.719399452209473,410228000
2020-11-05,14.085651180634382,14.261192818538987,13.91508157682387,14.08316421508789,319028000
2020-11-06,14.03318712124654,14.509588050674013,13.819603063155224,14.482983589172363,383348000
2020-11-09,14.473535006204227,14.61178070378951,13.536895554377303,13.55678653717041,582976000
2020-11-10,13.532668624695363,13.532668624695363,12.559727213621446,12.700708389282227,644068000
2020-11-11,12.982917325795599,13.362098953188866,12.877989573512085,13.34519100189209,404744000
2020-11-12,13.405861285173073,13.691303689939454,13.243745638126441,13.383731842041016,365812000
2020-11-13,13.55330655700008,13.59458146386751,12.988388755362086,13.224848747253418,346312000
2020-11-16,13.101024751247351,13.575436751077367,13.084614759446428,13.441915512084961,413776000
2020-11-17,13.478959935350014,13.522472345327744,13.231559991334292,13.349416732788086,312028000
2020-11-18,13.392186477279536,13.531924181183586,13.11345753865842,13.355884552001953,510924000
2020-11-19,13.141056448609183,13.414315378972356,13.028918190667222,13.367321968078613,565936000
2020-11-20,13.380996827726403,13.42127675687941,12.994106718659982,13.01673412322998,341088000
2020-11-23,13.09978026741796,13.309883333882462,12.944875127706089,13.068699836730957,361356000
2020-11-24,13.07118878802459,13.090582761074899,12.815086285194447,12.887441635131836,346500000
2020-11-25,12.961785995769935,13.19749954950545,12.949354010397753,13.162938117980957,259916000
2020-11-27,13.302426146106399,13.334750064003929,13.099035582696706,13.189292907714844,167276000
2020-11-30,13.193021446045464,13.339721115566775,12.901859617237223,13.328780174255371,286952000
2020-12-01,13.419038982985601,13.455340904435158,13.156470608275669,13.317343711853027,296948000
2020-12-02,13.278056936052282,13.599304211301206,13.162437699845077,13.471004486083984,283360000
2020-12-03,13.517763528464098,13.589891659268064,13.26059109649441,13.32724666595459,199520000
2020-12-04,13.379478105518432,13.490406591655205,13.320035154421149,13.488665580749512,202244000
2020-12-07,13.531447025958547,13.660779969724386,13.430716952424955,13.536918640136719,223244000
2020-12-08,13.51527914984112,13.528958658042994,13.213336596873383,13.281485557556152,271920000
2020-12-09,13.232238946348641,13.345156083678086,12.802207321709657,12.864386558532715,401300000
2020-12-10,12.802953380691694,13.001678158655883,12.783552731095787,12.905673027038574,207764000
2020-12-11,12.900699188489625,12.953179048728904,12.757189593634664,12.946463584899902,209264000
2020-12-14,13.020827307185531,13.320033514605955,13.010381243037374,13.24044418334961,270156000
2020-12-15,13.3707718895099,13.39489745979019,13.11907107095995,13.291929244995117,193016000
2020-12-16,13.353611291227617,13.36828606791019,13.144689037378825,13.174535751342773,223116000
2020-12-17,13.29814698347281,13.310832168465264,13.110863557414445,13.272778511047363,231384000
2020-12-18,13.310338212053134,13.336204801907533,13.003422105276535,13.203887939453125,342064000
2020-12-21,13.007646335173467,13.301380961244586,12.900946562414616,13.263824462890625,302332000
2020-12-22,13.250889152405113,13.268796418384998,12.987000341166633,13.210099220275879,185580000
2020-12-23,13.187965472083052,13.20686801104678,12.938254232061905,12.942481994628906,179144000
2020-12-24,12.970336813485524,13.065098078701942,12.87234305599769,12.9270601272583,97884000
2020-12-28,12.9954590638984,12.9954590638984,12.69774525994913,12.833792686462402,212564000
2020-12-29,12.858666619881392,13.005409659646398,12.776340989904284,12.876822471618652,170372000
2020-12-30,12.923580016159637,13.145933201726493,12.830560696633615,13.078282356262207,225396000
2020-12-31,13.069080738298597,13.083505986905843,12.84871713388404,12.987998962402344,192424000
2021-01-04,13.036995675741743,13.582432117374609,12.89597283811847,13.046197891235352,560640000
2021-01-05,13.032518736692339,13.374504535235,13.019834498908478,13.335953712463379,322760000
2021-01-06,13.15463928774817,13.177023851121177,12.521406527298588,12.549759864807129,580424000
2021-01-07,12.900944926798237,13.309090007060597,12.8203612761621,13.2755126953125,461480000
2021-01-08,13.293920064625954,13.35211916574799,12.975064589250893,13.208609580993652,292528000
2021-01-11,13.349879401554206,13.889346986989683,13.293918478633943,13.551589012145996,518344000
2021-01-12,13.681916283179843,13.683906822949615,13.276508418363603,13.41554069519043,291476000
2021-01-13,13.42076271951395,13.555070063446028,13.316302084530966,13.462298393249512,210028000
2021-01-14,13.505328397210821,13.529951129095025,13.112853322479959,13.132501602172852,283120000
2021-01-15,13.160110379541644,13.256861253737839,12.78255862740494,12.793501853942871,277780000
2021-01-19,12.94944518994785,13.026796351578763,12.7780794490241,12.958399772644043,226188000
2021-01-20,13.044454541839137,13.36156896001884,12.98973747053328,13.297151565551758,258572000
2021-01-21,13.349630731667151,13.927400548792576,13.184980456371806,13.796326637268066,337780000
2021-01-22,13.669482236438519,13.77071039880611,13.557310847947868,13.642123222351074,246820000
2021-01-25,13.71101709190849,13.75752722329833,13.168565561333795,13.583176612854004,251112000
2021-01-26,13.510799710027586,13.574719948658196,13.31879041384867,13.36629581451416,163980000
2021-01-27,13.162098483674535,13.164834764389763,12.728087739342117,12.851451873779297,371272000
2021-01-28,12.9295498263929,13.271287026648704,12.89398291811221,12.984018325805664,228316000
2021-01-29,13.00789568264157,13.266312945852967,12.845234971987278,12.923083305358887,271552000
2021-02-01,12.986256485316742,13.202639933895902,12.836528607721643,13.169063568115234,217204000
2021-02-02,13.329983047797578,13.502343114382933,13.217313559304229,13.48717212677002,220440000
2021-02-03,13.566014514279491,13.860247226982565,13.44712862336559,13.46105670928955,245408000
2021-02-04,13.46155462652012,13.60332319408904,13.269296744638849,13.594120979309082,201340000
2021-02-05,13.654561886139208,13.666748964406889,13.476231107078341,13.521248817443848,169152000
2021-02-08,13.65679743774099,14.399466174887932,13.65679743774099,14.364645957946777,434624000
2021-02-09,14.267148904678315,14.508404628817875,14.149505903817214,14.190047264099121,287560000
2021-02-10,14.389019846164402,14.82850221001609,14.267894829975646,14.688474655151367,485352000
2021-02-11,14.903363973524835,15.193865096484295,14.848397378087014,15.17247486114502,450828000
2021-02-12,14.972756737304856,15.212768570411933,14.699167593247982,14.884462356567383,374756000
2021-02-16,14.986937029281831,15.293605449198264,14.873273202629141,15.251571655273438,321960000
2021-02-17,15.09313568691804,15.145366956291253,14.704142665462815,14.829496383666992,274756000
2021-02-18,14.653407246591904,14.796916836680797,14.500197331565527,14.752894401550293,233868000
2021-02-19,14.947391142889295,15.099108634072808,14.77055375591211,14.849894523620605,271724000
2021-02-22,14.698921307165705,15.055581855788054,14.251479612238253,14.282072067260742,325884000
2021-02-23,14.003011915069953,14.165673573330455,13.320781350681472,14.069419860839844,391780000
2021-02-24,14.050268009256117,14.432297029257633,13.685399568921875,14.424586296081543,448320000
2021-02-25,13.97341582362996,14.30097638862867,13.148422295447304,13.239203453063965,824436000
2021-02-26,13.681920539804803,13.783397302107607,13.292430230513423,13.644116401672363,500932000
2021-03-01,13.80379015389627,13.853533731594203,13.483691763689485,13.770710945129395,353184000
2021-03-02,13.828659823403687,13.849054792199592,13.32724682102197,13.337444305419922,264116000
2021-03-03,13.357343042088633,13.382462935621067,12.733063022967233,12.739032745361328,377592000
2021-03-04,12.735051323937004,12.908407604408795,12.02173124079755,12.306760787963867,573344000
2021-03-05,12.485586839310546,12.485586839310546,11.619305571619883,12.397541046142578,542840000
2021-03-08,12.386102995034543,12.40724370649822,11.507137260717878,11.533750534057617,543112000
2021-03-09,12.072159199010558,12.55632917757728,12.001499113514425,12.460291862487793,521824000
2021-03-10,12.779006670400841,12.917838270232659,12.397841436057153,12.408539772033691,384376000
2021-03-11,12.88798468790623,12.983774296200266,12.673516798492331,12.931276321411133,299916000
2021-03-12,12.58768004946713,12.827028797912275,12.529709519311325,12.794435501098633,243964000
2021-03-15,12.803141162521834,13.143503346507048,12.706108237775904,13.128077507019043,221988000
2021-03-16,13.292534194238696,13.447787232885492,13.053932469656843,13.2275972366333,272128000
2021-03-17,12.977302577062947,13.388822153481435,12.92729317177526,13.277359008789062,243864000
2021-03-18,13.07358935587392,13.120861535601579,12.656098001762194,12.661571502685547,293896000
2021-03-19,12.688941772839797,12.85962068483066,12.552100433738472,12.784233093261719,299208000
2021-03-22,12.850909657506312,13.330352040401362,12.844937875854539,13.123099327087402,297804000
2021-03-23,13.190775433395043,13.280593244475526,12.958891459690443,13.00815486907959,222048000
2021-03-24,13.088269018279323,13.096231078614293,12.576233274539561,12.582452774047852,245840000
2021-03-25,12.439640540443962,12.653859729796126,12.21323006912664,12.475218772888184,295144000
2021-03-26,12.494375164135345,12.79468024246044,12.314242229995006,12.777761459350586,363968000
2021-03-29,12.758854634186175,12.999944962976231,12.639180750258788,12.886241912841797,273520000
2021-03-30,12.780501735531377,12.913113858096398,12.644157722970252,12.81010913848877,200204000
2021-03-31,12.953170680778484,13.405991674241122,12.92032872070121,13.284327507019043,314776000
2021-04-01,13.507256145400948,13.803579814393816,13.446547439602472,13.745609283447266,308276000
2021-04-05,13.801090791161734,13.946888858751477,13.667234391669156,13.920516014099121,255672000
2021-04-06,13.932705651391382,13.98694428007725,13.707539461225052,13.795117378234863,191744000
2021-04-07,13.814276132527263,14.175289010956332,13.645837117597932,14.07576847076416,251284000
2021-04-08,14.184495575099847,14.402198005906836,14.180762736178757,14.248437881469727,244416000
2021-04-09,14.145932176310351,14.339003397951725,14.107119378716153,14.33104133605957,195172000
2021-04-12,14.221319152451406,15.278979704341099,14.07153957274633,15.1361665725708,869324000
2021-04-13,15.15855755137292,15.624814088647074,15.05331389396944,15.604412078857422,676212000
2021-04-14,15.550174265451684,15.645216922969265,15.1545777941743,15.203841209411621,385500000
2021-04-15,15.587490177903373,16.13659794169235,15.556638505158789,16.059967041015625,598480000
2021-04-16,15.976123314232588,16.08833436820493,15.789272566562536,15.836297035217285,335208000
2021-04-19,15.46209667219749,15.731798779412195,15.160049939654558,15.288183212280273,404420000
2021-04-20,15.249870060926977,15.422787933524207,14.891345699240103,15.09859848022461,334132000
2021-04-21,15.046346636639578,15.28892989880131,15.029926132714714,15.28693962097168,216776000
2021-04-22,15.301370575475275,15.364566882387335,14.712702932237502,14.779133796691895,277788000
2021-04-23,14.862733902872684,15.261564981870862,14.82889727370879,15.19214916229248,227500000
2021-04-26,15.112279260571835,15.404870964360937,15.052566183723469,15.403875350952148,197796000
2021-04-27,15.503896739298003,15.595456172950886,15.280969463843478,15.308089256286621,164572000
2021-04-28,15.290922515939359,15.457869551472516,15.142635880213009,15.203592300415039,209416000
2021-04-29,15.32625115862929,15.362576342418699,14.999324504524623,15.251361846923828,173196000
2021-04-30,15.101830901269981,15.291417919862836,14.925180214363863,14.937620162963867,201912000
2021-05-03,15.0525689765553,15.173735815261006,14.716685585647,14.76569938659668,203912000
2021-05-04,14.567151838206913,14.567400504280046,13.94315469910986,14.28252124786377,405324000
2021-05-05,14.63855847088675,14.742558788944459,14.318598303856616,14.38925838470459,292024000
2021-05-06,14.42583403228446,14.501470291554716,14.1499124041879,14.453451156616211,193380000
2021-05-07,14.737334332362575,14.899055557162523,14.601487668316276,14.741314888000488,229328000
2021-05-10,14.716435724758746,14.735096123743787,14.18175896431801,14.197433471679688,268904000
2021-05-11,13.758793450883047,14.286006409049536,13.684152807210628,14.237738609313965,285584000
2021-05-12,13.94240815677202,14.191957855909237,13.643596947830634,13.692610740661621,303408000
2021-05-13,13.966543750646617,14.013319554436475,13.39454620795062,13.599808692932129,285404000
2021-05-14,13.823482138772494,14.259384315186782,13.682659301255852,14.17479133605957,258616000
2021-05-17,14.089204485525109,14.101395769520703,13.787158662144325,14.097663879394531,216980000
2021-05-18,14.19867739521661,14.335270069717708,13.936936381971368,13.948630332946777,186256000
2021-05-19,13.501529742338581,14.012073471257523,13.478391458639676,13.99838924407959,344000000
2021-05-20,14.234004704040196,14.613429266885895,14.202158362939752,14.542520523071289,321592000
2021-05-21,15.091131488505768,15.14910295826252,14.798291095690491,14.919955253601074,672992000
2021-05-24,15.139648534960056,15.669598713415175,15.10332335245462,15.537236213684082,554816000
2021-05-25,15.690498551838248,15.742746908648106,15.408356475957715,15.57281494140625,435408000
2021-05-26,15.658897404474263,15.718112195747533,15.511606424462924,15.624811172485352,370440000
2021-05-27,15.624565789324397,15.67457520145046,15.385964013483283,15.413829803466797,581476000
2021-05-28,15.426767817068965,16.199548993346383,15.426767817068965,16.166706085205078,644536000
2021-06-01,16.192085626438377,16.30976923688421,15.827091228848875,16.18661117553711,472804000
2021-06-02,16.17442249509747,16.837730875688383,16.157752372791514,16.69790267944336,594168000
2021-06-03,16.620770279953966,17.17634723996849,16.503584018913063,16.88848114013672,580008000
2021-06-04,17.030546995580625,17.576420274353822,17.013630109860085,17.494068145751953,617120000
2021-06-07,17.48710229431981,17.727196038292035,17.110414943863784,17.534622192382812,575756000
2021-06-08,17.443309039141475,17.537107385076943,17.168381216387527,17.373395919799805,323848000
2021-06-09,17.435868075658778,17.49484773698549,17.17705361088442,17.279085159301758,381656000
2021-06-10,17.270872745755277,17.412225327997316,17.09766651507908,17.345529556274414,287772000
2021-06-11,17.39977978705198,17.85743409569149,17.36419339668503,17.743953704833984,416308000
2021-06-14,17.82433434092857,17.957224622706175,17.582193863360512,17.936569213867188,321376000
2021-06-15,17.83328913764329,17.934077024365276,17.647141786464086,17.707365036010742,243032000
2021-06-16,17.709609271497378,17.872860848959444,17.50429881095447,17.729019165039062,307124000
2021-06-17,17.693435236474446,18.749097779560163,17.675268955812072,18.572158813476562,809656000
2021-06-18,18.698327387768984,19.286631467550436,18.49923881961197,18.553739547729492,968856000
2021-06-21,18.3511693418325,18.451959152942997,17.741463607959098,18.34320640563965,672384000
2021-06-22,18.3872508758273,18.87725613721242,18.302140132099126,18.80060577392578,580144000
2021-06-23,18.921059344157953,19.065398486357704,18.82151504268745,18.970333099365234,332356000
2021-06-24,19.14005621589849,19.331428697030866,19.001190887629537,19.11790657043457,320924000
2021-06-25,19.192568626811074,19.257272715606643,18.80832936010716,18.94420623779297,278364000
2021-06-28,19.272950069531685,19.987178487793155,19.230893075901268,19.893856048583984,495436000
2021-06-29,19.791820384449192,20.00708358846568,19.56734872951691,19.935413360595703,367632000
2021-06-30,19.908036750212215,20.070542160413943,19.77315479150044,19.911272048950195,326568000
2021-07-01,20.033212727409474,20.362702460566606,19.927695282223045,20.119815826416016,480136000
2021-07-02,20.347028318463767,20.411732403859773,20.195223675024934,20.393564224243164,342764000
2021-07-06,20.642917142581126,20.746940344072726,20.257434361701367,20.604095458984375,446708000
2021-07-07,20.758386591417537,20.779788164387533,20.239265541456227,20.278833389282227,418428000
2021-07-08,19.765933222680236,20.041170879726913,19.61089333995601,19.81197166442871,503300000
2021-07-09,19.87145390678074,19.988667035276382,19.664153655569276,19.958803176879883,296624000
2021-07-12,20.147690934282892,20.43910519307565,20.09567932268978,20.418949127197266,321984000
2021-07-13,20.307455300297775,20.36792918431061,20.02226296191594,20.157642364501953,290708000
2021-07-14,20.264901240088385,20.324627057304227,19.66266101165078,19.751005172729492,380100000
2021-07-15,19.721394132584212,19.75648307783893,18.772490778787795,18.879749298095703,550564000
2021-07-16,18.943708276091723,19.069630529102028,17.990574677215164,18.07817268371582,688224000
2021-07-19,17.833538585899674,18.95514847609829,17.784014221794354,18.694095611572266,749060000
2021-07-20,18.644572891370625,18.75208011096828,18.08115440605644,18.527111053466797,434687000
2021-07-21,18.795886027698945,19.43794487271185,18.656525124403085,19.32147789001465,371017000
2021-07-22,19.552414359226333,19.7962958674944,19.18808253655946,19.5046329498291,323826000
2021-07-23,19.566352203135214,19.610152148792288,19.162203768763973,19.468799591064453,195672000
2021-07-26,19.222927760778727,19.35332891748849,18.827737126381447,19.206005096435547,203943000
2021-07-27,19.177136815966357,19.53250898261361,18.655526474479164,19.120397567749023,248863000
2021-07-28,19.230890227163382,19.556398512743925,18.908368517411507,19.414051055908203,202191000
2021-07-29,19.429981088890184,19.76245938835662,19.239852175387078,19.572330474853516,190781000
2021-07-30,19.329440463856944,19.540473498582248,19.17514858058389,19.410072326660156,183497000
2021-08-02,19.61015425708338,19.86996358597214,19.272699647938943,19.65992546081543,217444000
2021-08-03,19.649969748387328,20.129771796246487,19.132340904279957,19.724628448486328,301811000
2021-08-04,19.898826814854456,20.225331848038415,19.737565032108463,20.18153190612793,231309000
2021-08-05,20.4065028973456,20.63844002549978,20.249222567431012,20.542877197265625,211435000
2021-08-06,20.430391658316715,20.476181384713264,20.117822711619997,20.27311134338379,178497000
2021-08-09,20.352744901947933,20.414462393227705,20.0511273868057,20.202434539794922,146443000
2021-08-10,20.229316742427432,20.336823982919242,19.744536419810593,19.845077514648438,179238000
2021-08-11,19.951584652682246,19.957557803565333,19.341381532525443,19.609153747558594,185925000
2021-08-12,19.779376396027782,19.937649714347675,19.53051661292987,19.81421661376953,151652000
2021-08-13,19.81421982888038,20.121810585889133,19.7604652564139,20.095928192138672,183063000
2021-08-16,20.043168322323123,20.194475504529578,19.364277685801866,19.859012603759766,210876000
2021-08-17,19.595217108343547,19.679830414635195,19.17912431578376,19.369253158569336,204585000
2021-08-18,19.41106426442262,19.54445389093999,18.913344667898965,18.953163146972656,285913000
2021-08-19,19.405093949250475,20.40153007897719,18.67643200408069,19.70770835876465,766555000
2021-08-20,19.899821801702963,20.769836101289304,19.842087671920797,20.721059799194336,675741000
2021-08-23,20.875356807002596,21.896676532709122,20.854452674261367,21.85785484313965,575807000
2021-08-24,21.653783131339996,21.858842926542163,21.436777036207157,21.693599700927734,297299000
2021-08-25,21.63785975782843,22.367516438446174,21.62292877853246,22.1116886138916,347701000
2021-08-26,22.098749850642953,22.23811072383032,21.6906199517518,21.96735191345215,237940000
2021-08-27,22.082820582434145,22.61836691419927,22.065897920601948,22.532758712768555,304722000
2021-08-30,22.725878636923216,22.93790654996559,22.44815174673323,22.58452606201172,262580000
2021-08-31,22.59547280041693,22.59547280041693,22.022995550957603,22.286832809448242,259850000
2021-09-01,22.386396092304786,22.597466292510102,22.258957158391045,22.342588424682617,201767000
2021-09-02,22.419251447689817,22.493923309725275,22.197229795135584,22.297786712646484,187834000
2021-09-03,22.227100272958122,22.885200930384197,22.102648427978476,22.742828369140625,280532000
2021-09-07,22.73287556473805,22.7985861340178,22.42323850542698,22.562625885009766,198107000
2021-09-08,22.414266424184934,22.510841137999478,21.88061593060602,22.241029739379883,254434000
2021-09-09,22.214152533662265,22.43916125911204,22.033946539770156,22.079744338989258,196856000
2021-09-10,22.249995986999718,22.52677674082894,22.1723389246809,22.379426956176758,248376000
2021-09-13,22.58452386410975,22.86329666367151,21.762145909437695,22.05485725402832,297500000
2021-09-14,22.17731500306125,22.31172320295667,21.989144662598154,22.144460678100586,199755000
2021-09-15,22.211165569828992,22.268911777280785,21.869669360408633,22.243024826049805,166538000
2021-09-16,22.085719401064107,22.179307037445604,21.83084154501127,22.144460678100586,156033000
2021-09-17,22.202206286674826,22.223114103504372,21.734268077405748,21.8039608001709,294503000
2021-09-20,21.05326677060768,21.339008821253724,20.57139003647495,21.02041244506836,349440000
2021-09-21,21.323081688701794,21.33104602969822,20.858130525552628,21.15283203125,204688000
2021-09-22,21.27230824194603,21.863703385380997,21.103053624526165,21.84478759765625,268726000
2021-09-23,22.042908323767797,22.436176576629713,21.794004654713568,22.38340950012207,248555000
2021-09-24,21.973213750163456,22.051867773910164,21.76513066495934,21.98416519165039,217655000
2021-09-27,21.61479768356571,21.703408104868426,21.23148763384745,21.565017700195312,245215000
2021-09-28,21.1209676506168,21.325068556326013,20.560435036406435,20.608224868774414,343069000
2021-09-29,20.848174042522803,20.92483604642628,20.377246777573124,20.42702865600586,218394000
2021-09-30,20.676926507135207,20.973620032961403,20.59727740414024,20.625154495239258,221009000
2021-10-01,20.659003463241838,20.7675247129361,20.114401382383377,20.651039123535156,240978000
2021-10-04,20.4140815960762,20.451915057453423,19.469243927312622,19.64546775817871,345635000
2021-10-05,19.86251239664923,20.557451354715955,19.766932724840515,20.36131477355957,279282000
2021-10-06,20.031767889875287,20.629135169524517,19.991942391773726,20.609224319458008,297202000
2021-10-07,20.99950965970344,21.22850254226283,20.880036928701408,20.982585906982422,256919000
2021-10-08,21.008463306809464,21.113002383054678,20.683892737623648,20.739646911621094,151258000
2021-10-11,20.48477154135317,20.970630442278978,20.42105112712711,20.604244232177734,163388000
2021-10-12,20.736660050850766,20.964655885876756,20.437976429822484,20.58034896850586,162134000
2021-10-13,20.826267780379947,20.897952540851815,20.622166840732383,20.84717559814453,180652000
2021-10-14,21.194648710999132,21.659599896985824,21.029376283806112,21.6506404876709,243589000
2021-10-15,21.71435462616983,21.834824285475865,21.56700484536949,21.76612663269043,226994000
2021-10-18,21.653628274033302,22.193251349264553,21.54908726984362,22.124553680419922,189494000
2021-10-19,22.178314574588498,22.28086353804833,21.94036421502088,22.1922550201416,161473000
2021-10-20,22.207186839128415,22.334625782730672,21.885603327165416,22.006072998046875,146276000
2021-10-21,22.000095437948342,22.61140310749031,21.986156894632483,22.592485427856445,187590000
2021-10-22,22.72291945031227,23.028572443151834,22.46206920518055,22.626344680786133,249384000
2021-10-25,22.872258622224397,23.25258344955109,22.67014969676888,23.06441307067871,230235000
2021-10-26,23.883798283752366,25.14822924579052,23.81908280486491,24.608604431152344,485898000
2021-10-27,24.36667464722999,24.97997251638669,24.175515291453934,24.343774795532227,245990000
2021-10-28,24.768903437739628,24.840588199418896,24.41546066539416,24.831626892089844,234204000
2021-10-29,24.891363736621464,25.596259159623884,24.89036866878223,25.45488166809082,292503000
2021-11-01,25.536518593441247,25.780443102720618,25.116368358501102,25.71373748779297,265740000
2021-11-02,25.708759787654955,26.56100485226317,25.686855006308992,26.285219192504883,294112000
2021-11-03,26.553042329347175,26.666542716501237,26.119950495850016,26.48135757446289,239910000
2021-11-04,27.109598462266224,31.22746140898035,26.99908514654283,29.670320510864258,1153631000
2021-11-05,30.05462047753978,31.262300425460428,29.28102744943848,29.62152862548828,851260000
2021-11-08,30.016782776306982,30.963612411572573,29.775843481598162,30.66891098022461,503101000
2021-11-09,32.14043995862715,32.16831705278989,29.832603954813656,30.522563934326172,646746000
2021-11-10,29.227264049962503,30.714711794494157,28.65179777448314,29.329811096191406,636206000
2021-11-11,30.334388087867172,30.45585281899345,29.646418368081974,30.256729125976562,332172000
2021-11-12,29.87839638802561,30.54545829095262,29.500061751090385,30.256729125976562,413054000
2021-11-15,30.418020909460683,30.509616521619076,29.118743398652445,29.89333152770996,384909000
2021-11-16,29.628497753453818,30.256729228063044,29.57572877826621,30.07054901123047,264484000
2021-11-17,30.28460666991569,30.375209109979387,28.673702083946914,29.132680892944336,428508000
2021-11-18,32.225065268536866,32.61633964212017,31.183650744846176,31.53609848022461,781711000
2021-11-19,32.10160069976278,32.94289622909161,31.7650836274217,32.84034729003906,533867000
2021-11-22,33.37001812058742,34.49506385982345,31.76011037964673,31.81586456298828,754335000
2021-11-23,31.39670967652622,32.21809257052514,30.744581358909567,31.60678482055664,532163000
2021-11-24,31.323035910804574,32.71092196803006,30.792372310199486,32.53071594238281,435162000
2021-11-26,32.45703857581968,32.56655680344716,31.212522066253175,31.364850997924805,283069000
2021-11-29,32.22406422648845,33.26547475913897,31.895509575688923,33.22963333129883,454964000
2021-11-30,33.023537586316976,33.20673257688012,31.724262199478087,32.53269958496094,622066000
2021-12-01,33.077380041197316,33.14708130809565,31.246217605187216,31.300983428955078,484368000
2021-12-02,31.08091667285877,32.339527421049986,30.892721414598597,31.98902702331543,472890000
2021-12-03,31.863574209549956,31.992025853618237,30.00154575602389,30.56214714050293,544325000
2021-12-06,29.752605337087843,30.112066268959172,27.918459673671148,29.908937454223633,658938000
2021-12-07,30.825023080342124,32.310662878163335,30.52032598088665,32.288753509521484,593053000
2021-12-08,31.86257802352817,32.15233775708551,31.287041214384153,31.69031524658203,475551000
2021-12-09,31.59870999003878,32.06770457756878,30.2982780084175,30.360013961791992,488507000
2021-12-10,31.01719680171708,31.171536668842634,29.733692678385772,30.069255828857422,488825000
2021-12-13,30.12003667037444,30.16484489291169,27.9961292011688,28.040937423706055,598344000
2021-12-14,27.580907982463,28.555734222401295,27.13382283364954,28.216188430786133,667035000
2021-12-15,28.27891810418674,30.36996527334218,27.71931388041696,30.329139709472656,698297000
2021-12-16,31.01918703981043,31.027152355261656,27.97322876019045,28.265974044799805,707366000
2021-12-17,27.865689688111814,28.79869516682683,27.64164857062036,27.68247413635254,713758000
2021-12-20,27.188591698105373,28.024013613704202,27.029273973350673,27.600826263427734,461847000
2021-12-21,28.25303061151138,28.995850397906604,27.284177433595826,28.95104217529297,524385000
2021-12-22,28.767829354035246,29.42899807324993,28.327712401555452,29.274658203125,395184000
2021-12-23,29.628145129735767,29.930849942052966,29.305527026516437,29.513635635375977,343022000
2021-12-27,29.53354519901358,30.954461266705604,29.51363001268846,30.813066482543945,403686000
2021-12-28,31.17850318637374,31.19642609485194,29.884044529382255,30.192724227905273,420591000
2021-12-29,30.14393233812567,30.417759500865014,29.240797826876175,29.873090744018555,343139000
2021-12-30,29.69983733274605,30.32715249863817,29.41406215423733,29.45986557006836,308864000
2021-12-31,29.54748750226571,29.901970626455444,29.20594944000827,29.285608291625977,266530000
2022-01-03,29.687887165643172,30.58006706522169,29.658014384020838,29.992582321166992,391547000
2022-01-04,30.14791442477698,30.338100081012925,28.22813495488004,29.165122985839844,527154000
2022-01-05,28.82558189391546,29.29059190225155,27.415620224197976,27.486316680908203,498064000
2022-01-06,27.522160621764158,28.316758809179447,26.949613182894534,28.0578670501709,454186000
2022-01-07,28.0210201528697,28.30082223175301,26.94164030769967,27.130830764770508,409939000
2022-01-10,26.467675485447426,27.351890124020873,25.53466996334042,27.283184051513672,594681000
2022-01-11,27.20651282406831,27.94535000609593,26.724577023199927,27.698406219482422,404089000
2022-01-12,27.947338113635016,28.473086907923104,27.49029538667551,27.879629135131836,383413000
2022-01-13,28.258012259555365,28.358581501754113,26.385030961290575,26.46170425415039,540171000
2022-01-14,26.187871987265602,27.081048984239747,26.098255540756934,26.82713508605957,395832000
2022-01-18,26.14804076534196,26.524429421318242,25.660130107362825,25.79256248474121,424270000
2022-01-19,25.967817240669206,26.429837857961516,24.945195249139907,24.96013069152832,488315000
2022-01-20,25.19612432099179,25.46995155552905,23.975349297157585,24.047042846679688,435181000
2022-01-21,23.40678161092132,24.717171038870582,23.163822382731063,23.274349212646484,718958000
2022-01-24,22.234796834896894,23.280319440924885,20.798945308150216,23.272354125976562,913982000
2022-01-25,22.449876349333593,22.8451850306954,21.906204650379927,22.228822708129883,664616000
2022-01-26,23.140922442388803,23.954438826073826,22.204929341327563,22.674917221069336,755959000
2022-01-27,23.46751957498949,23.892699123335404,21.58258875418974,21.85044288635254,573353000
2022-01-28,21.918157029687126,22.76055101003184,21.2052098936802,22.74262809753418,543774000
2022-01-31,23.083167451846627,24.40451162128033,22.95372251615152,24.381608963012695,564680000
2022-02-01,24.996973791149287,25.03779935981821,23.788148758594023,24.532960891723633,518925000
2022-02-02,25.684030811068062,25.70693156804896,24.448320550364187,25.134384155273438,543419000
2022-02-03,24.353725465820713,24.97008589250318,23.678616565700732,23.84589958190918,410178000
2022-02-04,23.869797957184883,24.529971431012495,23.531247360390374,24.21531867980957,354829000
2022-02-07,24.268090747101677,25.074636814466327,24.098815458966705,24.622573852539062,376868000
2022-02-08,24.255148284706152,25.122435194530542,23.877764383475125,25.00095558166504,410359000
2022-02-09,25.51276352295215,26.611061657409135,25.244911267514784,26.59114646911621,524282000
2022-02-10,25.884175827584478,26.81020934447509,25.490859383243375,25.713903427124023,513200000
2022-02-11,25.805505937406497,26.04049979796421,23.67164309646189,23.846891403198242,605472000
2022-02-14,23.831961302784133,24.768949487290513,23.653723589292724,24.163541793823242,440424000
2022-02-15,24.842631726431065,26.431828001236315,24.67833617578049,26.382041931152344,699869000
2022-02-16,26.147049472381745,26.468672364813905,25.44306293139375,26.397974014282227,732676000
2022-02-17,25.5207287378447,25.675068597680315,24.06197633665846,24.402517318725586,810595000
2022-02-18,24.562827267983952,24.8794722652551,23.001513544155017,23.541202545166016,761255000
2022-02-22,22.936793337243518,23.96140567068865,22.901942706800956,23.290279388427734,633422000
2022-02-23,23.700523668904758,24.052019342712313,22.205923511795177,22.291555404663086,566511000
2022-02-24,20.925408602396242,23.698535485921912,20.800941500265946,23.646757125854492,735801000
2022-02-25,23.619866534863007,24.1137502356423,23.281315967911333,24.054006576538086,528866000
2022-02-28,23.889712256178317,24.559843299003468,23.605927486955995,24.281036376953125,477319000
2022-03-01,24.187438016478104,24.27307180434672,23.033378906753704,23.376907348632812,412056000
2022-03-02,23.658746550677243,24.309073132263915,23.319142955312046,24.120845794677734,389642000
2022-03-03,24.162677458354135,24.226416539633046,23.372924502534758,23.61692237854004,365095000
2022-03-04,23.288273750720784,23.583061545150027,22.389965840443992,22.84210777282715,431415000
2022-03-07,22.723594140609173,22.938711412053266,21.24268191605436,21.264591217041016,450821000
2022-03-08,21.22176739996016,22.281410884459255,20.565464751978574,21.425928115844727,557467000
2022-03-09,22.295352427006858,23.124942518382856,22.15592615939423,22.91978645324707,492742000
2022-03-10,22.43876567263354,22.694713569217846,21.792422296882368,22.56524658203125,428066000
2022-03-11,22.927751696595113,23.050249252253458,21.955747421099613,22.0095272064209,367209000
2022-03-14,21.77947847445638,22.17086937481578,21.07238577959174,21.242685317993164,385354000
2022-03-15,21.429912197555932,22.943690284803075,21.234715406611926,22.878955841064453,491996000
2022-03-16,23.40379479526486,24.49630397600163,23.077138455679332,24.39571762084961,671422000
2022-03-17,24.021260266549067,24.74030282145656,23.808135623978337,24.664615631103516,471941000
2022-03-18,24.697479198946194,26.460233740028837,24.52319636276872,26.344707489013672,730719000
2022-03-21,26.39848559475205,27.04084554919752,25.86069533534459,26.624555587768555,591727000
2022-03-22,26.61758672052766,27.12649641555455,25.96526931574627,26.41541862487793,547007000
2022-03-23,26.019046837158616,26.50305734840452,25.470303785598432,25.529062271118164,502120000
2022-03-24,26.058884112048176,28.204065572576116,25.80094361026962,28.034761428833008,877379000
2022-03-25,27.771836468943977,28.241904257586462,27.15935446119127,27.578630447387695,579016000
2022-03-28,27.642377303838558,28.134354526494057,27.094627668908103,28.10348129272461,425494000
2022-03-29,28.577532381283703,28.827504327820737,27.865459189769126,28.538692474365234,488984000
2022-03-30,28.188129711162127,28.379343137774402,27.390408258662607,27.576642990112305,463487000
2022-03-31,27.668265181187795,28.13235706761943,27.158362081398682,27.17429542541504,523440000
2022-04-01,27.262937644294475,27.383442607178438,26.15947355290138,26.602651596069336,517235000
2022-04-04,26.61858452561167,27.44518668797612,26.504055527761597,27.247997283935547,397120000
2022-04-05,27.142430269538746,27.207164711525582,25.714300606563835,25.824846267700195,436615000
2022-04-06,24.83192419404275,25.196425073376112,23.904735802768805,24.30708122253418,703833000
2022-04-07,24.340946042246006,24.620795851372538,23.381888921729562,24.10890007019043,557992000
2022-04-08,23.819096309818732,23.825072265677427,22.967596682052196,23.024362564086914,524781000
2022-04-11,22.123063188914138,22.228628253478472,21.571330249174363,21.82727813720703,575207000
2022-04-12,22.44474204972869,22.631972169880864,21.194878517496804,21.415969848632812,662258000
2022-04-13,21.639052358381548,22.40789137072251,21.367169228856223,22.112106323242188,516943000
2022-04-14,22.41286958131203,22.683757345759695,21.07636432042871,21.170974731445312,569097000
2022-04-18,21.11321129596641,21.9975745504491,20.992706362195054,21.693824768066406,525701000
2022-04-19,21.631084290617952,22.281410987109858,21.226746193463015,22.107128143310547,512781000
2022-04-20,22.42482103543778,22.57719456880331,21.11321307776146,21.394058227539062,468974000
2022-04-21,21.620134273420653,22.3003389887017,19.918130395810504,20.10038185119629,656209000
2022-04-22,20.219882348509838,20.402133738806455,19.42017020020564,19.435108184814453,624713000
2022-04-25,19.12339284572606,19.863351272784346,19.01782777863427,19.820528030395508,641566000
2022-04-26,19.637283370463635,19.706996516542763,18.593573098917023,18.711090087890625,653143000
2022-04-27,18.521866304544144,19.088537274074934,18.215128478854176,18.339616775512695,499460000
2022-04-28,18.8893550683818,19.95497647373352,18.41430844686625,19.701019287109375,570327000
2022-04-29,19.322576485275174,20.045604367770206,18.441199089362883,18.47107696533203,500435000
2022-05-02,18.46510132890273,19.493871705119716,18.31571574556032,19.453041076660156,572049000
2022-05-03,19.320580585935083,19.743841875684236,19.0546734235437,19.521753311157227,475751000
2022-05-04,19.84144044981811,20.316487014368857,18.67423744950525,20.250757217407227,648855000
2022-05-05,19.785671961147454,19.84343319196136,18.424267408174938,18.76685905456543,626331000
2022-05-06,18.65929999241693,19.432122333318322,17.916353624000763,18.598548889160156,633297000
2022-05-09,17.960173412210224,18.180267458938104,16.75811385880719,16.880611419677734,644455000
2022-05-10,17.61658525253339,18.12350232079174,16.955303927577983,17.52297019958496,761474000
2022-05-11,17.275985907406866,17.680323983243905,16.50017560428246,16.561920166015625,670167000
2022-05-12,16.15260039731434,16.719271193750508,15.5032701645604,16.108779907226562,708728000
2022-05-13,16.719276866807252,17.854609562915,16.52507542137206,17.63351821899414,670437000
2022-05-16,17.437322904145635,17.715180072849822,17.035972816221634,17.19332504272461,521446000
2022-05-17,18.00000966759252,18.295794716695035,17.561812268275418,18.102588653564453,585830000
2022-05-18,17.632518279068112,18.04382762467623,16.794961603480765,16.8686580657959,545161000
2022-05-19,16.867665016255632,17.614594729725628,16.665495022322716,17.05389976501465,621310000
2022-05-20,17.26104864553038,17.33872845520384,15.69050380184821,16.625659942626953,739105000
2022-05-23,16.207373421771347,16.84574987342096,16.112763041381275,16.828819274902344,639889000
2022-05-24,16.442409283517915,16.52905300438988,15.71539736561761,16.087865829467773,588550000
2022-05-25,15.954414100977115,17.040947119530152,15.93449552568044,16.90550422668457,781132000
2022-05-26,15.97034965113775,18.017932366337,15.956407026409044,17.77791976928711,996575000
2022-05-27,18.11155027204223,18.80370475029721,18.025901901467446,18.733991622924805,738379000
2022-05-31,18.902297823512807,19.12139838703036,18.27487779966752,18.59556007385254,664100000
2022-06-01,18.6473501146243,18.97500185230617,18.047813348721185,18.24500274658203,544514000
2022-06-02,18.21711228754978,19.538679209275184,18.123497260738528,19.511789321899414,648656000
2022-06-03,19.003885365597327,19.252861948714582,18.446176451745462,18.64336585998535,598779000
2022-06-06,19.06065056239769,19.25783996366541,18.488003681659272,18.709095001220703,422406000
2022-06-07,18.396384003134806,18.92222248536811,18.113546177196397,18.848526000976562,388914000
2022-06-08,18.72599902469666,19.105520032436974,18.46302425711577,18.575586318969727,363252000
2022-06-09,18.40923586335072,18.859480331996103,17.970943930182248,17.977916717529297,395574000
2022-06-10,17.53165334233973,17.62827677855805,16.8034911776423,16.908084869384766,465248000
2022-06-13,15.937868732069086,16.248657445936082,15.545398661343508,15.5862398147583,604153000
2022-06-14,15.669912860368118,16.003612016416973,15.35215136745031,15.774505615234375,469680000
2022-06-15,16.03249841468416,16.80249737716836,15.86415501064633,16.46282196044922,563936000
2022-06-16,15.79841174165895,15.880094046952882,15.341194505792407,15.540417671203613,545749000
2022-06-17,15.587236076673541,15.932888741748645,15.268478991865372,15.81833553314209,630334000
2022-06-21,16.411020810356447,16.941949982642416,16.343284093469975,16.501667022705078,483089000
2022-06-22,16.162992114105894,16.59729988882193,16.117171209417034,16.296472549438477,437135000
2022-06-23,16.454851986991518,16.5205956784527,15.79143880496092,16.16199493408203,463680000
2022-06-24,16.435929188204064,17.07344340934076,16.24666644132576,17.059497833251953,472153000
2022-06-27,17.244775982546706,17.26270573709096,16.561438970901577,16.803495407104492,427968000
2022-06-28,16.83437454206532,17.135201879170452,15.883083017438073,15.919939994812012,461149000
2022-06-29,15.752592549454855,15.758568817578366,15.111093222281093,15.481648445129395,482352000
2022-06-30,15.30135010720161,15.506550493203868,14.80428823063541,15.10013484954834,686070000
2022-07-01,14.841145535452219,15.004508262689948,14.336114308605408,14.466605186462402,577610000
2022-07-05,14.119954807294123,14.912863251478607,14.000420913948414,14.905890464782715,651397000
2022-07-06,14.951714146500859,15.259514268350555,14.73157165387112,15.071248054504395,529066000
2022-07-07,15.395980736594536,15.883081194089858,15.329240527095354,15.796419143676758,492903000
2022-07-08,15.370082202682903,15.974725437074959,15.329241049958439,15.776497840881348,467972000
2022-07-11,15.465708848641963,15.466705368190304,14.9796039530425,15.093161582946777,437321000
2022-07-12,15.208711284952944,15.371078433295626,14.819229812840817,15.023433685302734,458483000
2022-07-13,14.533345395566592,15.315296992454249,14.408830785871842,15.10511589050293,521918000
2022-07-14,15.049329768637854,15.412912108666735,14.670805337248709,15.312304496765137,456235000
2022-07-15,15.598196388630521,15.720717973194386,15.385026652948966,15.700796127319336,385935000
2022-07-18,16.23869663998441,16.83138547101321,15.939862350377403,16.038476943969727,670517000
2022-07-19,16.421987679869947,17.043565339409437,16.109207710132733,16.926023483276367,702366000
2022-07-20,16.88119289080597,17.86336417339984,16.735759920763662,17.737852096557617,760538000
2022-07-21,17.815551590727683,18.07354475184099,17.476871681207573,17.979909896850586,557049000
2022-07-22,17.823519553288822,17.897231611980214,17.07045465118201,17.25174903869629,536671000
2022-07-25,16.95291172337914,17.057505436276674,16.584349553933702,16.95789337158203,480748000
2022-07-26,16.823416159959134,16.853300347202065,16.414012864423395,16.468799591064453,397865000
2022-07-27,16.965864456273874,17.866355461947006,16.847327049201194,17.720922470092773,569776000
2022-07-28,17.90519966314176,18.069557945364984,17.372277332995978,17.91416358947754,474646000
2022-07-29,17.743827026455214,18.173153093615777,17.623296613411778,18.09246826171875,435460000
2022-08-01,18.111397333511174,18.772820437934747,17.920143444250357,18.36939239501953,476469000
2022-08-02,18.05162533582695,18.86445649184929,18.02174115290596,18.454055786132812,489527000
2022-08-03,18.1133907416265,18.89434683025482,18.066572363125083,18.819637298583984,418146000
2022-08-04,18.775804825428892,19.199153667911663,18.68714973891171,19.140382766723633,409652000
2022-08-05,18.736958353398986,19.154331957599457,18.593518416599398,18.915264129638672,386068000
2022-08-08,17.434035232399516,18.168172751532033,17.175044663246958,17.72390365600586,981859000
2022-08-09,17.18500716001782,17.379249624350564,16.65905763199982,17.019651412963867,668263000
2022-08-10,17.62927686575505,18.047646040112355,17.249755809744542,18.0267276763916,597422000
2022-08-11,18.06059496674186,18.63435848013521,17.806584108237903,17.87232780456543,509327000
2022-08-12,18.08948637167737,18.6453202754816,17.88328940253993,18.636354446411133,478094000
2022-08-15,18.628379620944163,19.08958102425809,18.54072200021173,18.958093643188477,457666000
2022-08-16,18.846531923284925,19.067669997846224,18.429158316805072,18.80569076538086,451240000
2022-08-17,18.45107316928741,18.615431461944837,18.074540740730857,18.26380157470703,446799000
2022-08-18,18.229932730472253,18.79174174116326,18.112390926823224,18.70009994506836,415447000
2022-08-19,18.334522125375216,18.448079736030042,17.700992292183763,17.779685974121094,441588000
2022-08-22,17.422084130919913,17.4898208696324,16.90011871477872,16.96785545349121,409593000
2022-08-23,16.923028743581053,17.397180176245477,16.904101521089547,17.114282608032227,369986000
2022-08-24,16.945935367801415,17.33840632607673,16.8293910435938,17.155120849609375,522661000
2022-08-25,16.778586486890497,17.877303644264302,16.76762952438626,17.843435287475586,770691000
2022-08-26,17.787655912695254,17.8543951679038,16.173946054363714,16.196857452392578,769127000
2022-08-29,15.957792548703463,16.27455660052828,15.705774724802128,15.739642143249512,496132000
2022-08-30,15.898026205963157,15.976718964475275,15.123047357717592,15.407937049865723,530181000
2022-08-31,15.324261848963653,15.479656218449705,14.900911986576217,15.035387992858887,573710000
2022-09-01,14.153822371676808,14.324158812735067,13.21846957505842,13.882879257202148,1178865000
2022-09-02,14.045246540395883,14.115969978398423,13.53822233999636,13.594005584716797,743157000
2022-09-06,13.67767991813969,13.725493859595561,13.299155414870102,13.412713050842285,535751000
2022-09-07,13.51434516456978,13.788359226981285,13.298123601257466,13.664803504943848,512657000
2022-09-08,13.410719244419383,13.957750598170398,13.321042892410091,13.939814567565918,624873000
2022-09-09,14.106216544794995,14.422079811274344,14.075328559341035,14.335391998291016,486612000
2022-09-12,14.317457712947263,14.49481871137175,14.147070624316918,14.452969551086426,484159000
2022-09-13,13.75248813020251,13.872057540165086,13.052009933725518,13.083894729614258,714956000
2022-09-14,13.206456253054055,13.242327368226784,12.86667985035143,13.08090877532959,588507000
2022-09-15,12.968310831940721,13.18552824738612,12.744117608180906,12.88261890411377,523625000
2022-09-16,12.696292115324688,13.16460641916656,12.571740509534544,13.150656700134277,670751000
2022-09-19,12.965323203760738,13.414705581325622,12.96333052263512,13.333995819091797,569685000
2022-09-20,13.167596153339607,13.434634451270144,13.01016292838732,13.128735542297363,524818000
2022-09-21,13.165602253694058,13.980667741595738,13.062971099601787,13.21342945098877,807679000
2022-09-22,13.0231145909362,13.101831671038127,12.383418345633107,12.51594066619873,759162000
2022-09-23,12.375445471878537,12.5657602771744,12.213030099787952,12.471100807189941,663309000
2022-09-26,12.446191516406993,12.613589074579467,12.170184766010799,12.184134483337402,547343000
2022-09-27,12.462136686751897,12.690315342638387,12.214030266074733,12.368474006652832,553854000
2022-09-28,12.365482557221197,12.77700114543241,12.309683684312093,12.690313339233398,542414000
2022-09-29,12.403347404233896,12.455160919270222,11.903148286154517,12.176165580749512,532763000
2022-09-30,12.043641657389104,12.587683536419725,12.031684619918396,12.095455169677734,565638000
2022-10-03,12.3027092319889,12.632522202880898,12.061576751367282,12.467117309570312,547478000
2022-10-04,12.832799262641858,13.172576558568696,12.832799262641858,13.119766235351562,584182000
2022-10-05,12.864684994243332,13.273214061069236,12.575725340860139,13.161615371704102,507131000
2022-10-06,13.172577350446693,13.607013197671234,13.055996476257599,13.082900047302246,644157000
2022-10-07,12.460140492344351,12.624548544092065,11.978873372705873,12.032679557800293,672478000
2022-10-10,11.993821701559334,12.080509516858074,11.367078280478221,11.628138542175293,698699000
2022-10-11,11.519529376884742,11.803506900585397,11.242526713057343,11.544440269470215,667482000
2022-10-12,11.537464950855002,11.692904543242312,11.304304136894011,11.458747863769531,492590000
2022-10-13,10.931645390841727,12.03467479522763,10.77421216389864,11.917098045349121,850103000
2022-10-14,12.013750129635845,12.067556325773387,11.163810263463406,11.186727523803711,713432000
2022-10-17,11.476681483829186,11.90513926216049,11.475685618444233,11.845354080200195,580774000
2022-10-18,12.29972073933894,12.447189613338601,11.576325138914761,11.924073219299316,659362000
2022-10-19,11.836386661619711,12.305697731615245,11.791548012253855,12.007769584655762,523131000
2022-10-20,12.069548299667495,12.72319524071747,12.061576624677791,12.15025806427002,652398000
2022-10-21,12.054600941010673,12.453166608425773,11.844358361540095,12.421280860900879,609494000
2022-10-24,12.463130284529436,12.66440531318631,12.02072280741897,12.553803443908691,517457000
2022-10-25,12.648463971781274,13.252290058434822,12.618570904437151,13.21342945098877,505482000
2022-10-26,12.822838357636293,13.339975768369426,12.662415625938275,12.849740982055664,532953000
2022-10-27,13.581107454000612,13.788361512216962,13.074929346453251,13.128735542297363,583113000
2022-10-28,13.056994256397354,13.800318541551777,13.014148282801942,13.784375190734863,521040000
2022-10-31,13.728576716312174,13.788361907995785,13.249302168056532,13.44858455657959,486341000
2022-11-01,13.7614593301717,13.875050727465137,13.470506926844779,13.494421005249023,432817000
2022-11-02,13.800316292387196,14.159024522745352,13.163608637105877,13.171579360961914,672628000
2022-11-03,12.996212781616933,13.731565367636188,12.909524971705448,13.372856140136719,500065000
2022-11-04,13.935828645472183,14.177956971752689,13.647864854214127,14.105218887329102,612576000
2022-11-07,14.176962450071352,14.360302439141222,13.903946098084313,14.249700546264648,410061000
2022-11-08,14.747905225291545,14.837582527688992,14.165003709961418,14.549619674682617,595292000
2022-11-09,14.111198522670565,14.160023489846735,13.709644264687311,13.726583480834961,454414000
2022-11-10,14.746908614064782,15.71641777595713,14.494815934563771,15.693500518798828,700819000
2022-11-11,15.75029472497801,16.33020665970529,15.426460807751228,16.268428802490234,655487000
2022-11-14,16.159822116780518,16.480667518589406,15.864883468839679,16.23654556274414,527852000
2022-11-15,16.662013391587355,16.937022370999905,16.32323291950231,16.60621452331543,545876000
2022-11-16,16.1040250035794,16.303306431643236,15.816061182952085,15.852928161621094,649547000
2022-11-17,15.658627572163233,16.20765162732223,15.47927296101109,15.620763778686523,710894000
2022-11-18,15.90872657967121,15.944598642065296,15.065761621009438,15.35372543334961,492072000
2022-11-21,15.092667029508789,15.42148322185073,15.025906975198518,15.262057304382324,404739000
2022-11-22,15.273017439942477,16.00039937204481,15.067756049737582,15.980470657348633,472866000
2022-11-23,16.040252289045704,16.467714217291594,15.990432410924427,16.459741592407227,427241000
2022-11-25,16.259467561128588,16.42786007515215,16.113991359394493,16.211639404296875,167934000
2022-11-28,15.968513016431979,16.298326980170884,15.66859402589587,15.770227432250977,303741000
2022-11-29,15.770227314260568,15.874851167406616,15.464329331372582,15.582901954650879,298384000
2022-11-30,15.644692293883454,16.873584309435355,15.54502609510109,16.866607666015625,565298000
2022-12-01,16.942351563411925,17.207463965478787,16.579564270117494,17.077898025512695,470977000
2022-12-02,16.603489123219873,16.876576265200864,16.390201516412013,16.819765090942383,371389000
2022-12-05,16.623421575647185,16.93836855658918,16.41711062983356,16.554651260375977,352255000
2022-12-06,16.474919041618143,16.51777502605684,15.766287810992363,15.933728218078613,352694000
2022-12-07,15.719443294997907,16.132064232758374,15.614792692114394,16.0662841796875,372388000
2022-12-08,16.218773657752436,17.121754700808335,15.905818930591325,17.111787796020508,515456000
2022-12-09,17.102817944678048,17.524408725344184,16.91843494852363,16.944347381591797,465338000
2022-12-12,16.9802285062354,17.47955848372448,16.741028482869503,17.4765682220459,457328000
2022-12-13,18.469247954138357,18.727385645434474,17.65198080321333,18.011777877807617,656589000
2022-12-14,17.927061390913362,18.191179623464766,17.36195136904166,17.61510467529297,496888000
2022-12-15,17.08886734621949,17.26228734409324,16.64435432424313,16.8955135345459,478542000
2022-12-16,16.80780235933555,16.984212566313406,16.355314807354187,16.515777587890625,478232000
2022-12-19,16.516777854754576,16.55365331311345,16.091200695343332,16.19983673095703,354039000
2022-12-20,16.010468843091985,16.255649382131462,15.799176351187127,16.03139877319336,403260000
2022-12-21,16.060301117075653,16.571592053600934,16.04834007241244,16.44601058959961,325025000
2022-12-22,16.040369896727526,16.084223899243984,14.832408745526728,15.287885665893555,565045000
2022-12-23,15.145362798947778,15.287885933378956,14.833406075775102,15.155329704284668,349326000
2022-12-27,15.023769443130346,15.049682826445732,14.009161111934528,14.073945045471191,464902000
2022-12-28,13.88059315527946,14.214476922152242,13.837736217329413,13.989230155944824,351066000
2022-12-29,14.354008980352377,14.634071797044276,14.179591938632296,14.554338455200195,354923000
2022-12-30,14.286233323061209,14.580250347473683,14.185570060566697,14.565300941467285,310490000
2023-01-03,14.801513863050983,14.94603115548883,14.049029532918041,14.26729965209961,401277000
2023-01-04,14.518457369356272,14.803503604418882,14.193543517673458,14.699850082397461,431324000
2023-01-05,14.442713107430109,14.515469810414057,14.100855645137985,14.217466354370117,389168000
2023-01-06,14.42576814608272,14.959982279736408,13.987234779976571,14.80948543548584,405044000
2023-01-09,15.233071281819589,16.00249819636459,15.09054718354253,15.57592487335205,504231000
2023-01-10,15.455327619136956,15.908811394296471,15.42044439804722,15.855988502502441,384101000
2023-01-11,15.787215773433328,15.974589018428674,15.511138407767845,15.947678565979004,353285000
2023-01-12,16.04635428989376,16.58156372914693,15.440379426721886,16.455984115600586,551409000
2023-01-13,16.22375851425544,16.865613588598475,16.11113608569389,16.842689514160156,447287000
2023-01-17,16.842691082523842,17.66892924665794,16.842691082523842,17.643014907836914,511102000
2023-01-18,17.608132137463713,17.813445107525506,17.224414756280385,17.31909942626953,439624000
2023-01-19,16.97922612350295,17.13969078574918,16.675244145492883,16.709129333496094,452932000
2023-01-20,16.954312559037017,17.79649791430325,16.768933461540048,17.77955436706543,564967000
2023-01-23,18.003802360832424,19.18086843158552,17.758623747963394,19.12904167175293,655163000
2023-01-24,18.76426355229002,19.430038785893963,18.757286908397305,19.200803756713867,496204000
2023-01-25,18.849976169985318,19.30545403532492,18.518085645970668,19.258609771728516,449537000
2023-01-26,19.635348246628528,20.09879882435529,19.21375752485205,19.736011505126953,489535000
2023-01-27,19.397145547454056,20.559260383334514,19.340336282657464,20.297136306762695,542142000
2023-01-30,19.883522650362398,20.07288815679004,19.086187298640233,19.098148345947266,488611000
2023-01-31,19.106119508648174,19.621396897100432,18.88685330332513,19.47189712524414,498017000
2023-02-01,19.62538223172389,21.121379792645136,19.545648897588666,20.873210906982422,660477000
2023-02-02,20.93001886877329,21.875855795019138,20.631019359616392,21.636655807495117,564276000
2023-02-03,20.93002073586232,21.67253897459517,20.719723419819307,21.029687881469727,429366000
2023-02-06,20.736670321605864,21.498124471655988,20.71673650906174,21.018728256225586,452197000
2023-02-07,21.31075078020512,22.184829243176587,21.07952350178786,22.0991153717041,664150000
2023-02-08,22.312402817710073,22.801767868997864,21.93466598259575,22.131010055541992,559651000
2023-02-09,22.530672149758068,22.943292158985646,22.046291560362647,22.2625675201416,523876000
2023-02-10,21.6177224771655,22.00442812205311,20.74165187678693,21.194137573242188,550737000
2023-02-13,21.4662318309297,21.97453265239466,20.89215094788676,21.71539878845215,474919000
2023-02-14,21.506095265379177,22.972194156462287,21.294801814356916,22.894454956054688,675474000
2023-02-15,22.473860964718224,22.778841054015846,22.032338260019806,22.68814468383789,420575000
2023-02-16,22.059248242228534,22.47485853992091,21.85393529520588,21.928686141967773,412026000
2023-02-17,21.5589188659097,21.667554896645086,20.905104738152975,21.316728591918945,465888000
2023-02-21,20.9300198380873,21.422373121018033,20.54929284097226,20.586170196533203,410015000
2023-02-22,20.637998793039895,21.03367523119019,20.352950629424083,20.68484115600586,513184000
2023-02-23,23.361891451181727,23.80839853574855,22.94827344265805,23.58514404296875,1117995000
2023-02-24,23.147606985640458,23.39577778263142,22.870533495406775,23.208402633666992,589716000
2023-02-27,23.59112115652379,23.80042043107323,23.375841359560795,23.422683715820312,452994000
2023-02-28,23.294115924763044,23.74560738657694,23.128668730813548,23.138635635375977,455963000
2023-03-01,23.11471933360439,23.1785071533375,22.432998534976818,22.622365951538086,460026000
2023-03-02,22.413065090524846,23.302091014748385,22.35725003920354,23.236310958862305,389415000
2023-03-03,23.24229019406714,23.82035737741727,23.05292280095457,23.81039047241211,412393000
2023-03-06,23.81139425887619,24.167203158646693,23.408739183345446,23.47551727294922,437429000
2023-03-07,23.52535169548433,24.04869069829288,23.16748608515548,23.214338302612305,515154000
2023-03-08,23.412708106815042,24.123454073591056,23.34990765503741,24.10451316833496,513573000
2023-03-09,24.098534615353046,24.37665338080257,23.309039864365545,23.361873626708984,501257000
2023-03-10,23.334958480231546,23.55226936391661,22.654118224508185,22.892362594604492,474866000
2023-03-13,22.680038203014842,23.224310780832916,22.226477404613806,22.893360137939453,421890000
2023-03-14,23.42168099679016,24.14239367745541,23.3857936653715,23.986886978149414,474910000
2023-03-15,23.68584148519149,24.20918048237132,23.286110812358,24.151365280151367,524486000
2023-03-16,23.95100163776788,25.507063024700976,23.818421001130595,25.46021270751953,583253000
2023-03-17,25.89981804779798,26.3154988744337,25.58681016478867,25.643630981445312,848547000
2023-03-20,25.533980590026932,25.941687335476704,25.050514016475315,25.818078994750977,432747000
2023-03-21,26.097193730071265,26.30852307379936,25.300721156644958,26.116132736206055,547408000
2023-03-22,26.341415997809847,27.501735683439474,26.1540109224766,26.384281158447266,797295000
2023-03-23,27.029233998126443,27.412020167294642,26.60557904977676,27.10499382019043,564889000
2023-03-24,26.945501524795564,27.08107103959281,26.27163910855887,26.694297790527344,454920000
2023-03-27,26.752116326767855,26.914600875564393,26.281609108296,26.447084426879883,361026000
2023-03-28,26.36334732054611,26.42913854404045,25.768235539667923,26.32646369934082,356104000
2023-03-29,26.740153636460196,26.99235175803325,26.51287415863534,26.898649215698242,393694000
2023-03-30,27.142876388177367,27.412022850595726,27.016277275445294,27.296388626098633,364516000
2023-03-31,27.054154149877146,27.745959234891043,27.019265008815836,27.68914031982422,433933000
2023-04-03,27.421989811329777,27.911436002639256,27.249536675681906,27.87654685974121,398716000
2023-04-04,27.87754496966134,27.911437825351527,27.2206289482267,27.366167068481445,368592000
2023-04-05,26.74414297141955,26.912607163282487,26.31151565571502,26.795978546142578,515015000
2023-04-06,26.49991083942992,26.994342213196017,26.343407862395736,26.951478958129883,397654000
2023-04-10,26.738160454997114,27.53363676470612,26.584648216789198,27.491769790649414,395279000
2023-04-11,27.636305978654594,27.70209719607117,27.04019606215801,27.08306121826172,314378000
2023-04-12,27.283426113543882,27.381115701428637,26.364341632306775,26.41119384765625,446259000
2023-04-13,26.64944192297439,26.801957875512077,26.245724119817375,26.37929916381836,353615000
2023-04-14,26.420166433717664,26.79796735162646,26.137064342301827,26.673362731933594,395660000
2023-04-17,26.480977384169595,26.920582518277506,26.3493949209171,26.916595458984375,321471000
2023-04-18,27.445913723508724,28.0210883307405,27.270469820475103,27.57948875427246,604812000
2023-04-19,27.274456503625604,27.911435269103396,27.145864822992923,27.842653274536133,358660000
2023-04-20,27.583476516154896,27.94134215983428,26.914599351934957,27.01827049255371,427713000
2023-04-21,26.86674870571586,27.09701893484949,26.63747666725273,27.033220291137695,345103000
2023-04-24,26.92755907031357,27.27944127802104,26.586639849155418,26.956466674804688,339282000
2023-04-25,26.99234953614374,27.160815601118838,26.14204889645108,26.157997131347656,378527000
2023-04-26,26.916593006788613,27.243554654828017,26.620531540784825,26.870737075805664,406337000
2023-04-27,27.276448822954162,27.4080312626638,26.54078232749637,27.139881134033203,377161000
2023-04-28,27.138887339013703,27.670200494580325,26.985373211032865,27.661230087280273,292216000
2023-05-01,27.751942445275365,28.96609033128575,27.692132757184343,28.818557739257812,570329000
2023-05-02,28.589287963225,28.74479468571271,27.994176100521553,28.120773315429688,402730000
2023-05-03,27.75193973878234,28.27727321647942,27.38510372531901,27.714059829711914,383387000
2023-05-04,27.563540293710812,27.770882582276077,27.15384096655844,27.474822998046875,321850000
2023-05-05,27.73798787503542,28.664048441913906,27.643289040070506,28.58928680419922,361494000
2023-05-08,28.43178384704761,29.127576016939173,28.260328904734493,29.058794021606445,344979000
2023-05-09,28.807594450396753,28.881359799846795,28.360015202328924,28.48063087463379,314869000
2023-05-10,28.913253779307176,29.020913869319795,28.370975777175932,28.79363441467285,369350000
2023-05-11,28.80460099601504,28.858431044188475,28.15665734572962,28.487606048583984,322149000
2023-05-12,28.438761858901234,28.688969297483915,27.957289789783168,28.2503604888916,274222000
2023-05-15,28.417829411901007,28.877371722844355,28.062956433881705,28.861421585083008,293926000
2023-05-16,28.74977851008436,29.775525121763952,28.74080810173077,29.120601654052734,449405000
2023-05-17,29.490427067750744,30.103481628369693,29.336914830555962,30.082548141479492,432535000
2023-05-18,30.313817326946733,31.727331663769906,30.22410183208859,31.57780647277832,748725000
2023-05-19,31.436252487669602,31.480113941471256,30.818214581828073,31.16511344909668,473908000
2023-05-22,30.803260867315778,31.420304387689416,30.582961110509476,31.077392578125,372000000
2023-05-23,30.901948183114918,31.18903735658012,30.534115833189922,30.59093475341797,356253000
2023-05-24,30.114444604983657,30.510190153140588,29.71172312962193,30.441408157348633,721419000
2023-05-25,38.401152701662475,39.35512649385782,36.519123854187846,37.85987091064453,1543911000
2023-05-26,37.770151547520655,39.04610163074743,37.43122683133464,38.822811126708984,714397000
2023-05-30,40.4666011461992,41.8053518099001,39.82264450499864,39.984130859375,923401000
2023-05-31,39.36310437329028,40.16755116297335,37.70237331513915,37.71433639526367,1002580000
2023-06-01,38.367256795979486,39.92332013723305,38.21872982052202,39.64420700073242,635873000
2023-06-02,39.97017888390724,40.37190412923741,38.934463636282324,39.202613830566406,482731000
2023-06-05,38.78593155134608,39.439854864368684,38.58457081030142,39.04710388183594,396094000
2023-06-06,38.70718409484521,39.03613834073106,38.02733822176895,38.53173828125,388729000
2023-06-07,38.79592881153469,39.378141523481524,37.241697122376735,37.36033248901367,511998000
2023-06-08,37.60857182578051,38.74508306628558,37.39024395636986,38.39216613769531,417772000
2023-06-09,38.91754848393105,39.58948588191824,38.448989234454245,38.6513671875,427717000
2023-06-12,39.08005218877828,39.4090404400651,38.49983232769968,39.36118698120117,388701000
2023-06-13,40.063036270092226,40.975237387752834,39.618401830821284,40.89647674560547,613208000
2023-06-14,40.699081687742314,42.868421916484955,40.427910831503084,42.86543273925781,740465000
2023-06-15,42.47164881165265,43.15654702262012,42.018039182120376,42.522491455078125,568622000
2023-06-16,43.317050916384595,43.587221609742976,42.53046366608263,42.561370849609375,655709000
2023-06-20,42.86643115503074,43.85539630398405,42.543421257103255,43.6739501953125,451153000
2023-06-21,43.367894115226505,43.481547516431846,41.95124449603973,42.91328811645508,551603000
2023-06-22,42.1237190225818,43.29313038937875,42.104779954933065,42.89336013793945,417737000
2023-06-23,42.33407006327904,42.678011851996246,41.886442597723466,42.07984924316406,358140000
2023-06-26,42.33107342513513,42.633147684220695,39.97729771593512,40.50767135620117,594322000
2023-06-27,40.6741595987626,41.81166711553178,40.32423568672819,41.74786376953125,462175000
2023-06-28,40.535589450400664,41.71696498768914,40.39402564201727,40.99119186401367,582639000
2023-06-29,41.430838173608656,41.4727094781301,40.47576930987673,40.69709014892578,380514000
2023-06-30,41.55246701356272,42.419803905460185,41.3740138694354,42.17256164550781,501148000
2023-07-03,42.38690024476898,42.76673493754276,42.07286548445585,42.28321838378906,198209000
2023-07-05,42.00607294813804,43.04488443654503,41.95622669958026,42.18751907348633,323618000
2023-07-06,41.71596810959315,42.04994216880029,41.21949078738844,41.97417449951172,303582000
2023-07-07,42.192505558452375,43.08177839649904,42.050941741012366,42.37295150756836,355881000
2023-07-10,42.52647159560561,42.679999688168024,41.52155283823929,42.05093002319336,353908000
2023-07-11,42.351013330555574,42.62716617688633,41.93828245284964,42.275245666503906,298244000
2023-07-12,42.901329149439654,43.80056964792914,42.64611193757971,43.767669677734375,481277000
2023-07-13,44.38178733353437,46.01377574434192,44.3558659136162,45.83632278442383,478204000
2023-07-14,46.44046575236375,47.94086182574558,44.92212700668265,45.32987594604492,772075000
2023-07-17,46.147369222609534,46.3537327838852,45.1235111481618,46.31884002685547,510488000
2023-07-18,46.5581057196224,47.74944898576326,45.594065463977465,47.34867858886719,569164000
2023-07-19,47.31876207580257,47.67167893614477,46.598971255607864,46.932945251464844,427502000
2023-07-20,46.36470161642384,46.942928804835816,44.92412321467116,45.38072204589844,537865000
2023-07-21,45.64789454996022,45.72565880367255,43.965059822678604,44.17341995239258,963769000
2023-07-24,44.59412592293156,44.97097143505105,43.90524224115585,44.47549057006836,382516000
2023-07-25,44.803489544215395,46.04168599596265,44.78554306973034,45.53923034667969,348081000
2023-07-26,45.88018262099463,45.912086196628444,44.493440026375104,45.312923431396484,364237000
2023-07-27,46.37665740516835,47.24997638304764,45.61000946610031,45.759552001953125,455976000
2023-07-28,46.525202843607126,46.883105518604516,46.23908226392985,46.60695266723633,331194000
2023-07-31,46.610938817532,46.985787745643954,46.36369657868276,46.58601379394531,251055000
2023-08-01,46.31783562150429,46.75649169459333,45.88616190163857,46.36469268798828,237858000
2023-08-02,45.69076572472491,45.69973706046443,43.25424373168055,44.133544921875,530142000
2023-08-03,43.665975669938696,44.97994351428875,43.665975669938696,44.378787994384766,324176000
2023-08-04,44.84735241415571,45.50233976816819,44.25716479958756,44.54328536987305,362666000
2023-08-07,44.97296695444659,45.400655128648054,44.42664342016852,45.27803039550781,322154000
2023-08-08,44.715756986658505,45.10356664242382,43.92119480836412,44.52733612060547,353843000
2023-08-09,44.138528337331145,44.17641407263371,42.005076934408166,42.42379379272461,586449000
2023-08-10,42.03099398742127,43.440668733202855,41.70698769798923,42.258296966552734,492705000
2023-08-11,41.62323855662076,41.889423617755284,40.5146418389353,40.72998046875,533085000
2023-08-14,40.362116194769875,43.66597480294201,40.18765244113688,43.619117736816406,690286000
2023-08-15,44.423651395520004,45.12948515568442,43.5762500445296,43.805545806884766,676512000
2023-08-16,44.38378002605648,44.538304546583966,43.273186375605505,43.352943420410156,527451000
2023-08-17,43.83546018459533,43.927177736442225,42.86942340203336,43.21137619018555,452395000
2023-08-18,42.504538056513674,43.44465333013322,41.5325230130091,43.166507720947266,583768000
2023-08-21,44.35785535241688,46.920987674468684,44.08668826541733,46.82328796386719,692573000
2023-08-22,47.98770953500303,48.03955236680591,45.194285260085415,45.52825927734375,755293000
2023-08-23,45.72565339980645,47.05557105969461,45.06966590460551,46.97182846069336,779046000
2023-08-24,50.06234798957418,50.11219423827407,47.014702631702306,47.0186882019043,1156044000
2023-08-25,46.8681553415664,47.6587282173918,44.88623538665841,45.877197265625,925341000
2023-08-28,46.339768044393274,46.836245308048305,44.75064756794707,46.691688537597656,685192000
2023-08-29,46.5232082617889,48.93081957760332,46.249048206065815,48.634727478027344,701397000
2023-08-30,48.89393791220456,49.77423560314373,48.276832394862886,49.11326599121094,735206000
2023-08-31,49.228904516562515,49.59178914058814,48.8081949008338,49.2039794921875,528570000
2023-09-01,49.609737178375475,49.64761910935292,47.99469138418687,48.36056900024414,463830000
2023-09-05,48.075442101099355,48.7015226451209,47.7135538785842,48.39944839477539,382653000
2023-09-06,48.29675585100986,48.404432152677344,46.441297415473116,46.92086410522461,468670000
2023-09-07,45.38943829933542,46.20599974475195,45.01754791417301,46.10330581665039,433330000
2023-09-08,45.80519551015305,46.46721591183993,45.136192180115536,45.43629455566406,473069000
2023-09-11,46.01058127939669,46.02553600450633,44.180049901886676,45.04347229003906,473966000
2023-09-12,44.60477844461375,45.53699557699163,44.39839411760551,44.736385345458984,349256000
2023-09-13,44.46719666176669,45.793238253815964,44.370485369123514,45.34956359863281,398355000
2023-09-14,45.8131750613874,45.85006363868303,44.996613561123056,45.445274353027344,370097000
2023-09-15,45.20598272428771,45.46321387121769,43.67754676368698,43.7692756652832,506831000
2023-09-18,42.62070760166484,44.110258303658966,41.874933874444345,43.835079193115234,500271000
2023-09-19,43.7024829281991,43.835086328947064,42.87395603803026,43.39041519165039,373064000
2023-09-20,43.47016358744601,43.772262694137574,42.09726520219276,42.113216400146484,367108000
2023-09-21,41.45917965283468,41.97463849257789,40.85797455001659,40.89486312866211,450736000
2023-09-22,41.448210386933276,41.98959657847822,41.10822617218465,41.48609924316406,479236000
2023-09-25,41.46716501921951,42.40935103691997,41.05439621768476,42.09628677368164,419091000
2023-09-26,41.87592599161224,42.6924873606105,41.53095566477393,41.78619384765625,402282000
2023-09-27,42.20395553022343,42.744341431006085,41.50504268914909,42.3415412902832,444935000
2023-09-28,42.333560978932496,43.316624912259975,41.989590912054574,42.960689544677734,424663000
2023-09-29,43.696498771068015,44.01255619893268,43.178046685877014,43.369476318359375,397830000
2023-10-02,43.89888769595612,45.04047860898654,43.73039221652358,44.648651123046875,433298000
2023-10-03,44.67457689561349,44.99562050159697,43.117227684036216,43.387420654296875,470850000
2023-10-04,43.61174925416727,44.011556163058,43.16308846642664,43.90985870361328,361821000
2023-10-05,43.91882717512689,44.76629832762735,43.75731082612685,44.554927825927734,393483000
2023-10-06,44.061407980133865,45.65265626506475,43.89490543600504,45.625736236572266,434436000
2023-10-09,44.70847483791379,45.46920337034592,44.235887222293606,45.13819122314453,409675000
2023-10-10,45.17508663765547,46.121258407060864,44.95374754155894,45.6616325378418,368582000
2023-10-11,46.05843799423147,46.71946573957931,45.91287284021887,46.666622161865234,378137000
2023-10-12,46.637711102575786,47.4672343606174,46.19204354796514,46.80521011352539,481325000
2023-10-13,46.82016325151491,46.97570075879303,45.14516559213605,45.325626373291016,474115000
2023-10-16,44.92881981280981,46.08735858574587,44.77826845784265,45.95774841308594,375099000
2023-10-17,43.86897889171314,44.62073527897283,42.353504619053396,43.80716323852539,812333000
2023-10-18,42.46417874850183,43.09031094806606,41.70046078038666,42.07035446166992,627294000
2023-10-19,42.68351653502678,43.16806936588705,41.75728209596725,41.97563171386719,501233000
2023-10-20,41.7652678682802,42.34354268783243,40.955685402910255,41.26376724243164,477266000
2023-10-23,41.10623502417962,43.119224175669935,40.82308027803106,42.8470344543457,478530000
2023-10-24,42.9487282788918,43.5668810255137,42.56387990123347,43.532981872558594,401463000
2023-10-25,43.2687809491176,43.52003332524121,41.4312699860838,41.65460205078125,398379000
2023-10-26,41.72837859858881,42.130178498809435,39.76125385517592,40.20592498779297,541001000
2023-10-27,41.00753113322634,41.08330504631517,39.895849517473295,40.3794059753418,416784000
2023-10-30,40.96465592174652,41.64163109365404,40.3604576251133,41.03843307495117,388028000
2023-10-31,40.329553945294535,40.75727737613491,39.11318548755272,40.6585693359375,517969000
2023-11-01,40.762256048704266,42.25479998188949,40.747301323669774,42.19896697998047,437593000
2023-11-02,43.19897822868172,43.75332234424489,42.76627246802236,43.37644958496094,409172000
2023-11-03,43.888919424366684,45.174078747791896,43.59280293696078,44.87098693847656,424610000
2023-11-06,45.15015318659169,45.798219181155844,44.765301009531704,45.61476516723633,400733000
2023-11-07,45.582863690228386,46.080374555632474,45.02353336587058,45.81816101074219,343165000
2023-11-08,45.96272281654572,46.727440958659734,45.831115913944224,46.4353141784668,346719000
2023-11-09,47.32565858468725,48.08638711878528,46.610794508396026,46.81019973754883,540496000
2023-11-10,47.35855787314543,48.32766364227746,47.14220498356334,48.191070556640625,421245000
2023-11-13,48.17610623610301,48.96973723582124,47.95576368870608,48.47521209716797,384136000
2023-11-14,49.532067353089744,49.6856081153753,48.89397370012533,49.50813674926758,416954000
2023-11-15,49.78630718435211,49.811230458479834,48.05647298035821,48.74242401123047,475497000
2023-11-16,48.534047157885986,49.37752865421783,48.186087364869636,49.33266067504883,339756000
2023-11-17,49.37653577909823,49.568961894077866,48.86107690035848,49.15121078491211,325205000
2023-11-20,49.16516232495467,50.39748190834169,49.0345518906684,50.25889587402344,414120000
2023-11-21,49.97673388984551,50.366568411025234,49.07542649691953,49.7952766418457,565747000
2023-11-22,49.703557028583894,50.18511670142029,47.547992253967436,48.57093811035156,899420000
2023-11-24,48.325669336815935,48.77532658141017,47.60282592861512,47.63373565673828,294645000
2023-11-27,47.65766532815117,48.38549115302334,47.51010721393193,48.098350524902344,395662000
2023-11-28,48.09236930689928,48.17911204503058,47.33164078012809,47.67860412597656,401491000
2023-11-29,48.23494506927642,48.616804044774916,47.71748947427739,47.99665451049805,382005000
2023-11-30,47.88099726514556,47.96674352591701,46.28377015509841,46.630733489990234,526247000
2023-12-01,46.38646066120802,47.05944990418179,46.049465900778685,46.6257438659668,369317000
2023-12-04,45.93979415914972,45.93979415914972,44.87597007312704,45.374481201171875,437543000
2023-12-05,45.33459625037478,46.46531769952222,45.14016013303565,46.431419372558594,371718000
2023-12-06,47.07854443551646,47.25004822206123,45.2807538725136,45.371490478515625,380590000
2023-12-07,45.56793131942615,46.49424743379082,45.4722080825041,46.461341857910156,350823000
2023-12-08,46.46033928594401,47.60302719608969,46.41546736033398,47.36870574951172,359224000
2023-12-11,47.35374217112069,47.39362367193701,45.69754350951452,46.49223709106445,509728000
2023-12-12,45.91292023901418,47.52823708369172,45.91292023901418,47.519264221191406,372387000
2023-12-13,47.49135110162281,48.45356234904266,47.47041188410191,47.94902420043945,447792000
2023-12-14,48.2501437897404,48.52933332337193,47.28494297084845,48.21025848388672,391232000
2023-12-15,48.05471535600333,49.2612174369844,47.98092791403106,48.74870300292969,479948000
2023-12-18,49.25723605827901,50.28724783914224,49.00795855556237,49.93227767944336,412587000
2023-12-19,49.281156065075976,49.556359352120325,48.75368563402241,49.460636138916016,464444000
2023-12-20,49.51148681248871,49.85449435490147,47.95898761649741,47.97195053100586,397894000
2023-12-21,48.669931851728876,48.95311145717248,48.279062673701084,48.84841537475586,300425000
2023-12-22,49.05282008065704,49.24027646361489,48.32692345139222,48.68887710571289,252507000
2023-12-26,48.82647560877794,49.456649028909844,48.81849930781512,49.13657760620117,244200000
2023-12-27,49.36791146455285,49.53642176515991,48.943140137976336,49.2741813659668,233648000
2023-12-28,49.49952822100173,49.73982902864742,49.26919303504833,49.378875732421875,246587000
2023-12-29,49.66903507790819,49.85250521620105,48.610104092310245,49.378875732421875,389293000
2024-01-02,49.101683898702085,49.152535199799544,47.457451257375006,48.02879333496094,411254000
2024-01-03,47.34776550065434,48.04474284454288,47.183241449788504,47.431522369384766,320896000
2024-01-04,47.62895205059956,48.35983539054749,47.37070168440111,47.85928726196289,306535000
2024-01-05,48.3219492464163,49.40381274244124,48.16639803917808,48.95511245727539,415039000
2024-01-08,49.36891016503661,52.1239255155236,49.336004592518634,52.101985931396484,642510000
2024-01-09,52.24955327952862,54.16799238326001,51.54060584592602,52.98641586303711,773100000
2024-01-10,53.46104844034716,54.442201988108685,53.334412767924995,54.19292449951172,533796000
2024-01-11,54.84004936433209,55.186046630349715,53.40520900250216,54.66355895996094,596759000
2024-01-12,54.4621436511034,54.81113441098262,54.172984660391826,54.551883697509766,352994000
2024-01-16,54.85899129297286,56.67073742609818,54.74133230021394,56.21904754638672,449580000
2024-01-17,56.18414785305035,56.307790020007936,54.58179390413662,55.89099884033203,474394000
2024-01-18,57.094517089822695,57.43353464294008,55.94484937824919,56.941959381103516,491650000
2024-01-19,57.82141078034066,59.328045587590395,57.05961879365457,59.31907272338867,543501000
2024-01-22,59.87545295780241,60.15663944433183,58.8992822616046,59.48159408569336,452955000
2024-01-23,59.397833118705194,59.73685061790294,58.41567931351442,59.69995880126953,294654000
2024-01-24,60.12972084943654,62.66736391279241,59.76477747230483,61.184661865234375,560271000
2024-01-25,62.169802358134476,62.53773920716308,60.67413746929077,61.43892288208008,482777000
2024-01-26,60.78382411519858,61.60444749366959,60.39794531790314,60.854618072509766,390309000
2024-01-29,61.05503888144962,62.308406139769886,60.73098116954014,62.28447723388672,348733000
2024-01-30,62.718214176475605,63.30949885561756,62.08006064595033,62.59257507324219,410735000
2024-01-31,61.262435580323725,62.08904212424609,60.52457632784889,61.349185943603516,453795000
2024-02-01,61.920518253499914,63.00836847438385,61.4718218777784,62.84484100341797,369146000
2024-02-02,63.78912362662744,66.40753432722695,63.50594394904797,65.96881103515625,476578000
2024-02-05,68.02783445051155,69.2961616511714,67.010785504722,69.13163757324219,680078000
2024-02-06,69.42875675979734,69.55239893007112,66.108386710131,68.02582550048828,683111000
2024-02-07,68.12155362100862,70.01706057362387,67.40462981569888,69.89640808105469,495575000
2024-02-08,69.87147502102263,70.58939534958982,69.2542683281726,69.43972778320312,414422000
2024-02-09,70.32915559936207,71.9763817179636,70.00908414671076,71.9245376586914,436637000
2024-02-12,72.39016457689355,74.39535381795112,71.04406796843402,72.0391845703125,613710000
2024-02-13,70.19653768234375,73.23771827831571,69.41879318637284,71.91954040527344,602580000
2024-02-14,72.99044348203591,74.0214517262709,71.73009661007124,73.6864242553711,504917000
2024-02-15,73.65553513860904,73.7612240097967,72.19077851996437,72.44802856445312,420122000
2024-02-16,73.88583908151942,74.18696820662582,72.29146138961607,72.40313720703125,495327000
2024-02-20,71.73906612377016,71.74804279084927,67.53824458047887,69.25128173828125,704833000
2024-02-21,67.8094614044966,68.68891622407938,66.05654635382845,67.27700805664062,673755000
2024-02-22,74.80817230671141,78.34790791274914,74.00549852714776,78.31101989746094,865100000
2024-02-23,80.55650787145979,82.15586840169918,77.3458128505141,78.5892105102539,829388000
2024-02-26,79.46965549121944,80.41292820605618,78.27810947244775,78.86341857910156,503973000
2024-02-27,79.151576284054,79.25029679601072,76.9389952975712,78.47354125976562,391705000
2024-02-28,77.39567023328642,78.70487140466068,76.90209811291284,77.43854522705078,393110000
2024-02-29,78.86540846143546,79.7588149945745,78.12355544458728,78.88335418701172,507289000
2024-03-01,79.76879352380037,82.06214938054762,79.20542398518815,82.04120635986328,479135000
2024-03-04,83.88685863778845,87.44155809825308,83.47705094561937,84.99066162109375,615616000
2024-03-05,85.02756212891575,85.85221432148215,83.1798336316164,85.71958923339844,520639000
2024-03-06,87.77173362164056,89.4688902523757,86.78254975478006,88.44779968261719,582520000
2024-03-07,89.90164797406622,92.50323087612081,89.34722911034507,92.40550994873047,608119000
2024-03-08,94.86750020038097,97.12306982330983,86.26003928547323,87.27913665771484,1142269000
2024-03-11,86.18325727083518,88.54452056286361,83.92669117198699,85.53012084960938,678364000
2024-03-12,87.79866748859284,91.69854344348778,85.90506455225947,91.65167999267578,668075000
2024-03-13,90.7961026211969,91.24382347923168,88.18354935724443,90.62957763671875,635713000
2024-03-14,89.32231468480107,90.3882755061813,86.35377401546849,87.69395446777344,602318000
2024-03-15,86.68284605628648,89.29140572149215,86.01176295929899,87.58726501464844,642086000
2024-03-18,90.13100142686399,92.14226481208601,86.83739140527486,88.20349884033203,668976000
2024-03-19,86.4534797466604,90.28655172899164,84.7682901573293,89.14381408691406,672171000
2024-03-20,89.54168915568671,90.15295286698971,87.97216679685033,90.11505889892578,479063000
2024-03-21,92.0375720151123,92.38458214165158,90.1479556941056,91.1750259399414,480372000
2024-03-22,90.88186017417289,94.50852022791372,90.57573384993215,94.02091217041016,586719000
2024-03-25,93.67389990625729,96.49086455465545,93.24412560987103,94.73188018798828,552136000
2024-03-26,95.57846759747075,96.10097979295517,92.23899068459922,92.29782104492188,513648000
2024-03-27,92.84725495724012,92.97488937266765,88.8695984293379,89.99339294433594,586067000
2024-03-28,89.74410760252643,91.04041442208826,88.93940289555813,90.0990982055664,435212000
2024-04-01,90.04225806770008,91.96277679415357,88.9503702442798,90.10607147216797,452441000
2024-04-02,88.19651163521841,89.83783523468522,87.37087059473389,89.19766235351562,433064000
2024-04-03,88.23241336254476,90.11703889051455,88.14865256608842,88.71104431152344,370067000
2024-04-04,90.14893737073052,90.3762935173085,85.63580564756691,85.66073608398438,434965000
2024-04-05,86.61901544259366,88.22942906906539,85.68169327218381,87.75777435302734,399678000
2024-04-08,88.44779211337963,88.57742734725042,86.48539311445134,86.88525390625,283220000
2024-04-09,87.19337337953033,87.38582540473588,82.7859427996773,85.1113052368164,501700000
2024-04-10,83.68737154662665,87.15149277673736,83.47098569296867,86.79151916503906,431929000
2024-04-11,87.17144056555283,90.48100403591603,86.67884945614712,90.35835266113281,431637000
2024-04-12,89.44396327846418,89.91861544290224,87.2811315064311,87.93526458740234,426805000
2024-04-15,88.84466403718538,90.35535577476978,85.68467584656017,85.7564697265625,443077000
2024-04-16,86.18724795044986,87.86745463811035,85.81930143123056,87.16645812988281,370453000
2024-04-17,88.08882656112145,88.52259493497695,83.7113088922385,83.79607391357422,495400000
2024-04-18,84.7283978612392,85.94493013538192,82.167698910902,84.43024444580078,447260000
2024-04-19,82.91359767384262,84.08425585640761,75.39104730583979,75.98335266113281,875198000
2024-04-22,77.8819196640173,79.84532288255929,76.18276995811692,79.29190063476562,596341000
2024-04-23,80.53935534918725,82.53366896329221,80.03579390039872,82.18865203857422,438559000
2024-04-24,83.71129217484813,83.84292061734187,78.9578484435489,79.45044708251953,512208000
2024-04-25,78.64375119701494,83.08608614140688,78.00058847000186,82.39705657958984,424641000
2024-04-26,83.57968703669025,88.07985603184983,83.1499127117647,87.48554992675781,551011000
2024-04-29,87.34593487887717,87.74180161200195,85.02355474971789,87.50747680664062,388971000
2024-04-30,86.99195638809022,88.56646933597486,86.05463417701857,86.15634155273438,363709000
2024-05-01,84.83510772715242,85.75547993219622,81.02396844600167,82.80489349365234,559863000
2024-05-02,84.20889135183461,85.99180970266082,82.96344197206183,85.57300567626953,377898000
2024-05-03,87.53939567590184,89.02715032615576,86.79252471992756,88.53655242919922,398341000
2024-05-06,89.13583280876144,91.9577879691123,88.80178624215971,91.87801361083984,376203000
2024-05-07,90.8389759868272,91.52003263915564,88.75791206874568,90.29652404785156,437342000
2024-05-08,89.22858583150523,90.93471969755814,89.16576142158716,90.15494537353516,325721000
2024-05-09,90.27159797496299,90.81305333122494,87.9801353538175,88.49466705322266,378013000
2024-05-10,90.04823199188911,91.14111635473476,88.97329419694542,89.62244415283203,335325000
2024-05-13,90.22075318829799,90.73927900416781,88.27729700712642,90.14198303222656,289680000
2024-05-14,89.34425178727211,91.39041950305226,88.68114159761363,91.09626007080078,296507000
2024-05-15,92.20907765380471,94.59228164011105,91.3385587292716,94.3609390258789,417735000
2024-05-16,94.64014168326462,95.54655367350442,93.8354294469824,94.09070587158203,323952000
2024-05-17,94.10069011001252,94.47062985340762,91.54497378951851,92.21605682373047,359691000
2024-05-20,93.48345064124587,94.92932496808272,93.17433446559033,94.5105209350586,318764000
2024-05-21,93.33287026664621,95.1287520032466,92.915062881723,95.11479187011719,328946000
2024-05-22,95.18757861855156,95.74698053068366,92.98386328100148,94.68002319335938,548648000
2024-05-23,101.73791493789797,106.0177117858919,101.23135605250833,103.5038833618164,835065000
2024-05-24,104.15201429523188,106.1722546778935,102.70713677897801,106.16627502441406,429494000
2024-05-28,109.93055601288341,114.61220681929554,109.57058235224117,113.57715606689453,652728000
2024-05-29,112.72856525449089,115.16361558831227,110.58567348866953,114.4985122680664,557442000
2024-05-30,114.32403150789189,115.48970655822384,109.35121090850546,110.18582916259766,484553000
2024-05-31,112.20007402311614,112.39652011050696,106.63594514688756,109.3212890625,613263000
2024-06-03,113.29793498606988,114.67301177978516,111.68453173387806,114.67301177978516,438392000
2024-06-04,115.3869834998919,116.2684650577176,113.72072948659991,116.10592651367188,403324000
2024-06-05,118.03444216742467,122.10084264977675,117.13400975669744,122.09187316894531,528402000
2024-06-06,123.69529221491227,125.22991785379394,117.98358173920542,120.65396881103516,664696000
2024-06-07,119.42947108598517,121.34601121410144,117.6864474461413,120.54429626464844,412386000
2024-06-10,120.02774969821236,122.74998311505551,116.6773027177119,121.44371032714844,313434100
2024-06-11,121.43375200225071,122.53072064853247,118.41211998717576,120.57613372802734,222551200
2024-06-12,122.72018841720352,126.52963983604721,122.23154359875069,124.85427856445312,299595000
2024-06-13,129.03272721920433,129.44159877760444,126.80888896455666,129.2521209716797,260704500
2024-06-14,129.60114223243076,132.4731792100278,127.9656714477386,131.51583862304688,309320400
2024-06-17,132.62280710033545,133.3607541494067,129.22221879135446,130.61834716796875,288504400
2024-06-18,130.77788509132313,135.95355648117285,130.32913071079423,135.20562744140625,294335100
2024-06-20,139.41394956266274,140.37129003031137,129.16233868973217,130.41885375976562,517768400
2024-06-21,126.76898143871918,130.269291272292,123.9567687165166,126.22049713134766,649445800
2024-06-24,122.89968290118539,124.1163152101961,117.71404522588668,117.78385162353516,476060900
2024-06-25,120.86531742755339,126.15068514494095,118.9905115651875,125.74181365966797,414192600
2024-06-26,125.7817056647018,127.76620840809865,122.26145451808375,126.05096435546875,362975900
2024-06-27,123.75731038151326,126.06093675176166,122.58056851355609,123.64761352539062,252571700
2024-06-28,124.23599694106169,127.35735127952529,122.41104832536521,123.19886779785156,315516700
2024-07-01,123.12905433583957,124.49526638375627,118.50186772113265,123.9567642211914,284885500
2024-07-02,120.79550474728765,123.06921506851164,120.69578241236393,122.33125305175781,218374000
2024-07-03,121.32405858482768,127.92577362060547,121.02488394458864,127.92577362060547,215749000
2024-07-05,127.02825159880693,128.49420118342798,125.3329490025218,125.48253631591797,214176700
2024-07-08,127.1379469199517,130.40889591730686,126.6891925935073,127.84598541259766,237677300
2024-07-09,129.99004223598263,133.45046098640373,128.29472464299235,131.01719665527344,285366600
2024-07-10,133.6599006676726,134.72695337207693,132.0543457649315,134.5374755859375,248978600
2024-07-11,135.37513539330575,135.77402473321786,126.69916290866759,127.0481948852539,374782700
2024-07-12,127.90581292565753,131.5557097271737,126.86869151292463,128.88311767578125,252680500
2024-07-15,130.19948360408995,131.02719355977734,126.82881950170466,128.08534240722656,208326200
2024-07-16,128.08532061289833,128.6836546073769,124.23597923680788,126.01106262207031,214769500
2024-07-17,121.01490699704938,121.51352631521466,116.39769484983655,117.6641845703125,390086200
2024-07-18,121.51351100342063,122.0619952276193,116.23811836897953,120.75560760498047,320979500
2024-07-19,120.01766279092804,121.26421102849133,117.04589605324009,117.6043472290039,217223800
2024-07-22,120.01767396475167,123.72740308245356,119.52902914046476,123.19886779785156,258068900
2024-07-23,122.44096551828241,124.34569507405075,121.76284290265906,122.2514877319336,173911000
2024-07-24,118.8409292880146,119.61877422549412,113.12675602679064,113.93451690673828,327776900
2024-07-25,112.72785895570485,116.30794209044977,106.00647252262672,111.96995544433594,460067000
2024-07-26,115.86915683172242,115.87912373985303,111.27188621900741,112.74779510498047,293399100
2024-07-29,113.37607543359478,115.9589201329672,110.99267544003177,111.28186798095703,248152100
2024-07-30,111.21204752075072,111.68075088933978,102.2568489765504,103.44356536865234,486833300
2024-07-31,112.58824297616627,118.01321595584747,110.57381668062193,116.69686126708984,473174200
2024-08-01,117.20544905631927,119.82819139029307,106.51505026446524,108.9084243774414,523462300
2024-08-02,103.47348325737674,108.41978599115991,101.09008352011347,106.97378540039062,482027500
2024-08-05,91.80577675325813,103.12444016973573,90.43956483475881,100.172607421875,552842400
2024-08-06,103.55324859386288,107.41256456659957,100.27234042123098,103.96212005615234,409012100
2024-08-07,107.51229690555586,108.4995686514933,98.41748524596572,98.63687896728516,411440400
2024-08-08,101.71833775867768,105.208672877848,97.2507054584759,104.68013763427734,391910000
2024-08-09,105.34829623370402,106.30564447792429,103.14439960768745,104.46075439453125,290844200
2024-08-12,106.02640719898284,110.76329052893722,105.96657531790058,108.71894836425781,325559900
2024-08-13,112.1295177782614,115.90905322658823,111.27189191883488,115.81929779052734,312646700
2024-08-14,118.20269109826258,118.2724974965541,113.75500781546704,117.75393676757812,339246400
2024-08-15,118.43206727440648,122.89969228155606,117.1456284695593,122.52074432373047,318086700
2024-08-16,121.60327554530542,124.6548231821397,120.84537209002657,124.2359848022461,302589900
2024-08-19,123.93680096772643,129.64100646972656,123.07917523933753,129.64100646972656,318333600
2024-08-20,128.04543898793298,129.52136317375601,125.54237540722741,126.89862060546875,300087400
2024-08-21,126.96844527510662,128.99284645503002,126.31027161533281,128.1451873779297,257883600
2024-08-22,129.66096486520394,130.3889447703718,122.7600680862335,123.39830017089844,376189100
2024-08-23,125.51245424374224,129.2421321879317,124.87422213092064,129.01275634765625,323230300
2024-08-26,129.2122143703238,130.89753484404284,124.02656901853358,126.11079406738281,331964700
2024-08-27,124.70467649930566,128.8432101554862,123.53790168104443,127.9457015991211,303134600
2024-08-28,127.76621672239743,127.97564354365645,122.30135293496008,125.26315307617188,448101100
2024-08-29,121.02486753317979,124.08638948872031,116.38770688825328,117.26527404785156,453023300
2024-08-30,119.19992897597831,121.41379989153823,116.89631023816276,119.04037475585938,333751600
2024-09-03,115.68965834345619,115.88910303086084,106.99373606605621,107.70177459716797,477155100
2024-09-04,105.11893116355375,112.95722005840781,103.83249237473713,105.91671752929688,372470300
2024-09-05,104.70009959160842,109.34723605648571,104.47073892803141,106.91397094726562,306850700
2024-09-06,107.74167143504636,107.85136830211154,100.67124500554577,102.54605865478516,413638100
2024-09-09,104.59038905946406,106.25578342210773,103.40368021481835,106.1760025024414,273912000
2024-09-10,107.51228306871653,109.09789628161208,104.660180275284,107.80148315429688,268283700
2024-09-11,109.0879346022382,116.86639906475774,107.12337325723898,116.58717346191406,441422400
2024-09-12,116.52731901421612,120.4667529234298,115.0712270559041,118.8211669921875,366052700
2024-09-13,118.76133738659651,119.6389797203674,117.28529459768677,118.78128051757812,238358300
2024-09-16,116.47746652004345,117.8637462195167,114.05396898625607,116.46749114990234,248772300
2024-09-17,117.85376774830212,118.48208669803358,114.52270945275087,115.28067016601562,231925900
2024-09-18,115.57986510061662,117.38501890816246,112.917012138231,113.06661224365234,310318900
2024-09-19,117.0359679559666,119.33979153223306,116.93623707940027,117.55458068847656,293506400
2024-09-20,116.74674381909426,118.30257441739377,115.0812145821692,115.68958282470703,382462400
2024-09-23,116.23810791147417,116.67692526968904,114.55262802291854,115.94888305664062,206228500
2024-09-24,116.20818908018337,121.47406618937484,115.07124032940908,120.54655456542969,354966800
2024-09-25,121.69346336275538,124.60565503965537,121.28456450552947,123.17948150634766,284692900
2024-09-26,126.46066959704271,127.32833649308198,121.47405025345233,123.70805358886719,302582900
2024-09-27,123.63824105329503,123.69807805046355,118.9408465511356,121.07511901855469,271009200
2024-09-30,117.99339197466074,121.17485775300766,117.83382410218941,121.11502075195312,226553700
2024-10-01,121.44412897274735,122.11234177416986,115.48013626179672,116.68689727783203,302094500
2024-10-02,116.12840510154699,119.06053238913914,114.831880901423,118.53195190429688,221845900
2024-10-03,120.59640479294298,124.02720146176961,120.01795510176126,122.521240234375,277118000
2024-10-04,124.6056517279934,124.70538259718006,121.50397375972977,124.58570098876953,243678100
2024-10-07,124.65550686574433,130.2903881845544,124.61561299835192,127.37820434570312,346250200
2024-10-08,129.9114112143918,133.1227955252644,129.07366275536995,132.5343780517578,285722500
2024-10-09,133.75111306364067,134.16001952786942,131.02842299164354,132.29501342773438,246191600
2024-10-10,131.55700075403345,134.63872798675436,130.64943234270237,134.44923400878906,242311300
2024-10-11,133.6513755856735,135.4166432187145,133.30232133780012,134.43927001953125,170209500
2024-10-14,136.10479144805439,139.22642006970023,135.9352482142016,137.7005157470703,232347700
2024-10-15,137.50104323972985,138.1991821543322,128.3954862474048,131.24783325195312,377831000
2024-10-16,133.62146232310147,136.25439701653355,131.22789086287455,135.3568115234375,264879700
2024-10-17,138.96712260930138,140.512977854023,136.50373111006368,136.56356811523438,306435900
2024-10-18,138.29892734851708,138.5283076242321,136.91264749604844,137.63072204589844,176090200
2024-10-21,137.76036967912168,143.325439453125,137.63071268872676,143.325439453125,264554500
2024-10-22,142.52756130979012,144.03351491090646,141.40058044009385,143.2057342529297,226311600
2024-10-23,141.649914730207,142.04883820987033,137.09215234233463,139.1865234375,285930000
2024-10-24,140.44316244306268,140.9717429059513,138.08947737101022,140.0342559814453,172354900
2024-10-25,140.55285615055817,143.74430494634163,140.4232143860229,141.16122436523438,205122100
2024-10-28,142.617310298629,142.75693502866474,139.67520798990546,140.14395141601562,173586700
2024-10-29,139.91455642525435,141.87928563006452,138.5282768804448,140.8719940185547,157593600
2024-10-30,139.16657905851807,139.9544735111022,136.4438889013892,138.9671173095703,179418100
2024-10-31,137.23176786248834,137.2417356225259,131.7564544469141,132.4047088623047,270039600
2024-11-01,134.3395349599235,136.94255111570317,134.2098931927627,135.03765869140625,207127800
2024-11-04,136.84282779526694,138.58814473225323,135.207217103038,135.68592834472656,187528200
2024-11-05,137.08217511986183,139.99435925396384,136.9625011145287,139.5355987548828,160537400
2024-11-06,142.57743460752744,146.09798683530676,141.58011068537002,145.2203369140625,242043900
2024-11-07,145.9982407267333,148.53143666074,145.77882825788768,148.48158264160156,207323300
2024-11-08,148.3718728926044,149.3691967390222,145.868580298605,147.23492431640625,175665800
2024-11-11,148.28213868247923,148.45169716990912,143.18582718199275,144.8712921142578,182325600
2024-11-12,146.38720431256547,149.2495191040209,145.6192606302401,147.89315795898438,198634700
2024-11-13,148.67109606044525,148.93039482211316,145.50956558703103,145.8785858154297,191903300
2024-11-14,147.24491377788954,148.60127501764129,145.16051028397845,146.3672637939453,194463300
2024-11-15,144.48233309105467,144.85135334501234,139.70515749364313,141.60006713867188,250132900
2024-11-18,139.1266784396513,141.1711953957962,136.7829612819808,139.77493286132812,221205300
2024-11-19,140.9418317601378,146.73628163269873,140.61271302151263,146.61659240722656,227834900
2024-11-20,147.0155246522584,147.16511715506326,142.34804073132528,145.4995880126953,309871700
2024-11-21,148.95033233522298,152.48085228758558,140.3234713661803,146.27749633789062,400946600
2024-11-22,145.53949007763015,146.7662096056562,140.72242834878378,141.5701446533203,236406200
2024-11-25,141.610046895497,141.66988390343687,135.45655935237875,135.65602111816406,344941900
2024-11-26,137.33153099631315,138.92725570705397,135.30696421011146,136.55361938476562,190287700
2024-11-27,134.64869500572706,136.85278753282546,131.44729379106425,134.97781372070312,226370900
2024-11-29,136.41398308030372,138.97711320730366,135.6859407808891,137.8800506591797,141863200
2024-12-02,138.45849496272686,140.07415499884576,137.45120318506554,138.259033203125,171682800
2024-12-03,137.8899957715255,140.1638930268938,137.58082780000817,139.8846435546875,164414000
2024-12-04,141.61997562000002,145.3998260198739,139.91454527402882,144.75157165527344,231224300
2024-12-05,144.73165063129176,146.1579148411047,143.57467148409813,144.68177795410156,172621200
2024-12-06,144.2229906612707,145.3201135010368,140.94156015213164,142.06861877441406,188505600
2024-12-09,138.60766082087318,139.58510137793925,136.77246195727844,138.4480743408203,189308600
2024-12-10,138.64753308216282,141.4502189353748,133.44114274667672,134.7178192138672,210020900
2024-12-11,137.00184953896905,139.8045203384501,134.85746151474785,138.94676208496094,184905200
2024-12-12,136.72260169557995,138.0790564611993,135.445940177233,136.98191833496094,159211400
2024-12-13,138.57773734651352,139.2360201486468,132.19441524956173,133.89996337890625,231514900
2024-12-16,133.8301313094174,134.04955889819416,130.07994062496547,131.65582275390625,237951100
2024-12-17,128.75342001528475,131.24690176576593,126.5292385551769,130.05003356933594,259410300
2024-12-18,133.51097335742298,136.34356467427952,127.94552085179448,128.57388305664062,277444500
2024-12-19,131.4164651868699,133.68055102386828,129.21223569971335,130.3392791748047,209719200
2024-12-20,129.4715360054975,134.92727495716574,127.88568536239204,134.34878540039062,306528600
2024-12-23,135.9246564899382,139.42549888718457,134.76767747092137,139.30581665039062,176053500
2024-12-24,139.63497303105362,141.53001300601622,138.28848684636677,139.85440063476562,105157000
2024-12-26,139.3357437329122,140.482754358897,137.37087908554133,139.5651397705078,116205600
2024-12-27,138.1887488761999,138.65752461945982,134.35876491420703,136.6527557373047,170582600
2024-12-30,134.47844750631418,139.9042657427297,133.67056192681179,137.1315155029297,167734700
2024-12-31,137.67011945974758,137.71002369221526,133.48107297196478,133.9398651123047,155659200
2025-01-02,135.64539681236818,138.51789243847597,134.27897378808947,137.94937133789062,198247200
2025-01-03,139.6449446721197,144.52219430432945,139.36567593719187,144.09332275390625,229322500
2025-01-06,148.20255341856054,151.76325208073058,147.43457212276107,149.0403594970703,265377400
2025-01-07,152.63098706400407,152.73073241075815,139.6449312609891,139.77459716796875,351782200
2025-01-08,142.20823556727345,143.57465852876186,137.20132056545756,139.7446746826172,227349900
2025-01-10,137.09161147098868,139.55517244006612,133.870037595658,135.55563354492188,207602500
2025-01-13,129.6510717959939,133.1419459563911,129.17231238202828,132.8826141357422,204808900
2025-01-14,135.6952971385594,136.0244385977051,129.71094017737934,131.41647338867188,195590500
2025-01-15,133.30152233922777,136.094224818832,130.9476750631476,135.88478088378906,185217300
2025-01-16,138.2785134363621,138.38822723428095,133.14194748607855,133.22174072265625,209235600
2025-01-17,136.33360735729912,138.13888566634566,135.10681862678206,137.3509521484375,201188800
2025-01-21,138.79717036536638,141.4602070208564,136.7325601923546,140.4628143310547,197749000
2025-01-22,144.2828338584672,147.40466270866227,143.2954095914058,146.68655395507812,237651400
2025-01-23,144.67182587415004,146.84613483080005,143.34529164963172,146.83616638183594,155915500
2025-01-24,147.98313043457708,148.58157206293976,141.5100624088345,142.2481231689453,234657600
2025-01-27,124.47460659166907,128.06521102414737,116.39571998533557,118.11123657226562,818830900
2025-01-28,121.49239920882492,128.66365497133788,115.94689837533355,128.6536865234375,579666400
2025-01-29,126.17018228394103,126.55916484585856,119.73700212037913,123.37747955322266,467120600
2025-01-30,122.77904281152207,124.67409050916186,117.7920791911556,124.32500457763672,392925500
2025-01-31,123.45726880122108,127.5166568388694,118.87923990097873,119.75694274902344,388161100
2025-02-03,114.45081126895413,118.26085104341853,112.71535011762803,116.3558349609375,371235700
2025-02-04,116.65503370463425,120.88397605738155,116.39570950659508,118.34062957763672,256550000
2025-02-05,121.44252170959459,124.6740715125392,120.44512913749428,124.5045166015625,262230800
2025-02-06,127.08775801782105,128.43424405982125,124.8835213759819,128.34446716308594,251483600
2025-02-07,128.88308623826384,130.03008175856976,124.67408781607283,129.50146484375,228186300
2025-02-10,129.7508034170435,134.64800487659767,129.621152724233,133.22174072265625,216989100
2025-02-11,132.23430777027943,134.12934755153938,130.67837780772868,132.4537353515625,178902400
2025-02-12,129.68100547013307,131.89521852186024,128.7434538800678,130.79808044433594,160278600
2025-02-13,131.2169852346524,136.14410776005724,130.8280026783839,134.937255859375,197430000
2025-02-14,136.1241301373402,138.88691174540978,135.14668970558725,138.4879608154297,195479600
2025-02-18,140.90166414837108,143.06600437599374,137.57036112568994,139.03652954101562,219176600
2025-02-19,139.1462426003846,140.99142508356047,136.86222013681927,138.86697387695312,167536000
2025-02-20,139.6648814501138,140.2932436442011,136.43332401924008,139.7446746826172,143903600
2025-02-21,139.6748562571626,141.09116717483585,133.68053207054632,134.07948303222656,228217600
2025-02-24,136.20393197137406,138.22863774598196,129.74083213959625,129.9403076171875,251381100
2025-02-25,129.64109140603463,129.86051900489684,124.11554286315072,126.2998275756836,271428700
2025-02-26,129.6510837247691,133.38132271635274,128.1549946612343,130.93771362304688,322553800
2025-02-27,134.64801060127058,134.6579790491402,119.69709659183455,119.83673095703125,443175800
2025-02-28,117.71228067710521,124.76384661623277,116.09650940652436,124.59429168701172,389091100
2025-03-03,123.18796891235903,123.37746834229016,111.98724605192426,113.76260375976562,411381400
2025-03-04,110.36150296756519,118.9989197292815,109.82291000037466,115.68757629394531,398163300
2025-03-05,117.27343224392774,117.97160407078815,114.21143704412195,116.9941635131836,284337900
2025-03-06,113.2339813347161,115.04923557314471,109.93261424409908,110.28170013427734,321181900
2025-03-07,110.9599388924034,113.18412798197828,107.27955736061682,112.39618682861328,341755500
2025-03-10,109.6134575041536,111.5583701943417,105.18503155172247,106.7010726928711,366487400
2025-03-11,106.71102843945867,111.94733940770921,104.4968157267925,108.4764175415039,354865700
2025-03-12,113.83292501602207,116.46628328215824,112.59603885298675,115.44884490966797,323857500
2025-03-13,116.73560262668995,117.46376961532557,113.50375517662202,115.28925323486328,299033100
2025-03-14,118.31162236591584,121.57339292473429,117.85278046649132,121.36392211914062,277593500
2025-03-17,122.43123309193861,122.58085727393843,117.73308248243704,119.22930908203125,255501500
2025-03-18,117.70316797338417,118.72059878873276,114.25187260535502,115.13963317871094,299686900
2025-03-19,116.97497890401499,120.14697923880557,115.38898254172027,117.22434997558594,273426200
2025-03-20,116.25680439544837,119.89761619602571,116.17700382075364,118.23181915283203,248829700
2025-03-21,116.64582513098318,117.6931791575635,115.1296446207881,117.4039077758789,266498500
2025-03-24,119.57842622721644,121.91254366285413,119.03978374206928,121.10458374023438,228452500
2025-03-25,120.24674348347415,120.98487978418257,118.62083909476823,120.38639068603516,167447200
2025-03-26,118.4313220614094,118.5410383402261,112.42646191953317,113.47382354736328,293463300
2025-03-27,111.0698805170997,114.16208047077859,110.38162149260253,111.1496810913086,236902100
2025-03-28,111.20953292547101,112.58606625933987,108.79562251910656,109.39411163330078,229872500
2025-03-31,104.86552901006266,110.68086470981991,103.38925640513808,108.10735321044922,299212700
2025-04-01,108.2470050831867,109.92277920039626,106.20216660392524,109.87290954589844,222614000
2025-04-02,107.0200962834212,111.69830029652357,106.5213541109438,110.14221954345703,220601200
2025-04-03,103.24961220285616,105.36427425680411,101.344413349133,101.54391479492188,338769400
2025-04-04,98.66119636165205,99.87812106911886,91.87829866162578,94.07276153564453,532273800
2025-04-07,87.23998007579976,101.49403230771996,86.40209687721266,97.39437103271484,611041300
2025-04-08,103.54885717389794,105.58372634261488,94.2223791915971,96.05775451660156,476243400
2025-04-09,98.64124113201233,114.81046388770125,97.2846616095797,114.04240417480469,612918300
2025-04-10,109.09487535601897,110.58112503277279,98.90058321638736,107.29940032958984,437812400
2025-04-11,108.2270675758849,111.26939832601622,107.2096367407114,110.65095520019531,313417300
2025-04-14,113.82295197096049,114.00249947758738,108.7956293956101,110.43150329589844,264705000
2025-04-15,110.69084593782598,113.33418114021705,110.22202704858428,111.9177474975586,228966900
2025-04-16,104.2869965726397,106.52135948725393,100.1973044637503,104.22714233398438,397016900
2025-04-17,104.1872406628714,104.20719461222582,99.79831546993584,101.23468780517578,292517500
2025-04-21,98.52153569265882,99.18985605733366,94.80092295909544,96.66622161865234,288501100
2025-04-22,98.53150383378456,99.55891150664588,97.03527729423074,98.64122772216797,241004800
2025-04-23,104.25705857766793,104.53636058197965,101.76334775853866,102.45161437988281,247526000
2025-04-24,103.21968611105362,106.2719858525715,102.85061415392688,106.16226196289062,220815000
2025-04-25,106.58119738151521,111.63844254684066,105.46401982086034,110.7307357788086,251064700
2025-04-28,109.41407373912219,110.0923634818257,105.75329995750923,108.45648956298828,207708500
2025-04-29,107.39914795371472,109.9227823722281,107.16973079396023,108.7457504272461,170444300
2025-04-30,104.20719367744803,108.64599609375,103.81817538074749,108.64599609375,235044600
2025-05-01,112.79553450528941,114.6508560442669,111.02001354244473,111.32923126220703,236121500
2025-05-02,113.8927727544179,115.10970497913567,113.08481279973248,114.21196746826172,190194800
2025-05-05,112.62596171602799,114.38152869431376,112.37659062829633,113.5336685180664,133163200
2025-05-06,111.19956385128708,114.45135750397539,110.54122049681273,113.25437927246094,158525600
2025-05-07,112.7656187028628,117.38396890879066,111.99755142427854,116.7655258178711,206758800
2025-05-08,117.95252869863282,118.38144728921775,115.55856464909375,117.07474517822266,198428100
2025-05-09,117.05480348234514,117.93259470484641,114.92018728068513,116.3565673828125,132972200
2025-05-12,121.66317455201767,122.69058227539062,119.9774234659773,122.69058227539062,225023300
2025-05-13,124.66559728217729,130.88989748886456,124.1568781333485,129.60313415527344,330430100
2025-05-14,132.86491109788813,135.09928149974084,131.34873063875938,134.99952697753906,281180800
2025-05-15,133.95217934435928,135.95713281870513,132.32629004982778,134.49082946777344,226632600
2025-05-16,135.87733175434735,136.0070096021913,133.1242801768634,135.05938720703125,226542500
2025-05-19,132.05695004104146,135.52819125301625,132.05695004104146,135.2289581298828,193154600
2025-05-20,133.95217650431997,134.24145551049554,132.286379343903,134.04196166992188,161514200
2025-05-21,132.72530047773947,137.05438005528242,130.26151226029384,131.46847534179688,270608700
2025-05-22,131.89735290411087,133.9122755767364,131.21907084385478,132.495849609375,187344000
2025-05-23,129.67296865108418,132.3462194682512,128.8350854296202,130.959716796875,198821300
2025-05-27,133.81253901253905,135.31875034213425,132.97465568903243,135.15914916992188,192953600
2025-05-28,135.68778777349254,136.9047198340945,134.4509017652276,134.47085571289062,304021100
2025-05-29,141.8921589021039,143.12904506361895,137.56308016740775,138.83985900878906,369241900
2025-05-30,138.37105052724368,139.26878048564038,132.5856374053386,134.7900848388672,333170900
2025-06-02,135.14916370580715,137.7725372671851,135.05937854437917,137.03440856933594,197663100
2025-06-03,138.43088175862894,141.64278269656361,137.60296789247522,140.86474609375,225578800
2025-06-04,141.83231333868676,142.03180718032695,139.18897047063936,141.56298828125,167120800
2025-06-05,141.81237210270294,143.63777059715719,138.48077746536075,139.6378631591797,231397900
2025-06-06,142.1515162209299,142.90961421188257,141.1540316815974,141.36351013183594,153986200
2025-06-09,142.82978324597119,144.6352274429253,141.58292783698045,142.2711944580078,185114500
2025-06-10,142.33106034435926,143.92702635161132,141.17397471532814,143.59786987304688,155881900
2025-06-11,144.25625056305435,144.6353258646159,141.52294776727436,142.48060607910156,167694000
2025-06-12,141.62270753548705,144.64529418945312,141.5030059559913,144.64529418945312,162365000
2025-06-13,142.13145812905782,143.2287733742275,140.50545582034982,141.62271118164062,180820600
2025-06-16,142.9993260342438,145.82238955213242,142.84968384945327,144.33604431152344,183133700
2025-06-17,144.13653073401778,144.8647406282524,143.42826095310537,143.76742553710938,139108000
2025-06-18,143.65770976302605,145.29369730081095,142.76988753620614,145.12411499023438,161494100
2025-06-20,145.09418472037632,145.84235000620308,142.3010312756641,143.49810791015625,242956200
2025-06-23,142.15140884759998,144.4258301714446,141.6825573691225,143.81732177734375,154308900
2025-06-24,145.20390562225958,147.59804349475166,145.1440548392029,147.53817749023438,187566100
2025-06-25,148.90484638085596,154.07216728635598,148.8948611020321,153.93251037597656,269146500
2025-06-26,155.59842060814296,156.33661581991106,153.6232685600938,154.64077758789062,198145700
2025-06-27,155.65828160206874,158.32176352912492,154.88019088903962,157.36410522460938,263234500
2025-06-30,158.01248577811177,158.27185945851633,155.57846775508057,157.60350036621094,194580300
2025-07-01,155.9076636637482,156.81544119896878,151.1194180014287,152.92498779296875,213143600
2025-07-02,152.60576718743292,157.2144758260153,152.5957971297394,156.86532592773438,171224100
2025-07-03,157.98255188610304,160.5861672776582,157.38402888502534,158.95018005371094,143716100
2025-07-07,157.81297934590498,158.92026447090194,156.95508262544374,157.85289001464844,140139000
2025-07-08,158.94022243433284,159.82804456030718,158.0025195823342,159.60858154296875,138133000
2025-07-09,160.8256093227867,164.01777813022636,160.7657585360006,162.48155212402344,183656400
2025-07-10,163.91802564623063,164.0975779997467,161.214648514871,163.6985626220703,167704100
2025-07-11,163.31947923241253,167.47927598463818,163.07009082840767,164.51654052734375,193633300
2025-07-14,164.96543236823985,165.08514914967665,161.62363697338392,163.6686248779297,136975800
2025-07-15,170.77121644956358,171.97824787505814,168.78607915204378,170.28240966796875,230627400
2025-07-16,170.64153593048928,171.32985042878116,168.4868162544787,170.95077514648438,158831500
2025-07-17,171.59919907952485,173.73396348002274,170.41210769028996,172.57679748535156,160841100
2025-07-18,173.2152376188811,173.82374603307778,170.8410547534149,171.98825073242188,146456400
2025-07-21,172.32738268326037,172.95584631586675,170.58166390065136,170.9607391357422,123126100
2025-07-22,170.92082177764132,170.97070249948388,164.1773652525099,166.62136840820312,193114300
2025-07-23,169.1152862046913,170.84104993206878,167.55910478842375,170.3622283935547,154082200
2025-07-24,172.01816431437092,173.40476336343244,170.88095369299285,173.3149871826172,128984600
2025-07-25,173.18529303585547,174.29257821699642,172.53688923976992,173.0755615234375,122316800
2025-07-28,173.59430945229414,176.56701539294556,173.54442872003753,176.317626953125,140023500
2025-07-29,177.52464594674228,178.94117023690123,174.59183591750704,175.08062744140625,154077500
2025-07-30,176.07819353379378,179.4499298230835,175.60934208925488,178.83145141601562,174312200
2025-07-31,182.4525537970388,182.8515843840116,175.4996037416905,177.4348602294922,221685400
2025-08-01,173.6641186818972,176.1081221843386,170.47194991004753,173.29502868652344,204529000
2025-08-04,174.7315057215643,179.75916955634796,174.09307197712414,179.55966186523438,148174600
2025-08-05,179.18057181311008,179.81900550487381,175.4696712230272,177.8238983154297,156407600
2025-08-06,175.89862689332494,179.45988530544022,175.81882077930385,178.98106384277344,137192300
2025-08-07,181.12581999654523,183.43016644757114,178.36259217804582,180.32777404785156,151878400
2025-08-08,181.10587113034643,182.85159004607542,179.95867528141937,182.2530517578125,123396700
2025-08-11,181.6046539661726,183.39026839012567,179.80905426349312,181.6146240234375,138323200
2025-08-12,182.51243687865426,184.02870758664506,179.02099882862018,182.71194458007812,145485700
2025-08-13,182.1732462738988,183.51994981646104,178.9112567337155,181.14576721191406,179871700
2025-08-14,179.3102712094187,182.57227595462552,179.02098734413144,181.57472229003906,129554000
2025-08-15,181.43505449173978,181.45499460438234,177.6044370814236,180.008544921875,156602200
2025-08-18,180.15820389652,182.49247589603021,180.14821861780752,181.5647430419922,132008000
2025-08-19,181.98370991508045,182.0535459787435,175.06070018553257,175.2103271484375,185229200
2025-08-20,174.74148365399904,175.5694550698242,168.38707131580557,174.97091674804688,215142700
2025-08-21,174.42226928848822,176.4672421817212,173.38480492387563,174.55194091796875,140040900
2025-08-22,172.1877223514448,178.15308843889832,170.78116816439123,177.5545654296875,172789400
2025-08-25,177.91371253514103,181.46500135257926,176.13806812642193,179.37013244628906,163012800
2025-08-26,179.61950918930867,181.94381103857447,178.37256711704984,181.32533264160156,168688200
2025-08-27,181.53480649120215,182.04356858750407,178.6618623689453,181.15574645996094,235518900
2025-08-28,180.3776517699909,184.01871637210735,175.9784366795831,179.72923278808594,281787800
2025-08-29,177.67428483075477,177.714180280125,172.72641192849127,173.75389099121094,243257900
2025-09-02,169.5841376854209,171.95832048388473,166.8109394751057,170.3622283935547,231164900
2025-09-03,170.64151696331535,171.9882204164984,168.46685741418958,170.2025909423828,164424900
2025-09-04,170.15273668191406,171.43957421789176,168.99557077235426,171.2400665283203,141670100
2025-09-05,167.61892806242963,168.6164816497661,163.66862438059468,166.6114044189453,224441400
2025-09-08,167.14011909123317,170.54178073137314,166.9406114031506,167.89825439453125,163769100
2025-09-09,168.67635699060992,170.56173293634785,166.33211485189898,170.34226989746094,157548400
2025-09-10,176.20789518840485,178.851406558282,175.04075911822534,176.89620971679688,226852000
2025-09-11,179.25053151190707,179.84910351407555,176.05818301908454,176.7465362548828,151159300
2025-09-12,177.34513598621658,178.17315412234487,176.02828346447401,177.39501953125,124911000
2025-09-15,175.2501343169162,178.4225418052247,174.0929031464731,177.32516479492188,147061600
2025-09-16,176.57696439453113,177.07576937869646,173.96323114864717,174.4620361328125,140737800
2025-09-17,172.2273541922408,172.7860132411964,168.00746902672788,169.88296508789062,211843800
2025-09-18,173.56416328312818,176.67671647107687,172.54661216194535,175.8187713623047,191763300
2025-09-19,175.34989886544702,177.65437533147113,174.76129744715922,176.24774169921875,237182100
2025-09-22,174.88102184557565,184.10891359634738,174.2924356467209,183.17115783691406,269637000
2025-09-23,181.53508786527138,181.98400930831284,175.78885990523673,178.0035400390625,192559600
2025-09-24,179.34033838980653,179.35030900890538,174.98077271717747,176.54702758789062,143564100
2025-09-25,174.06295512355928,179.82913859886173,172.7161910154847,177.26528930664062,191586700
2025-09-26,177.74415791919978,179.3403398828169,174.51189629291883,177.7641143798828,148573700
2025-09-29,179.99874009736317,183.56021461148362,179.8890176259668,181.4153594970703,193063500
2025-09-30,181.6448190078555,186.90222763381766,181.04624695721463,186.13406372070312,236981000
2025-10-01,184.7972757932568,187.69033860903804,183.46046686832446,186.79249572753906,173844900
2025-10-02,189.14686265639136,190.59339411626704,187.6105347272827,188.4385528564453,136805800
2025-10-03,188.73782471792558,189.90502650703218,184.93693332773543,187.17156982421875,137596900
2025-10-06,185.05662940294908,186.78249020197808,182.89181782906448,185.09652709960938,157678100
2025-10-07,185.78489078203316,188.6081286768816,183.56022492696124,184.5977325439453,140088000
2025-10-08,186.12409742063042,189.14685437964263,186.0941551173159,188.65802001953125,130168900
2025-10-09,191.7705575158363,194.833227386451,190.60335569438294,192.10975646972656,182997200
2025-10-10,193.04749823427522,195.15245586263575,181.61489659616785,182.7222442626953,268774400
2025-10-13,187.52074924115996,189.6556339904095,185.51555866051012,187.8699188232422,153482800
2025-10-14,184.32839277968645,184.35831986008523,179.2705030798172,179.59971618652344,205641400
2025-10-15,184.35831474003746,184.42813951825556,176.86625456034105,179.4001922607422,214450500
2025-10-16,181.79443681084305,182.84193018690272,179.34032512988762,181.3754425048828,179723300
2025-10-17,179.74934657743225,183.65999082680747,179.3203816221287,182.78208923339844,173135200
2025-10-20,182.69231029505525,184.75735492260156,181.2956472677441,182.20347595214844,128544700
2025-10-21,182.35311411361405,182.35311411361405,179.37027013728058,180.72702026367188,124240200
2025-10-22,180.7070509305708,183.00155667206866,176.33751483638122,179.84910583496094,162249600
2025-10-23,179.988777912505,182.59254038327154,179.3602787988416,181.72462463378906,111363700
2025-10-24,183.40059008116805,187.0219186862977,183.06140638753934,185.81480407714844,131296700
2025-10-27,189.53590332097463,191.54109366524804,187.97961914819697,191.03231811523438,153452700
2025-10-28,192.58860677151606,202.6644582837766,191.45133202040452,200.54953002929688,297986200
2025-10-29,207.48289118740504,211.68283533037862,204.29054272961417,206.54513549804688,308829600
2025-10-30,204.65966800141675,205.66726375798942,200.9286166610889,202.4050750732422,178864400
2025-10-31,205.95656932325562,207.4729406961805,201.5870481318289,202.00604248046875,179802200
2025-11-03,207.58267267525224,210.83487551397138,205.06869143040765,206.3855438232422,180267300
2025-11-04,202.51481474882632,203.4824975937368,197.4569251230167,198.21511840820312,188919300
2025-11-05,198.29492759193732,202.43500266122365,194.18476438007542,194.74343872070312,171350300
2025-11-06,195.95054108781363,197.1476699621838,185.9345440647224,187.63047790527344,223029800
2025-11-07,184.45805485831954,187.86989393508227,178.48238160939712,187.70028686523438,264942300
2025-11-10,194.64369382605648,199.46215210416702,193.32684127795724,198.57427978515625,198897100
2025-11-11,194.69355355890158,194.9529266552934,190.84277869998112,192.69833374023438,176483300
2025-11-12,195.25221648764446,195.4218083488666,190.673190567689,193.33680725097656,154935300
2025-11-13,190.59339473372378,190.98246202725863,183.4106057333689,186.4134063720703,207423100
2025-11-14,182.42294356130517,190.55345800755302,180.14839424900484,189.71546936035156,186591900
2025-11-17,185.52552307898492,188.54828000089623,183.87947275520656,186.15402221679688,173628900
2025-11-18,182.94170515591497,184.35830936263392,179.22060933347112,180.92652893066406,213598900
2025-11-19,184.3483273978252,187.41099710874653,182.39302051116815,186.07420349121094,247246400
2025-11-20,195.48167365774535,195.5315572014955,179.4201620210147,180.20826721191406,343504800
2025-11-21,180.80682891210233,184.11888595894638,172.51667761994415,178.4524688720703,346926200
2025-11-24,179.0610093294625,183.06141961318156,176.0581937395723,182.1136932373047,256618300
2025-11-25,174.49197074476177,177.73420328176402,169.14478047484366,177.39501953125,320600300
2025-11-26,181.19589856886267,182.47283807635972,177.81400147563977,179.82916259765625,183852000
2025-11-28,178.58215589898685,178.86148547381688,176.0781603452176,176.57696533203125,121332800
2025-12-01,174.34228931397226,179.86905632530258,173.26486886531237,179.48995971679688,188131000
2025-12-02,181.32557695606172,185.2162648499111,179.56978894419797,181.02630615234375,182632200
2025-12-03,180.64722628696225,182.01394715864362,178.68193330759738,179.16078186035156,165138000
2025-12-04,181.19598816136636,184.08922700452197,179.53987513877786,182.95188903808594,167364900
2025-12-05,183.4606866221248,184.22889322931675,180.4876480440623,181.98414611816406,143971100
2025-12-08,182.21361127014939,187.5610985176648,181.97416608957425,185.1168212890625,204378100
2025-12-09,185.12679644575,185.2864265695677,182.89203560496765,184.53817749023438,144719700
2025-12-10,184.53819180758595,185.0469957406681,181.61502392815055,183.35096740722656,162785400
2025-12-11,179.85913764092777,180.896718300432,176.20767820623186,180.5076141357422,182136600
2025-12-12,180.6871989054384,182.39321360477518,174.21234434473615,174.61141967773438,204274900
2025-12-15,177.52459033283526,178.0034654802094,174.6213802569945,175.87843322753906,164775600
2025-12-16,175.84850127733236,178.0733061224419,174.4916756985292,177.3050994873047,148588100
2025-12-17,175.68889685369163,175.71882560019336,169.91240520818417,170.5409393310547,222775500
2025-12-18,174.1225483861358,175.7387615308714,171.41888356310693,173.73345947265625,176096000
2025-12-19,176.2575523358494,181.0263919449467,175.92832091222974,180.56747436523438,324925900
2025-12-22,183.49062822521734,183.73007341419415,181.9243013805983,183.26116943359375,129064400
2025-12-23,182.5428423541149,188.88799500778453,182.47299846788633,188.76828002929688,174873600
2025-12-24,187.50124372172942,188.4689804086018,186.154389299292,188.169677734375,65528500
2025-12-26,189.47662851874142,192.240166195598,187.5611125998212,190.085205078125,139740300
2025-12-29,187.2717899684254,188.31932652162573,185.47598909796272,187.7805938720703,120006100
2025-12-30,187.8005508490403,188.5487999407664,186.49359631469858,187.1021728515625,97687300
2025-12-31,189.12744593978846,190.11512498868174,186.05463453876877,186.06460571289062,120100500
2026-01-02,189.39681300359115,192.47959571470966,187.8204997023152,188.4091339111328,148240500
2026-01-05,191.31231822272787,193.17796293683364,185.7154145267434,187.68081665039062,183529700
2026-01-06,190.07522846701318,191.72137039337454,186.3838692947835,186.80288696289062,176862600
2026-01-07,188.12978540958392,190.9232365533545,186.12446806753155,188.66851806640625,153543200
2026-01-08,188.66852284990722,189.10749810453436,183.28113525242415,184.60801696777344,172457000
2026-01-09,184.64792389684447,185.9049768874807,183.2412119543349,184.42843627929688,131327500
2026-01-12,182.79226917353867,186.6831584288149,182.59273912358015,184.5082550048828,137968500
2026-01-13,184.56809890645206,187.6708389078061,182.97182817799478,185.37620544433594,160128900
2026-01-14,183.88970125566945,184.02937380837906,180.37791464347094,182.7124481201172,159586100
2026-01-15,186.06460797964908,189.25713440169068,185.895006678512,186.6133270263672,206188600
2026-01-16,188.63859508159712,189.99542077422674,185.64559857342888,185.7952423095703,187967200
2026-01-20,181.4753422141945,181.95423259865512,177.1953640623503,177.654296875,223345300
2026-01-21,178.6320081827799,184.94723253133864,177.9835164834521,182.8920440673828,200381000
2026-01-22,184.31869154642928,185.7353746560278,183.5005985718231,184.40847778320312,139636600
2026-01-23,187.06227125943187,189.15737478680413,186.38386606278428,187.23187255859375,142748100
2026-01-26,186.7230748442759,188.6784906596197,185.55580805974404,186.03468322753906,124799600
2026-01-27,186.80288446054914,189.55643562401056,185.2664711415707,188.07989501953125,143711600
2026-01-28,190.82347487286611,191.9009553855833,189.3968053634026,191.07289123535156,148552700
2026-01-29,190.89331059974717,193.0283141326731,185.62563804704834,192.06057739257812,171764400
2026-01-30,190.76362243793778,194.0359639826301,189.0276790286862,190.68380737304688,179489500
2026-02-02,186.7629659025267,189.8557348322644,184.44839001538193,185.1766815185547,165794100
2026-02-03,185.8052266227915,185.83515536968403,175.8185853097543,179.9189910888672,204019600
2026-02-04,179.04105715530034,179.16077214377114,171.50867959294058,173.78335571289062,207014100
2026-02-05,174.52161198787914,176.40721432559468,170.63072277473634,171.47874450683594,206312900
2026-02-06,176.27751351666032,186.56344202919422,174.19239634754115,184.97715759277344,231346200
2026-02-09,183.8298238555102,193.20788788877485,183.5205500126207,189.59632873535156,196387400
2026-02-10,190.93321971968697,192.0306425866914,187.6808205923615,188.09983825683594,136764800
2026-02-11,192.00071425091673,192.80882083578368,188.329312674443,189.6063232421875,144192700
2026-02-12,192.5793648877844,193.1580126884611,186.07458174632154,186.5035858154297,189932500
2026-02-13,187.04230481693136,187.0622623874058,181.16605622339495,182.38320922851562,161888000
2026-02-17,181.3256935584433,186.71308084037668,178.76168607280786,184.53817749023438,162276900
2026-02-18,188.3093443160685,189.92555739322245,186.3239846890322,187.5411376953125,164749100
2026-02-19,186.62329889395997,187.9900957055448,185.22657333636724,187.46133422851562,126554500
2026-02-20,186.13444888465776,189.88566546751952,185.5059147845697,189.37686157226562,178422300
2026-02-23,190.9531547742145,193.49720463285962,189.13741163084848,191.10281372070312,171584800
2026-02-24,191.04296985904048,193.31764595479845,186.96250644177093,192.39979553222656,175123600
2026-02-25,193.9960453222018,197.16862939564908,193.33758246616242,195.10345458984375,250637100
2026-02-26,193.81648130196652,193.83642365132246,183.8897126034445,184.4583740234375,360807900
2026-02-27,180.82687141264745,182.16373952566906,175.96824531148394,176.77635192871094,311636500
2026-03-02,174.6014235260267,183.03170868955394,174.23229218389588,182.05398559570312,209095300
2026-03-03,178.07331350693755,180.4776756968921,176.50697142699124,179.62966918945312,178099400
2026-03-04,180.01874995283958,184.26879914121506,179.6396322236537,182.6126708984375,177731200
2026-03-05,180.74703993972415,183.63029235671348,177.46472744924466,182.91197204589844,198779700
2026-03-06,179.4201653790109,182.33334690173646,176.40722643712078,177.40489196777344,189021900
2026-03-09,176.4171968477281,182.4830050745951,175.1501573668019,182.22360229492188,177213600
2026-03-10,181.97417604353973,186.00475307627937,181.5850871183009,184.33865356445312,179118500
2026-03-11,185.4860219488843,187.1921136401388,184.02934488988058,185.60574340820312,145280400
2026-03-12,183.63026415055788,184.5182338343672,181.3355064165816,182.7223358154297,155762700
2026-03-13,184.49829181300376,185.66562182453413,179.52965286608148,179.8389434814453,160988400
2026-03-16,182.55272468439094,188.44925014875608,180.99628481489137,182.80215454101562,217307400
2026-03-17,184.63797319169822,184.9771941770484,181.2656763194747,181.51510620117188,182497800
2026-03-18,182.06384475172882,182.96180140975886,179.91875397930713,179.98858642578125,156683100
2026-03-19,177.6040222894031,179.56953069628346,175.3890840362079,178.15277099609375,170968500
2026-03-20,177.59406866914642,177.85347025510498,171.32839150930033,172.30615234375,241323500
2026-03-23,176.85574153065542,177.96321071223454,174.36144294367455,175.23944091796875,182836300
2026-03-24,174.4312942297872,175.81812366395545,173.58322660302642,174.80044555664062,147667800
2026-03-25,176.69612335614488,180.8067226806179,176.44669348987364,178.2725067138672,162602100
2026-03-26,175.66847416549638,176.10745794358192,170.74970926821888,170.8494873046875,186152200
2026-03-27,169.61230999497113,170.58009909933227,166.629123297364,167.13796997070312,196212700
2026-03-30,168.3950875250076,169.0635577295173,163.89537828689438,164.79331970214844,185627000
2026-03-31,166.58921042239905,174.22175778800025,166.57923870897636,174.00225830078125,226181300
2026-04-01,175.5986119754623,176.9654826629128,174.35146274268203,175.34918212890625,168132000
2026-04-02,171.78733317216196,177.0852364118599,170.97918282725632,176.98545837402344,143143200
2026-04-06,176.75597747742694,177.3845303646084,175.35916114415525,177.23487854003906,107564300
2026-04-07,175.32922705160684,177.8235255680002,173.26395579650787,177.69383239746094,132534900
2026-04-08,184.079243714486,184.83750503722598,179.8888249511496,181.66476440429688,147732700
2026-04-09,181.42531387192042,183.66021107746678,180.2080948395415,183.4906005859375,116428500
2026-04-10,183.88967366981893,189.56669990817062,183.87970195572368,188.1998291015625,160459500
2026-04-13,185.605746824658,189.2274732756209,185.3164148846483,188.87826538085938,133648200
2026-04-14,190.40477641072036,196.0618438720703,190.33494396561244,196.0618438720703,161307000
2026-04-15,196.09178511161633,199.94298301571828,195.2936216855987,198.41647338867188,185338400
2026-04-16,196.97974400923295,199.39423847906178,195.36344336942167,197.8976593017578,134012900
2026-04-17,199.44410763257105,201.2400056483541,198.8155547450397,201.2200469970703,160324400
2026-04-20,199.52392392325544,201.70893187328167,197.38880498867078,201.59918212890625,119381400
2026-04-21,201.66904795828867,202.28762917830338,198.54618104306965,199.42417907714844,107945300
2026-04-22,200.53164182940822,202.03819274902344,198.54617460274403,202.03819274902344,107501000
2026-04-23,201.99828375930824,203.3651545152774,196.77022843278436,199.18470764160156,113561800
2026-04-24,199.50398270942756,210.46890943516505,199.35431566144254,207.79502868652344,214134400
2026-04-27,209.17187844164343,216.33551207209098,206.90706623150768,216.1160125732422,187172400
2026-04-28,209.01225288404052,214.2402930542568,207.72518626919629,212.68385314941406,180275400
2026-04-29,212.2149257168926,212.23488436877426,207.10660696252424,208.77279663085938,123711800
2026-04-30,209.45122654333912,209.82039307402036,198.24684193288383,199.1148681640625,225239200
2026-05-01,200.82098460367052,202.5370634031337,196.6704677294345,197.9974365234375,128647000
2026-05-04,199.04502180842945,201.2699318245734,194.29588290907526,198.02734375,125368100
2026-05-05,198.84548202478717,199.7833407086998,195.58293528206713,196.05186462402344,113406600
2026-05-06,199.43413852494058,207.7950323152332,198.15705885791613,207.3560333251953,188362800
2026-05-07,207.86487247229027,213.7115092245668,206.02907228582575,211.01766967773438,168307900
2026-05-08,212.5441790763045,217.30330524675068,212.40449895841255,214.709228515625,136421400
2026-05-11,213.55186573785767,221.79303819063418,213.40221390900197,218.93955993652344,160685800
2026-05-12,218.05159434962442,223.23973257586303,214.42986778297353,220.27650451660156,159176600
2026-05-13,224.41703053540263,227.32039781394542,221.0647077692387,225.3149871826172,150405400
2026-05-14,229.32582552778115,236.00055597235212,228.77707677625682,235.202392578125,180782900
2026-05-15,229.23601388526635,230.97205119780003,223.72861351776262,224.80615234375,180977600
2026-05-18,229.34577348371204,229.4754818886306,217.8719993892805,221.81300354003906,146280900
2026-05-19,219.11914008419038,223.96805720569674,217.41304835521052,220.1068878173828,140948200
2026-05-20,222.6710257508039,225.61431038954527,219.9971448577806,222.9603729248047,184201600
2026-05-21,221.78305837384474,226.8814055684356,217.43300079554024,219.0093994140625,203381800
2026-05-22,220.39621757095847,220.50596731800164,214.3101381389001,214.83892822265625,169275700
2026-05-26,216.04617181279934,217.68243116855118,211.5165320236786,214.37001037597656,187202600
2026-05-27,213.63168066177133,213.66161102691768,208.30386252985457,212.1151580810547,167601200
2026-05-28,210.79817024571656,215.0285063161196,210.73830951283205,213.7613983154297,143996000
2026-05-29,214.09065053210412,217.36316924965476,210.64852132770383,210.6584930419922,289410600
2026-06-01,215.23801892090273,224.35717434911126,215.20808855445495,223.8483428955078,212850700
2026-06-02,226.66188583823322,231.75026086454594,220.84519513709748,222.3118438720703,193362900
2026-06-03,221.2143597561905,222.31185725112735,214.02079575535723,214.26025390625,160907000
2026-06-04,213.67091279390368,221.35231998810906,210.73419644348996,218.4156036376953,169022200
2026-06-05,214.2902104723603,214.62982678346356,204.10161444712602,204.87075805664062,219655500
2026-06-08,209.94507132882276,210.23475572682116,205.76975069388217,208.40679931640625,138372800
2026-06-09,210.3845825512031,211.16370951624515,199.11719156565087,207.95730590820312,180962500
2026-06-10,204.20149632565034,206.98838641050182,199.696542748819,200.19598388671875,161746600
2026-06-11,201.26479475008583,205.43013200106668,199.31696212361035,204.64100646972656,158643200
2026-06-12,204.6310298517525,206.83856645475237,203.21261880599855,204.96066284179688,112001800
2026-06-15,208.68648640498938,212.47225882321928,208.10713284720606,212.21253967285156,149936700
2026-06-16,210.94395209283806,211.25361840198772,207.05830064217733,207.1781768798828,125694100
2026-06-17,208.29691745433288,208.9761653200819,202.8530121596522,204.42124938964844,128363500
2026-06-18,207.09826842291386,211.1537281092123,206.26919428756833,210.4545135498047,241272000
2026-06-22,211.2036686200953,213.7508214450341,207.48782537372824,208.41677856445312,122041400
2026-06-23,201.94403040148535,203.54224815949766,199.77645766483005,199.81640625,153496200
2026-06-24,199.89631590195674,201.44458647582786,196.36027935647695,198.77757263183594,151810700
2026-06-25,199.85637045714446,200.5755669254449,191.9152592982058,195.52122497558594,149550000
2026-06-26,192.90414096411192,195.33143282930595,191.0062707295152,192.31480407714844,179304100
2026-06-29,193.63333194293918,195.96071419295149,189.58785574691487,194.7520751953125,148835700
2026-06-30,197.0195429632178,200.4057532237791,194.89191886651452,199.86634826660156,166476700
2026-07-01,195.98069896251877,199.62662840490702,193.23377271109229,197.35916137695312,146147600
2026-07-02,196.9196593659626,199.8363939026278,192.1350197738411,194.61224365234375,142068700
2026-07-06,194.20269428466304,197.32920075051607,193.77318221313826,195.33143615722656,108999000
2026-07-07,192.15498377986222,198.18824142626735,190.92636281467173,196.7098846435547,124154600
2026-07-08,194.9618356993413,204.93069180759116,194.84197470333905,203.891845703125,147419100
2026-07-09,204.23147485952867,204.36131918975943,198.73762239526957,202.5533447265625,132037400
2026-07-10,201.7742207048944,210.7641612313501,201.69430829342895,210.72421264648438,148421000
2026-07-13,208.3069001369788,210.33464515051216,202.77309911383117,203.30250549316406,121411000
2026-07-14,207.96729575339148,212.31243993744155,203.57221964678251,211.5632781982422,124379600
2026-07-15,211.7230919717581,213.57101502024952,205.80969553973085,212.26248168945312,124797200
2026-07-16,209.93509060438328,210.84407715298516,205.61992700554663,207.16818237304688,122986100
2026-07-17,202.41350482950477,206.41901728963356,197.74872640584337,202.58331298828125,144281900
2026-07-20,205.63989694335598,207.50781723343968,202.05391309694542,203.05279541015625,88701500
2026-07-21,207.30802440628602,208.4167843613107,203.78197113093626,207.0583038330078,108685600
2026-07-22,205.57996827489498,214.15038042761168,204.72092886821054,211.82298278808594,137645600
2026-07-23,209.22588688656515,210.63429930291466,205.72979894313582,208.5266571044922,110505300
2026-07-24,207.21812923496972,211.6731509810223,204.5810805834776,206.6088104248047,114836800
2026-07-27,207.96729627325774,208.51668459839084,195.22156333884286,196.2903594970703,154353700
2026-07-28,194.78204700134697,198.47790843456414,192.52457850774027,196.789794921875,134111500
2026-07-29,195.63110696844683,196.84974460884015,189.79762268066406,189.79762268066406,147680800
2026-07-30,193.23377181769484,197.02952748682713,191.3059363552755,194.82199096679688,129010200
2026-07-31,198.2182038580375,201.77422236802423,194.73209918257555,200.52561950683594,139961200
2026-08-03,197.46904862701152,208.50670133078404,196.62999113475112,206.40904235839844,128406900
2026-08-04,211.06382570110384,212.82185300096492,208.8163406042335,211.70310974121094,134922000
2026-08-05,216.6176127852948,221.9716224388697,216.15812022814887,218.9749755859375,158187400
2026-08-06,221.28239358061882,223.38005249670454,216.75745800384053,218.7452392578125,113940600
2026-08-07,221.29237770419127,224.50877992471257,220.41337164588714,223.70968627929688,105669400
2026-08-10,223.15029107269072,223.88946943306019,216.5277120448001,217.3068389892578,115846600
2026-08-11,221.92167541427946,221.9516406634887,215.95834695389817,217.25689697265625,101273100
2026-08-12,220.7929293559802,224.84840415873398,219.95387191061064,223.8395233154297,108783600
2026-08-13,224.80845001468583,226.97602279610956,223.45996804263754,225.04818725585938,98867200
2026-08-14,226.51654155338588,227.23573802273873,224.24907448357243,224.90834045410156,75680900
2026-08-17,225.72741618855906,227.66525027466162,224.60867289832842,224.7584991455078,93678700
2026-08-18,220.20359791537197,221.39227027986857,218.44557057093272,219.49440002441406,103128200
2026-08-19,221.4222404106533,222.62089613745684,216.51772459764655,217.31683349609375,96797300
2026-08-20,218.1159423024499,219.6142657707553,215.41896310784705,216.60763549804688,92457000
2026-08-21,218.17587248780362,218.49552214328025,214.26025565862156,214.48001098632812,98869300
2026-08-24,215.28910206110334,215.34903256074918,207.01835779182306,208.24697875976562,135187300
2026-08-25,210.79412790131315,214.48998931653267,209.87515802586688,212.81187438964844,122309000
2026-08-26,212.40232405945306,213.3612577394914,208.99613188036045,209.4256591796875,179900000
2026-08-27,222.61090164325523,230.21239627098788,220.6530857022795,227.7251739501953,298909800
2026-08-28,227.10587153371227,229.00374173344596,216.56766062888835,217.3068389892578,195116400
2026-08-31,218.62536478578363,221.05265670783686,215.96834944345454,220.53323364257812,124702700
2026-09-01,216.50774446342592,220.1636574397174,214.8595947199138,217.1969757080078,109756200
2026-09-02,218.5454508199983,227.6952163087265,218.23579974693772,224.1591796875,157104700
2026-09-03,225.76737972053164,230.14247379152744,224.49879494304554,228.1946563720703,134681600
2026-09-04,230.83170360414334,234.49759976142684,229.37334400327853,230.10252380371094,135352400
2026-09-08,232.84944771666764,233.44878317831424,224.59868561283858,225.47769165039062,122965600
2026-09-09,225.0281992525124,225.92718720955042,223.21024142511232,223.4199981689453,82955500
2026-09-10,220.52999877929688,220.99000549316406,217.1999969482422,218.36000061035156,105768000
2026-09-11,221.24000549316406,222.0,218.14999389648438,218.2899932861328,89060100
2026-09-14,211.24000549316406,212.77000427246094,208.92999267578125,210.9600067138672,132267200
2026-09-15,213.3800048828125,213.94000244140625,211.16000366210938,212.1699981689453,88059700
2026-09-16,214.13999938964844,216.75999450683594,212.5,213.89999389648438,96563600
2026-09-17,218.38800048828125,219.89999389648438,217.14500427246094,219.33999633789062,92249429
